(module $polars_demo.wasm
  (type (;0;) (func (param i32)))
  (type (;1;) (func (param i32 i32)))
  (type (;2;) (func (param i32 i32) (result i32)))
  (type (;3;) (func (param i32 i32 i32) (result i32)))
  (type (;4;) (func (param i32 i32 i32)))
  (type (;5;) (func (param i32 i32 i32 i32) (result i32)))
  (type (;6;) (func (param i64)))
  (type (;7;) (func (param i32 i32 i32 i32)))
  (type (;8;) (func (param i32) (result i32)))
  (type (;9;) (func))
  (type (;10;) (func (result i32)))
  (type (;11;) (func (param i32 i32 i32 i32 i32)))
  (type (;12;) (func (param i32 i32 i32 i32 i32) (result i32)))
  (type (;13;) (func (param i32 i32 i32 i32 i32 i32 i32)))
  (type (;14;) (func (param i32 i32 i32 i32 i32 i32) (result i32)))
  (type (;15;) (func (param i32 i32 i32 i32 i32 i32 i32 i32 i32 i32 i32) (result i32)))
  (type (;16;) (func (param i64 i32 i32) (result i32)))
  (import "wasi_snapshot_preview1" "fd_write" (func $_ZN4wasi13lib_generated22wasi_snapshot_preview18fd_write17ha00599181712af4eE (;0;) (type 5)))
  (import "wasi_snapshot_preview1" "environ_get" (func $__imported_wasi_snapshot_preview1_environ_get (;1;) (type 2)))
  (import "wasi_snapshot_preview1" "environ_sizes_get" (func $__imported_wasi_snapshot_preview1_environ_sizes_get (;2;) (type 2)))
  (import "wasi_snapshot_preview1" "proc_exit" (func $__imported_wasi_snapshot_preview1_proc_exit (;3;) (type 0)))
  (table (;0;) 51 51 funcref)
  (memory (;0;) 17)
  (global $__stack_pointer (;0;) (mut i32) i32.const 1048576)
  (export "memory" (memory 0))
  (export "polars_demo" (func $polars_demo.command_export))
  (elem (;0;) (i32.const 1) func $_ZN4core3fmt3num3imp52_$LT$impl$u20$core..fmt..Display$u20$for$u20$i64$GT$3fmt17h6acb5dc6e160362dE $_ZN3std2io5Write9write_fmt17hb132ef5d7d0f0861E $_ZN3std2io5Write9write_fmt17h17cd98345c6a3228E $_ZN44_$LT$$RF$T$u20$as$u20$core..fmt..Display$GT$3fmt17hcbd266dff25bea63E $_ZN4core3fmt3num3imp52_$LT$impl$u20$core..fmt..Display$u20$for$u20$i32$GT$3fmt17ha95e7447e67b0c23E $_ZN60_$LT$alloc..string..String$u20$as$u20$core..fmt..Display$GT$3fmt17h05f9a78295b9ebc6E $_ZN60_$LT$std..io..error..Error$u20$as$u20$core..fmt..Display$GT$3fmt17h9102f518a2a9764cE $_ZN4core3fmt3num3imp52_$LT$impl$u20$core..fmt..Display$u20$for$u20$u32$GT$3fmt17h069aaf0488591e89E $_ZN44_$LT$$RF$T$u20$as$u20$core..fmt..Display$GT$3fmt17ha143aec714031e04E $_ZN84_$LT$std..sys..backtrace.._print..DisplayBacktrace$u20$as$u20$core..fmt..Display$GT$3fmt17h9930c3231e53f5a3E $_ZN52_$LT$$RF$mut$u20$T$u20$as$u20$core..fmt..Display$GT$3fmt17hfbf32926963999c3E $_ZN3std5alloc24default_alloc_error_hook17h8927578e3ed1baaeE $_ZN42_$LT$$RF$T$u20$as$u20$core..fmt..Debug$GT$3fmt17h43d4d47e25f87c58E $_ZN42_$LT$$RF$T$u20$as$u20$core..fmt..Debug$GT$3fmt17hf8dd2a488afb04c5E $_ZN4core3fmt3num52_$LT$impl$u20$core..fmt..Debug$u20$for$u20$usize$GT$3fmt17hd9bc4b0018bce1e0E $_ZN42_$LT$$RF$T$u20$as$u20$core..fmt..Debug$GT$3fmt17hec704c03c5dda9f0E $_ZN4core3ptr88drop_in_place$LT$std..io..Write..write_fmt..Adapter$LT$alloc..vec..Vec$LT$u8$GT$$GT$$GT$17ha922bc6fee113122E $_ZN80_$LT$std..io..Write..write_fmt..Adapter$LT$T$GT$$u20$as$u20$core..fmt..Write$GT$9write_str17h21e7109270efd78dE $_ZN4core3fmt5Write10write_char17h4d603835c5fc0ec5E $_ZN4core3fmt5Write9write_fmt17hc4e9e0185c753da6E $_ZN4core3ptr42drop_in_place$LT$alloc..string..String$GT$17h721bf159df3318f7E $_ZN58_$LT$alloc..string..String$u20$as$u20$core..fmt..Write$GT$9write_str17h2ba2045d116a23f9E $_ZN58_$LT$alloc..string..String$u20$as$u20$core..fmt..Write$GT$10write_char17h26e11b154fa76bb3E $_ZN4core3fmt5Write9write_fmt17h98fa7ad37588b6eeE $_ZN80_$LT$std..io..Write..write_fmt..Adapter$LT$T$GT$$u20$as$u20$core..fmt..Write$GT$9write_str17h7e240b4dc13a0e8aE $_ZN4core3fmt5Write10write_char17h1519796cc5bd3b2eE $_ZN4core3fmt5Write9write_fmt17hc58d98f826a0fc51E $_ZN80_$LT$std..io..Write..write_fmt..Adapter$LT$T$GT$$u20$as$u20$core..fmt..Write$GT$9write_str17h62eaaf87844015beE $_ZN4core3fmt5Write10write_char17h68be9fbb8bf57b9eE $_ZN4core3fmt5Write9write_fmt17hc6df93ecd2d4a93bE $_ZN36_$LT$T$u20$as$u20$core..any..Any$GT$7type_id17h40e9b4d32ca1e99bE $_ZN36_$LT$T$u20$as$u20$core..any..Any$GT$7type_id17h2d6f076e8067c2a2E $_ZN92_$LT$std..panicking..begin_panic_handler..StaticStrPayload$u20$as$u20$core..fmt..Display$GT$3fmt17h94ccab2e1fcfa18eE $_ZN99_$LT$std..panicking..begin_panic_handler..StaticStrPayload$u20$as$u20$core..panic..PanicPayload$GT$8take_box17h7184e12287bbc012E $_ZN99_$LT$std..panicking..begin_panic_handler..StaticStrPayload$u20$as$u20$core..panic..PanicPayload$GT$3get17h7f1744e6900ecf22E $_ZN99_$LT$std..panicking..begin_panic_handler..StaticStrPayload$u20$as$u20$core..panic..PanicPayload$GT$6as_str17h954ffaa94e674771E $_ZN4core3ptr77drop_in_place$LT$std..panicking..begin_panic_handler..FormatStringPayload$GT$17hbded71bd92f5158bE $_ZN95_$LT$std..panicking..begin_panic_handler..FormatStringPayload$u20$as$u20$core..fmt..Display$GT$3fmt17hb7d26d8cdb834892E $_ZN102_$LT$std..panicking..begin_panic_handler..FormatStringPayload$u20$as$u20$core..panic..PanicPayload$GT$8take_box17h17dc3fd87dabc67cE $_ZN102_$LT$std..panicking..begin_panic_handler..FormatStringPayload$u20$as$u20$core..panic..PanicPayload$GT$3get17h39479f0fde9a7c54E $_ZN4core5panic12PanicPayload6as_str17h79faf2cd7e73e5fdE $_ZN64_$LT$core..str..error..Utf8Error$u20$as$u20$core..fmt..Debug$GT$3fmt17h2739b43b57a20156E $_ZN69_$LT$core..alloc..layout..LayoutError$u20$as$u20$core..fmt..Debug$GT$3fmt17h93e42309857f2ecbE $_ZN63_$LT$core..cell..BorrowMutError$u20$as$u20$core..fmt..Debug$GT$3fmt17hcd11db4dd5e62271E $_ZN42_$LT$$RF$T$u20$as$u20$core..fmt..Debug$GT$3fmt17h41ebbf57dea1d925E $_ZN44_$LT$$RF$T$u20$as$u20$core..fmt..Display$GT$3fmt17hf69fe573ba269e61E $_ZN59_$LT$core..fmt..Arguments$u20$as$u20$core..fmt..Display$GT$3fmt17h29d428313702e69eE $_ZN68_$LT$core..fmt..builders..PadAdapter$u20$as$u20$core..fmt..Write$GT$9write_str17h5c8e036506c900b1E $_ZN68_$LT$core..fmt..builders..PadAdapter$u20$as$u20$core..fmt..Write$GT$10write_char17h52a6b8053b63ead6E $_ZN4core3fmt5Write9write_fmt17h61441180cd0c895bE)
  (func $polars_demo (;4;) (type 6) (param i64)
    (local i32)
    global.get $__stack_pointer
    i32.const 48
    i32.sub
    local.tee 1
    global.set $__stack_pointer
    local.get 1
    local.get 0
    i64.store offset=8
    local.get 1
    i32.const 2
    i32.store offset=20
    local.get 1
    i32.const 1048596
    i32.store offset=16
    local.get 1
    i64.const 1
    i64.store offset=28 align=4
    local.get 1
    i32.const 1
    i64.extend_i32_u
    i64.const 32
    i64.shl
    local.get 1
    i32.const 8
    i32.add
    i64.extend_i32_u
    i64.or
    i64.store offset=40
    local.get 1
    local.get 1
    i32.const 40
    i32.add
    i32.store offset=24
    local.get 1
    i32.const 16
    i32.add
    call $_ZN3std2io5stdio6_print17hb98dddabc0032f19E
    local.get 1
    i32.const 48
    i32.add
    global.set $__stack_pointer
  )
  (func $__rust_alloc (;5;) (type 2) (param i32 i32) (result i32)
    (local i32)
    local.get 0
    local.get 1
    call $__rdl_alloc
    local.set 2
    local.get 2
    return
  )
  (func $__rust_dealloc (;6;) (type 4) (param i32 i32 i32)
    local.get 0
    local.get 1
    local.get 2
    call $__rdl_dealloc
    return
  )
  (func $__rust_realloc (;7;) (type 5) (param i32 i32 i32 i32) (result i32)
    (local i32)
    local.get 0
    local.get 1
    local.get 2
    local.get 3
    call $__rdl_realloc
    local.set 4
    local.get 4
    return
  )
  (func $__rust_alloc_error_handler (;8;) (type 1) (param i32 i32)
    local.get 0
    local.get 1
    call $__rg_oom
    return
  )
  (func $_ZN36_$LT$T$u20$as$u20$core..any..Any$GT$7type_id17h2d6f076e8067c2a2E (;9;) (type 1) (param i32 i32)
    local.get 0
    i64.const 7199936582794304877
    i64.store offset=8
    local.get 0
    i64.const -5076933981314334344
    i64.store
  )
  (func $_ZN36_$LT$T$u20$as$u20$core..any..Any$GT$7type_id17h40e9b4d32ca1e99bE (;10;) (type 1) (param i32 i32)
    local.get 0
    i64.const -4005484677865878087
    i64.store offset=8
    local.get 0
    i64.const -1568156429473123917
    i64.store
  )
  (func $_ZN42_$LT$$RF$T$u20$as$u20$core..fmt..Debug$GT$3fmt17h43d4d47e25f87c58E (;11;) (type 2) (param i32 i32) (result i32)
    (local i32)
    local.get 0
    i32.load
    local.set 0
    block ;; label = @1
      local.get 1
      i32.load offset=28
      local.tee 2
      i32.const 16
      i32.and
      br_if 0 (;@1;)
      block ;; label = @2
        local.get 2
        i32.const 32
        i32.and
        br_if 0 (;@2;)
        local.get 0
        local.get 1
        call $_ZN4core3fmt3num3imp51_$LT$impl$u20$core..fmt..Display$u20$for$u20$u8$GT$3fmt17h2ec5687a705c837dE
        return
      end
      local.get 0
      local.get 1
      call $_ZN4core3fmt3num52_$LT$impl$u20$core..fmt..UpperHex$u20$for$u20$i8$GT$3fmt17h09185694da77f675E
      return
    end
    local.get 0
    local.get 1
    call $_ZN4core3fmt3num52_$LT$impl$u20$core..fmt..LowerHex$u20$for$u20$i8$GT$3fmt17hcfe814249022218aE
  )
  (func $_ZN42_$LT$$RF$T$u20$as$u20$core..fmt..Debug$GT$3fmt17hec704c03c5dda9f0E (;12;) (type 2) (param i32 i32) (result i32)
    (local i32)
    global.get $__stack_pointer
    i32.const 16
    i32.sub
    local.tee 2
    global.set $__stack_pointer
    block ;; label = @1
      block ;; label = @2
        local.get 0
        i32.load
        local.tee 0
        i32.load8_u
        br_if 0 (;@2;)
        local.get 1
        i32.const 1048961
        i32.const 4
        call $_ZN4core3fmt9Formatter9write_str17h68a0391ec6917d15E
        local.set 0
        br 1 (;@1;)
      end
      local.get 2
      local.get 0
      i32.const 1
      i32.add
      i32.store offset=12
      local.get 1
      i32.const 1048965
      i32.const 4
      local.get 2
      i32.const 12
      i32.add
      i32.const 1048612
      call $_ZN4core3fmt9Formatter25debug_tuple_field1_finish17hb19dff17533bcb65E
      local.set 0
    end
    local.get 2
    i32.const 16
    i32.add
    global.set $__stack_pointer
    local.get 0
  )
  (func $_ZN42_$LT$$RF$T$u20$as$u20$core..fmt..Debug$GT$3fmt17hf8dd2a488afb04c5E (;13;) (type 2) (param i32 i32) (result i32)
    local.get 0
    i32.load
    local.get 1
    call $_ZN43_$LT$bool$u20$as$u20$core..fmt..Display$GT$3fmt17h3e64010fd10608a2E
  )
  (func $_ZN44_$LT$$RF$T$u20$as$u20$core..fmt..Display$GT$3fmt17ha143aec714031e04E (;14;) (type 2) (param i32 i32) (result i32)
    local.get 0
    i32.load
    local.get 1
    call $_ZN70_$LT$core..panic..location..Location$u20$as$u20$core..fmt..Display$GT$3fmt17hc6c59974db3ea348E
  )
  (func $_ZN44_$LT$$RF$T$u20$as$u20$core..fmt..Display$GT$3fmt17hcbd266dff25bea63E (;15;) (type 2) (param i32 i32) (result i32)
    local.get 0
    i32.load
    local.get 0
    i32.load offset=4
    local.get 1
    call $_ZN42_$LT$str$u20$as$u20$core..fmt..Display$GT$3fmt17h769b373b40599ef6E
  )
  (func $_ZN4core3fmt3num52_$LT$impl$u20$core..fmt..Debug$u20$for$u20$usize$GT$3fmt17hd9bc4b0018bce1e0E (;16;) (type 2) (param i32 i32) (result i32)
    (local i32)
    block ;; label = @1
      local.get 1
      i32.load offset=28
      local.tee 2
      i32.const 16
      i32.and
      br_if 0 (;@1;)
      block ;; label = @2
        local.get 2
        i32.const 32
        i32.and
        br_if 0 (;@2;)
        local.get 0
        local.get 1
        call $_ZN4core3fmt3num3imp52_$LT$impl$u20$core..fmt..Display$u20$for$u20$u32$GT$3fmt17h069aaf0488591e89E
        return
      end
      local.get 0
      local.get 1
      call $_ZN4core3fmt3num53_$LT$impl$u20$core..fmt..UpperHex$u20$for$u20$i32$GT$3fmt17h9cef76ce7c21a880E
      return
    end
    local.get 0
    local.get 1
    call $_ZN4core3fmt3num53_$LT$impl$u20$core..fmt..LowerHex$u20$for$u20$i32$GT$3fmt17hddd37732027b7b81E
  )
  (func $_ZN4core3fmt5Write10write_char17h1519796cc5bd3b2eE (;17;) (type 2) (param i32 i32) (result i32)
    (local i32)
    global.get $__stack_pointer
    i32.const 16
    i32.sub
    local.tee 2
    global.set $__stack_pointer
    local.get 2
    i32.const 0
    i32.store offset=12
    block ;; label = @1
      block ;; label = @2
        block ;; label = @3
          block ;; label = @4
            local.get 1
            i32.const 128
            i32.lt_u
            br_if 0 (;@4;)
            local.get 1
            i32.const 2048
            i32.lt_u
            br_if 1 (;@3;)
            local.get 1
            i32.const 65536
            i32.ge_u
            br_if 2 (;@2;)
            local.get 2
            local.get 1
            i32.const 63
            i32.and
            i32.const 128
            i32.or
            i32.store8 offset=14
            local.get 2
            local.get 1
            i32.const 12
            i32.shr_u
            i32.const 224
            i32.or
            i32.store8 offset=12
            local.get 2
            local.get 1
            i32.const 6
            i32.shr_u
            i32.const 63
            i32.and
            i32.const 128
            i32.or
            i32.store8 offset=13
            i32.const 3
            local.set 1
            br 3 (;@1;)
          end
          local.get 2
          local.get 1
          i32.store8 offset=12
          i32.const 1
          local.set 1
          br 2 (;@1;)
        end
        local.get 2
        local.get 1
        i32.const 63
        i32.and
        i32.const 128
        i32.or
        i32.store8 offset=13
        local.get 2
        local.get 1
        i32.const 6
        i32.shr_u
        i32.const 192
        i32.or
        i32.store8 offset=12
        i32.const 2
        local.set 1
        br 1 (;@1;)
      end
      local.get 2
      local.get 1
      i32.const 63
      i32.and
      i32.const 128
      i32.or
      i32.store8 offset=15
      local.get 2
      local.get 1
      i32.const 6
      i32.shr_u
      i32.const 63
      i32.and
      i32.const 128
      i32.or
      i32.store8 offset=14
      local.get 2
      local.get 1
      i32.const 12
      i32.shr_u
      i32.const 63
      i32.and
      i32.const 128
      i32.or
      i32.store8 offset=13
      local.get 2
      local.get 1
      i32.const 18
      i32.shr_u
      i32.const 7
      i32.and
      i32.const 240
      i32.or
      i32.store8 offset=12
      i32.const 4
      local.set 1
    end
    local.get 0
    local.get 2
    i32.const 12
    i32.add
    local.get 1
    call $_ZN80_$LT$std..io..Write..write_fmt..Adapter$LT$T$GT$$u20$as$u20$core..fmt..Write$GT$9write_str17h7e240b4dc13a0e8aE
    local.set 1
    local.get 2
    i32.const 16
    i32.add
    global.set $__stack_pointer
    local.get 1
  )
  (func $_ZN80_$LT$std..io..Write..write_fmt..Adapter$LT$T$GT$$u20$as$u20$core..fmt..Write$GT$9write_str17h7e240b4dc13a0e8aE (;18;) (type 3) (param i32 i32 i32) (result i32)
    (local i32 i32 i32 i64)
    global.get $__stack_pointer
    i32.const 16
    i32.sub
    local.tee 3
    global.set $__stack_pointer
    i32.const 0
    local.set 4
    block ;; label = @1
      local.get 2
      i32.eqz
      br_if 0 (;@1;)
      loop ;; label = @2
        local.get 3
        local.get 2
        i32.store offset=4
        local.get 3
        local.get 1
        i32.store
        local.get 3
        i32.const 8
        i32.add
        i32.const 2
        local.get 3
        i32.const 1
        call $_ZN4wasi13lib_generated8fd_write17h6d66c9f78bab1464E
        block ;; label = @3
          block ;; label = @4
            block ;; label = @5
              block ;; label = @6
                local.get 3
                i32.load16_u offset=8
                br_if 0 (;@6;)
                block ;; label = @7
                  local.get 3
                  i32.load offset=12
                  local.tee 5
                  br_if 0 (;@7;)
                  i32.const 0
                  i64.load offset=1050336
                  local.set 6
                  br 2 (;@5;)
                end
                local.get 2
                local.get 5
                i32.ge_u
                br_if 2 (;@4;)
                local.get 5
                local.get 2
                i32.const 1050344
                call $_ZN4core5slice5index26slice_start_index_len_fail17hf532ad17fbd34cfbE
                unreachable
              end
              local.get 3
              i64.load16_u offset=10
              local.tee 6
              i64.const 27
              i64.eq
              br_if 2 (;@3;)
              local.get 6
              i64.const 32
              i64.shl
              local.set 6
            end
            local.get 6
            i64.const 255
            i64.and
            i64.const 4
            i64.eq
            br_if 3 (;@1;)
            local.get 0
            i32.load offset=4
            local.set 1
            block ;; label = @5
              block ;; label = @6
                local.get 0
                i32.load8_u
                local.tee 2
                i32.const 4
                i32.gt_u
                br_if 0 (;@6;)
                local.get 2
                i32.const 3
                i32.ne
                br_if 1 (;@5;)
              end
              local.get 1
              i32.load
              local.set 5
              block ;; label = @6
                local.get 1
                i32.const 4
                i32.add
                i32.load
                local.tee 2
                i32.load
                local.tee 4
                i32.eqz
                br_if 0 (;@6;)
                local.get 5
                local.get 4
                call_indirect (type 0)
              end
              block ;; label = @6
                local.get 2
                i32.load offset=4
                local.tee 4
                i32.eqz
                br_if 0 (;@6;)
                local.get 5
                local.get 4
                local.get 2
                i32.load offset=8
                call $__rust_dealloc
              end
              local.get 1
              i32.const 12
              i32.const 4
              call $__rust_dealloc
            end
            local.get 0
            local.get 6
            i64.store align=4
            i32.const 1
            local.set 4
            br 3 (;@1;)
          end
          local.get 1
          local.get 5
          i32.add
          local.set 1
          local.get 2
          local.get 5
          i32.sub
          local.set 2
        end
        local.get 2
        br_if 0 (;@2;)
      end
    end
    local.get 3
    i32.const 16
    i32.add
    global.set $__stack_pointer
    local.get 4
  )
  (func $_ZN4core3fmt5Write10write_char17h4d603835c5fc0ec5E (;19;) (type 2) (param i32 i32) (result i32)
    (local i32 i32 i64 i32 i32 i32)
    global.get $__stack_pointer
    i32.const 16
    i32.sub
    local.tee 2
    global.set $__stack_pointer
    local.get 2
    i32.const 0
    i32.store offset=4
    block ;; label = @1
      block ;; label = @2
        block ;; label = @3
          block ;; label = @4
            local.get 1
            i32.const 128
            i32.lt_u
            br_if 0 (;@4;)
            local.get 1
            i32.const 2048
            i32.lt_u
            br_if 1 (;@3;)
            local.get 1
            i32.const 65536
            i32.ge_u
            br_if 2 (;@2;)
            local.get 2
            local.get 1
            i32.const 63
            i32.and
            i32.const 128
            i32.or
            i32.store8 offset=6
            local.get 2
            local.get 1
            i32.const 12
            i32.shr_u
            i32.const 224
            i32.or
            i32.store8 offset=4
            local.get 2
            local.get 1
            i32.const 6
            i32.shr_u
            i32.const 63
            i32.and
            i32.const 128
            i32.or
            i32.store8 offset=5
            i32.const 3
            local.set 1
            br 3 (;@1;)
          end
          local.get 2
          local.get 1
          i32.store8 offset=4
          i32.const 1
          local.set 1
          br 2 (;@1;)
        end
        local.get 2
        local.get 1
        i32.const 63
        i32.and
        i32.const 128
        i32.or
        i32.store8 offset=5
        local.get 2
        local.get 1
        i32.const 6
        i32.shr_u
        i32.const 192
        i32.or
        i32.store8 offset=4
        i32.const 2
        local.set 1
        br 1 (;@1;)
      end
      local.get 2
      local.get 1
      i32.const 63
      i32.and
      i32.const 128
      i32.or
      i32.store8 offset=7
      local.get 2
      local.get 1
      i32.const 6
      i32.shr_u
      i32.const 63
      i32.and
      i32.const 128
      i32.or
      i32.store8 offset=6
      local.get 2
      local.get 1
      i32.const 12
      i32.shr_u
      i32.const 63
      i32.and
      i32.const 128
      i32.or
      i32.store8 offset=5
      local.get 2
      local.get 1
      i32.const 18
      i32.shr_u
      i32.const 7
      i32.and
      i32.const 240
      i32.or
      i32.store8 offset=4
      i32.const 4
      local.set 1
    end
    local.get 2
    i32.const 8
    i32.add
    local.get 0
    i32.load offset=8
    local.get 2
    i32.const 4
    i32.add
    local.get 1
    call $_ZN61_$LT$std..io..stdio..StdoutLock$u20$as$u20$std..io..Write$GT$9write_all17hcda52c4da44eda60E
    block ;; label = @1
      local.get 2
      i32.load8_u offset=8
      local.tee 1
      i32.const 4
      i32.eq
      br_if 0 (;@1;)
      local.get 0
      i32.load offset=4
      local.set 3
      local.get 2
      i64.load offset=8
      local.set 4
      block ;; label = @2
        block ;; label = @3
          local.get 0
          i32.load8_u
          local.tee 5
          i32.const 4
          i32.gt_u
          br_if 0 (;@3;)
          local.get 5
          i32.const 3
          i32.ne
          br_if 1 (;@2;)
        end
        local.get 3
        i32.load
        local.set 6
        block ;; label = @3
          local.get 3
          i32.const 4
          i32.add
          i32.load
          local.tee 5
          i32.load
          local.tee 7
          i32.eqz
          br_if 0 (;@3;)
          local.get 6
          local.get 7
          call_indirect (type 0)
        end
        block ;; label = @3
          local.get 5
          i32.load offset=4
          local.tee 7
          i32.eqz
          br_if 0 (;@3;)
          local.get 6
          local.get 7
          local.get 5
          i32.load offset=8
          call $__rust_dealloc
        end
        local.get 3
        i32.const 12
        i32.const 4
        call $__rust_dealloc
      end
      local.get 0
      local.get 4
      i64.store align=4
    end
    local.get 2
    i32.const 16
    i32.add
    global.set $__stack_pointer
    local.get 1
    i32.const 4
    i32.ne
  )
  (func $_ZN61_$LT$std..io..stdio..StdoutLock$u20$as$u20$std..io..Write$GT$9write_all17hcda52c4da44eda60E (;20;) (type 7) (param i32 i32 i32 i32)
    (local i32 i32 i32 i32 i32 i32 i32 i32 i64 i32)
    global.get $__stack_pointer
    i32.const 48
    i32.sub
    local.tee 4
    global.set $__stack_pointer
    block ;; label = @1
      block ;; label = @2
        block ;; label = @3
          block ;; label = @4
            block ;; label = @5
              block ;; label = @6
                block ;; label = @7
                  block ;; label = @8
                    block ;; label = @9
                      block ;; label = @10
                        local.get 1
                        i32.load
                        local.tee 5
                        i32.load offset=12
                        br_if 0 (;@10;)
                        local.get 5
                        i32.const -1
                        i32.store offset=12
                        local.get 4
                        i32.const 8
                        i32.add
                        i32.const 10
                        local.get 2
                        local.get 3
                        call $_ZN4core5slice6memchr7memrchr17heaf6f12d63cf8d2cE
                        block ;; label = @11
                          local.get 4
                          i32.load offset=8
                          br_if 0 (;@11;)
                          block ;; label = @12
                            local.get 5
                            i32.const 24
                            i32.add
                            i32.load
                            local.tee 6
                            br_if 0 (;@12;)
                            i32.const 0
                            local.set 6
                            br 9 (;@3;)
                          end
                          local.get 6
                          local.get 5
                          i32.const 20
                          i32.add
                          i32.load
                          local.tee 7
                          i32.add
                          i32.const -1
                          i32.add
                          i32.load8_u
                          i32.const 10
                          i32.ne
                          br_if 8 (;@3;)
                          i32.const 0
                          local.set 1
                          loop ;; label = @12
                            local.get 4
                            local.get 6
                            local.get 1
                            i32.sub
                            local.tee 8
                            i32.store offset=44
                            local.get 4
                            local.get 7
                            local.get 1
                            i32.add
                            local.tee 9
                            i32.store offset=40
                            local.get 4
                            i32.const 16
                            i32.add
                            i32.const 1
                            local.get 4
                            i32.const 40
                            i32.add
                            i32.const 1
                            call $_ZN4wasi13lib_generated8fd_write17h6d66c9f78bab1464E
                            block ;; label = @13
                              block ;; label = @14
                                block ;; label = @15
                                  block ;; label = @16
                                    block ;; label = @17
                                      local.get 4
                                      i32.load16_u offset=16
                                      i32.eqz
                                      br_if 0 (;@17;)
                                      local.get 8
                                      local.set 10
                                      local.get 4
                                      i32.load16_u offset=18
                                      local.tee 11
                                      i32.const 8
                                      i32.eq
                                      br_if 1 (;@16;)
                                      local.get 5
                                      i32.const 0
                                      i32.store8 offset=28
                                      local.get 11
                                      i32.const 27
                                      i32.eq
                                      br_if 4 (;@13;)
                                      local.get 11
                                      i64.extend_i32_u
                                      i64.const 32
                                      i64.shl
                                      local.set 12
                                      br 2 (;@15;)
                                    end
                                    local.get 4
                                    i32.load offset=20
                                    local.set 10
                                  end
                                  local.get 5
                                  i32.const 0
                                  i32.store8 offset=28
                                  local.get 10
                                  br_if 1 (;@14;)
                                  i32.const 1049272
                                  i64.extend_i32_u
                                  i64.const 32
                                  i64.shl
                                  i64.const 2
                                  i64.or
                                  local.set 12
                                end
                                block ;; label = @15
                                  local.get 1
                                  i32.eqz
                                  br_if 0 (;@15;)
                                  local.get 7
                                  local.get 9
                                  local.get 8
                                  call $memmove
                                  drop
                                  local.get 5
                                  i32.const 24
                                  i32.add
                                  local.get 8
                                  i32.store
                                end
                                local.get 12
                                i64.const 255
                                i64.and
                                i64.const 4
                                i64.ne
                                br_if 5 (;@9;)
                                local.get 5
                                i32.const 24
                                i32.add
                                i32.load
                                local.set 6
                                br 11 (;@3;)
                              end
                              local.get 10
                              local.get 1
                              i32.add
                              local.set 1
                            end
                            local.get 1
                            local.get 6
                            i32.ge_u
                            br_if 8 (;@4;)
                            br 0 (;@12;)
                          end
                        end
                        local.get 3
                        local.get 4
                        i32.load offset=12
                        i32.const 1
                        i32.add
                        local.tee 13
                        i32.lt_u
                        br_if 5 (;@5;)
                        block ;; label = @11
                          local.get 5
                          i32.const 24
                          i32.add
                          i32.load
                          local.tee 1
                          br_if 0 (;@11;)
                          local.get 13
                          i32.eqz
                          br_if 5 (;@6;)
                          local.get 2
                          local.set 6
                          local.get 13
                          local.set 1
                          loop ;; label = @12
                            local.get 4
                            local.get 1
                            i32.store offset=44
                            local.get 4
                            local.get 6
                            i32.store offset=40
                            local.get 4
                            i32.const 16
                            i32.add
                            i32.const 1
                            local.get 4
                            i32.const 40
                            i32.add
                            i32.const 1
                            call $_ZN4wasi13lib_generated8fd_write17h6d66c9f78bab1464E
                            block ;; label = @13
                              block ;; label = @14
                                block ;; label = @15
                                  block ;; label = @16
                                    local.get 4
                                    i32.load16_u offset=16
                                    br_if 0 (;@16;)
                                    block ;; label = @17
                                      local.get 4
                                      i32.load offset=20
                                      local.tee 10
                                      br_if 0 (;@17;)
                                      i32.const 0
                                      i64.load offset=1050336
                                      local.set 12
                                      br 2 (;@15;)
                                    end
                                    local.get 1
                                    local.get 10
                                    i32.ge_u
                                    br_if 2 (;@14;)
                                    local.get 10
                                    local.get 1
                                    i32.const 1050344
                                    call $_ZN4core5slice5index26slice_start_index_len_fail17hf532ad17fbd34cfbE
                                    unreachable
                                  end
                                  local.get 4
                                  i64.load16_u offset=18
                                  local.tee 12
                                  i64.const 27
                                  i64.eq
                                  br_if 2 (;@13;)
                                  local.get 12
                                  i64.const 32
                                  i64.shl
                                  local.set 12
                                end
                                local.get 12
                                i64.const 255
                                i64.and
                                i64.const 4
                                i64.eq
                                br_if 8 (;@6;)
                                local.get 12
                                i64.const -4294967041
                                i64.and
                                i64.const 34359738368
                                i64.eq
                                br_if 8 (;@6;)
                                local.get 0
                                local.get 12
                                i64.store align=4
                                br 12 (;@2;)
                              end
                              local.get 6
                              local.get 10
                              i32.add
                              local.set 6
                              local.get 1
                              local.get 10
                              i32.sub
                              local.set 1
                            end
                            local.get 1
                            br_if 0 (;@12;)
                            br 6 (;@6;)
                          end
                        end
                        local.get 13
                        local.get 5
                        i32.load offset=16
                        local.get 1
                        i32.sub
                        i32.lt_u
                        br_if 2 (;@8;)
                        local.get 4
                        i32.const 16
                        i32.add
                        local.get 5
                        i32.const 16
                        i32.add
                        local.get 2
                        local.get 13
                        call $_ZN3std2io8buffered9bufwriter18BufWriter$LT$W$GT$14write_all_cold17hb29b455c719d2325E
                        block ;; label = @11
                          local.get 4
                          i32.load8_u offset=16
                          i32.const 4
                          i32.ne
                          br_if 0 (;@11;)
                          local.get 5
                          i32.const 24
                          i32.add
                          i32.load
                          local.set 10
                          br 4 (;@7;)
                        end
                        local.get 0
                        local.get 4
                        i64.load offset=16
                        i64.store align=4
                        br 8 (;@2;)
                      end
                      i32.const 1050188
                      call $_ZN4core4cell22panic_already_borrowed17hdd5b223adef5c9a0E
                      unreachable
                    end
                    local.get 0
                    local.get 12
                    i64.store align=4
                    br 6 (;@2;)
                  end
                  local.get 5
                  i32.const 20
                  i32.add
                  i32.load
                  local.get 1
                  i32.add
                  local.get 2
                  local.get 13
                  call $memcpy
                  drop
                  local.get 5
                  i32.const 24
                  i32.add
                  local.get 1
                  local.get 13
                  i32.add
                  local.tee 10
                  i32.store
                end
                local.get 10
                i32.eqz
                br_if 0 (;@6;)
                local.get 5
                i32.const 20
                i32.add
                i32.load
                local.set 7
                i32.const 0
                local.set 1
                loop ;; label = @7
                  local.get 4
                  local.get 10
                  local.get 1
                  i32.sub
                  local.tee 8
                  i32.store offset=44
                  local.get 4
                  local.get 7
                  local.get 1
                  i32.add
                  local.tee 9
                  i32.store offset=40
                  local.get 4
                  i32.const 16
                  i32.add
                  i32.const 1
                  local.get 4
                  i32.const 40
                  i32.add
                  i32.const 1
                  call $_ZN4wasi13lib_generated8fd_write17h6d66c9f78bab1464E
                  block ;; label = @8
                    block ;; label = @9
                      block ;; label = @10
                        block ;; label = @11
                          block ;; label = @12
                            local.get 4
                            i32.load16_u offset=16
                            i32.eqz
                            br_if 0 (;@12;)
                            local.get 8
                            local.set 6
                            local.get 4
                            i32.load16_u offset=18
                            local.tee 11
                            i32.const 8
                            i32.eq
                            br_if 1 (;@11;)
                            local.get 5
                            i32.const 0
                            i32.store8 offset=28
                            local.get 11
                            i32.const 27
                            i32.eq
                            br_if 4 (;@8;)
                            local.get 11
                            i64.extend_i32_u
                            i64.const 32
                            i64.shl
                            local.set 12
                            br 2 (;@10;)
                          end
                          local.get 4
                          i32.load offset=20
                          local.set 6
                        end
                        local.get 5
                        i32.const 0
                        i32.store8 offset=28
                        local.get 6
                        br_if 1 (;@9;)
                        i32.const 1049272
                        i64.extend_i32_u
                        i64.const 32
                        i64.shl
                        i64.const 2
                        i64.or
                        local.set 12
                      end
                      block ;; label = @10
                        local.get 1
                        i32.eqz
                        br_if 0 (;@10;)
                        local.get 7
                        local.get 9
                        local.get 8
                        call $memmove
                        drop
                        local.get 5
                        i32.const 24
                        i32.add
                        local.get 8
                        i32.store
                      end
                      local.get 12
                      i64.const 255
                      i64.and
                      i64.const 4
                      i64.eq
                      br_if 3 (;@6;)
                      local.get 0
                      local.get 12
                      i64.store align=4
                      br 7 (;@2;)
                    end
                    local.get 6
                    local.get 1
                    i32.add
                    local.set 1
                  end
                  local.get 1
                  local.get 10
                  i32.lt_u
                  br_if 0 (;@7;)
                end
                block ;; label = @7
                  local.get 10
                  local.get 1
                  i32.lt_u
                  br_if 0 (;@7;)
                  local.get 5
                  i32.const 24
                  i32.add
                  i32.const 0
                  i32.store
                  br 1 (;@6;)
                end
                local.get 1
                local.get 10
                i32.const 1048884
                call $_ZN4core5slice5index24slice_end_index_len_fail17hefffba3d17c3a383E
                unreachable
              end
              local.get 2
              local.get 13
              i32.add
              local.set 10
              block ;; label = @6
                local.get 3
                local.get 13
                i32.sub
                local.tee 1
                local.get 5
                i32.load offset=16
                local.get 5
                i32.const 24
                i32.add
                local.tee 8
                i32.load
                local.tee 6
                i32.sub
                i32.lt_u
                br_if 0 (;@6;)
                local.get 0
                local.get 5
                i32.const 16
                i32.add
                local.get 10
                local.get 1
                call $_ZN3std2io8buffered9bufwriter18BufWriter$LT$W$GT$14write_all_cold17hb29b455c719d2325E
                br 4 (;@2;)
              end
              local.get 5
              i32.const 20
              i32.add
              i32.load
              local.get 6
              i32.add
              local.get 10
              local.get 1
              call $memcpy
              drop
              local.get 0
              i32.const 4
              i32.store8
              local.get 8
              local.get 6
              local.get 1
              i32.add
              i32.store
              br 3 (;@2;)
            end
            local.get 4
            i32.const 0
            i32.store offset=32
            local.get 4
            i32.const 1
            i32.store offset=20
            local.get 4
            i32.const 1049348
            i32.store offset=16
            local.get 4
            i64.const 4
            i64.store offset=24 align=4
            local.get 4
            i32.const 16
            i32.add
            i32.const 1049356
            call $_ZN4core9panicking9panic_fmt17hce5c13620e7e8ff3E
            unreachable
          end
          local.get 6
          local.get 1
          i32.lt_u
          br_if 2 (;@1;)
          i32.const 0
          local.set 6
          local.get 5
          i32.const 24
          i32.add
          i32.const 0
          i32.store
        end
        block ;; label = @3
          local.get 5
          i32.load offset=16
          local.get 6
          i32.sub
          local.get 3
          i32.gt_u
          br_if 0 (;@3;)
          local.get 0
          local.get 5
          i32.const 16
          i32.add
          local.get 2
          local.get 3
          call $_ZN3std2io8buffered9bufwriter18BufWriter$LT$W$GT$14write_all_cold17hb29b455c719d2325E
          br 1 (;@2;)
        end
        local.get 5
        i32.load offset=20
        local.get 6
        i32.add
        local.get 2
        local.get 3
        call $memcpy
        drop
        local.get 0
        i32.const 4
        i32.store8
        local.get 5
        i32.const 24
        i32.add
        local.get 6
        local.get 3
        i32.add
        i32.store
      end
      local.get 5
      local.get 5
      i32.load offset=12
      i32.const 1
      i32.add
      i32.store offset=12
      local.get 4
      i32.const 48
      i32.add
      global.set $__stack_pointer
      return
    end
    local.get 1
    local.get 6
    i32.const 1048884
    call $_ZN4core5slice5index24slice_end_index_len_fail17hefffba3d17c3a383E
    unreachable
  )
  (func $_ZN4core3fmt5Write10write_char17h68be9fbb8bf57b9eE (;21;) (type 2) (param i32 i32) (result i32)
    (local i32 i32)
    global.get $__stack_pointer
    i32.const 16
    i32.sub
    local.tee 2
    global.set $__stack_pointer
    local.get 2
    i32.const 0
    i32.store offset=12
    block ;; label = @1
      block ;; label = @2
        block ;; label = @3
          block ;; label = @4
            local.get 1
            i32.const 128
            i32.lt_u
            br_if 0 (;@4;)
            local.get 1
            i32.const 2048
            i32.lt_u
            br_if 1 (;@3;)
            local.get 1
            i32.const 65536
            i32.ge_u
            br_if 2 (;@2;)
            local.get 2
            local.get 1
            i32.const 63
            i32.and
            i32.const 128
            i32.or
            i32.store8 offset=14
            local.get 2
            local.get 1
            i32.const 12
            i32.shr_u
            i32.const 224
            i32.or
            i32.store8 offset=12
            local.get 2
            local.get 1
            i32.const 6
            i32.shr_u
            i32.const 63
            i32.and
            i32.const 128
            i32.or
            i32.store8 offset=13
            i32.const 3
            local.set 3
            br 3 (;@1;)
          end
          local.get 2
          local.get 1
          i32.store8 offset=12
          i32.const 1
          local.set 3
          br 2 (;@1;)
        end
        local.get 2
        local.get 1
        i32.const 63
        i32.and
        i32.const 128
        i32.or
        i32.store8 offset=13
        local.get 2
        local.get 1
        i32.const 6
        i32.shr_u
        i32.const 192
        i32.or
        i32.store8 offset=12
        i32.const 2
        local.set 3
        br 1 (;@1;)
      end
      local.get 2
      local.get 1
      i32.const 63
      i32.and
      i32.const 128
      i32.or
      i32.store8 offset=15
      local.get 2
      local.get 1
      i32.const 6
      i32.shr_u
      i32.const 63
      i32.and
      i32.const 128
      i32.or
      i32.store8 offset=14
      local.get 2
      local.get 1
      i32.const 12
      i32.shr_u
      i32.const 63
      i32.and
      i32.const 128
      i32.or
      i32.store8 offset=13
      local.get 2
      local.get 1
      i32.const 18
      i32.shr_u
      i32.const 7
      i32.and
      i32.const 240
      i32.or
      i32.store8 offset=12
      i32.const 4
      local.set 3
    end
    block ;; label = @1
      local.get 0
      i32.load offset=8
      local.tee 1
      i32.load
      local.get 1
      i32.load offset=8
      local.tee 0
      i32.sub
      local.get 3
      i32.ge_u
      br_if 0 (;@1;)
      local.get 1
      local.get 0
      local.get 3
      call $_ZN5alloc7raw_vec19RawVec$LT$T$C$A$GT$7reserve21do_reserve_and_handle17h50f495481d02cccaE
      local.get 1
      i32.load offset=8
      local.set 0
    end
    local.get 1
    i32.load offset=4
    local.get 0
    i32.add
    local.get 2
    i32.const 12
    i32.add
    local.get 3
    call $memcpy
    drop
    local.get 1
    local.get 0
    local.get 3
    i32.add
    i32.store offset=8
    local.get 2
    i32.const 16
    i32.add
    global.set $__stack_pointer
    i32.const 0
  )
  (func $_ZN5alloc7raw_vec19RawVec$LT$T$C$A$GT$7reserve21do_reserve_and_handle17h50f495481d02cccaE (;22;) (type 4) (param i32 i32 i32)
    (local i32 i32 i32)
    global.get $__stack_pointer
    i32.const 32
    i32.sub
    local.tee 3
    global.set $__stack_pointer
    block ;; label = @1
      local.get 1
      local.get 2
      i32.add
      local.tee 2
      local.get 1
      i32.ge_u
      br_if 0 (;@1;)
      i32.const 0
      i32.const 0
      call $_ZN5alloc7raw_vec12handle_error17hd1612f25636e3e3aE
      unreachable
    end
    i32.const 1
    local.set 4
    local.get 0
    i32.load
    local.tee 5
    i32.const 1
    i32.shl
    local.tee 1
    local.get 2
    local.get 1
    local.get 2
    i32.gt_u
    select
    local.tee 1
    i32.const 8
    local.get 1
    i32.const 8
    i32.gt_u
    select
    local.tee 1
    i32.const -1
    i32.xor
    i32.const 31
    i32.shr_u
    local.set 2
    block ;; label = @1
      block ;; label = @2
        local.get 5
        br_if 0 (;@2;)
        i32.const 0
        local.set 4
        br 1 (;@1;)
      end
      local.get 3
      local.get 5
      i32.store offset=28
      local.get 3
      local.get 0
      i32.load offset=4
      i32.store offset=20
    end
    local.get 3
    local.get 4
    i32.store offset=24
    local.get 3
    i32.const 8
    i32.add
    local.get 2
    local.get 1
    local.get 3
    i32.const 20
    i32.add
    call $_ZN5alloc7raw_vec11finish_grow17hb323af5d77603d79E
    block ;; label = @1
      local.get 3
      i32.load offset=8
      i32.eqz
      br_if 0 (;@1;)
      local.get 3
      i32.load offset=12
      local.get 3
      i32.load offset=16
      call $_ZN5alloc7raw_vec12handle_error17hd1612f25636e3e3aE
      unreachable
    end
    local.get 3
    i32.load offset=12
    local.set 2
    local.get 0
    local.get 1
    i32.store
    local.get 0
    local.get 2
    i32.store offset=4
    local.get 3
    i32.const 32
    i32.add
    global.set $__stack_pointer
  )
  (func $_ZN4core3fmt5Write9write_fmt17h98fa7ad37588b6eeE (;23;) (type 2) (param i32 i32) (result i32)
    local.get 0
    i32.const 1048996
    local.get 1
    call $_ZN4core3fmt5write17hdf77305f121672daE
  )
  (func $_ZN4core3fmt5Write9write_fmt17hc4e9e0185c753da6E (;24;) (type 2) (param i32 i32) (result i32)
    local.get 0
    i32.const 1048972
    local.get 1
    call $_ZN4core3fmt5write17hdf77305f121672daE
  )
  (func $_ZN4core3fmt5Write9write_fmt17hc58d98f826a0fc51E (;25;) (type 2) (param i32 i32) (result i32)
    local.get 0
    i32.const 1049020
    local.get 1
    call $_ZN4core3fmt5write17hdf77305f121672daE
  )
  (func $_ZN4core3fmt5Write9write_fmt17hc6df93ecd2d4a93bE (;26;) (type 2) (param i32 i32) (result i32)
    local.get 0
    i32.const 1049044
    local.get 1
    call $_ZN4core3fmt5write17hdf77305f121672daE
  )
  (func $_ZN3std9panicking12default_hook17h43a97a0ea0eb9fbeE (;27;) (type 0) (param i32)
    (local i32 i32 i32 i32)
    global.get $__stack_pointer
    i32.const 128
    i32.sub
    local.tee 1
    global.set $__stack_pointer
    block ;; label = @1
      block ;; label = @2
        local.get 0
        i32.load8_u offset=13
        br_if 0 (;@2;)
        block ;; label = @3
          i32.const 0
          i32.load offset=1055184
          i32.const 1
          i32.gt_u
          br_if 0 (;@3;)
          local.get 1
          call $_ZN3std5panic19get_backtrace_style17haa7c0a012eed10e1E
          i32.store8 offset=47
          br 2 (;@1;)
        end
        local.get 1
        i32.const 1
        i32.store8 offset=47
        br 1 (;@1;)
      end
      local.get 1
      i32.const 3
      i32.store8 offset=47
    end
    local.get 1
    local.get 0
    i32.load offset=8
    i32.store offset=48
    local.get 1
    i32.const 24
    i32.add
    local.get 0
    i32.load
    local.tee 2
    local.get 0
    i32.load offset=4
    i32.load offset=12
    local.tee 3
    call_indirect (type 1)
    block ;; label = @1
      block ;; label = @2
        block ;; label = @3
          local.get 1
          i64.load offset=24
          i64.const -5076933981314334344
          i64.ne
          br_if 0 (;@3;)
          i32.const 4
          local.set 0
          local.get 2
          local.set 4
          local.get 1
          i64.load offset=32
          i64.const 7199936582794304877
          i64.eq
          br_if 1 (;@2;)
        end
        local.get 1
        i32.const 8
        i32.add
        local.get 2
        local.get 3
        call_indirect (type 1)
        i32.const 1051316
        local.set 0
        i32.const 12
        local.set 3
        local.get 1
        i64.load offset=8
        i64.const -1568156429473123917
        i64.ne
        br_if 1 (;@1;)
        local.get 1
        i64.load offset=16
        i64.const -4005484677865878087
        i64.ne
        br_if 1 (;@1;)
        local.get 2
        i32.const 4
        i32.add
        local.set 4
        i32.const 8
        local.set 0
      end
      local.get 2
      local.get 0
      i32.add
      i32.load
      local.set 3
      local.get 4
      i32.load
      local.set 0
    end
    local.get 1
    local.get 3
    i32.store offset=56
    local.get 1
    local.get 0
    i32.store offset=52
    block ;; label = @1
      i32.const 0
      i32.load offset=1055200
      local.tee 0
      br_if 0 (;@1;)
      i32.const 1055200
      call $_ZN4core4cell4once17OnceCell$LT$T$GT$8try_init17ha050722d7316bee8E
      drop
      i32.const 0
      i32.load offset=1055200
      local.set 0
    end
    local.get 0
    local.get 0
    i32.load
    local.tee 2
    i32.const 1
    i32.add
    i32.store
    block ;; label = @1
      block ;; label = @2
        local.get 2
        i32.const -1
        i32.le_s
        br_if 0 (;@2;)
        local.get 1
        local.get 0
        i32.store offset=60
        i32.const 9
        local.set 2
        i32.const 1051076
        local.set 3
        block ;; label = @3
          local.get 0
          i32.eqz
          br_if 0 (;@3;)
          block ;; label = @4
            block ;; label = @5
              local.get 0
              i32.load offset=16
              br_table 1 (;@4;) 0 (;@5;) 2 (;@3;) 1 (;@4;)
            end
            local.get 0
            i32.load offset=24
            i32.const -1
            i32.add
            local.set 2
            local.get 0
            i32.load offset=20
            local.set 3
            br 1 (;@3;)
          end
          i32.const 4
          local.set 2
          i32.const 1049176
          local.set 3
        end
        local.get 1
        local.get 2
        i32.store offset=68
        local.get 1
        local.get 3
        i32.store offset=64
        local.get 1
        local.get 1
        i32.const 47
        i32.add
        i32.store offset=84
        local.get 1
        local.get 1
        i32.const 52
        i32.add
        i32.store offset=80
        local.get 1
        local.get 1
        i32.const 48
        i32.add
        i32.store offset=76
        local.get 1
        local.get 1
        i32.const 64
        i32.add
        i32.store offset=72
        block ;; label = @3
          block ;; label = @4
            block ;; label = @5
              block ;; label = @6
                i32.const 0
                i32.load8_u offset=1055114
                br_if 0 (;@6;)
                local.get 1
                i64.const 0
                i64.store offset=88 align=4
                local.get 1
                i32.const 92
                i32.add
                local.set 3
                br 1 (;@5;)
              end
              i32.const 0
              i32.const 1
              i32.store8 offset=1055114
              block ;; label = @6
                i32.const 0
                i32.load8_u offset=1055192
                br_if 0 (;@6;)
                i32.const 0
                call $_ZN3std3sys12thread_local6statik20LazyStorage$LT$T$GT$10initialize17h8cd8844ee216f779E
              end
              local.get 1
              i32.const 0
              i32.store offset=88
              local.get 1
              i32.const 0
              i32.load offset=1055196
              local.tee 2
              i32.store offset=92
              i32.const 0
              i32.const 0
              i32.store offset=1055196
              local.get 1
              i32.const 92
              i32.add
              local.set 3
              local.get 2
              br_if 1 (;@4;)
            end
            local.get 1
            i32.const 72
            i32.add
            local.get 1
            i32.const 127
            i32.add
            i32.const 2
            call $_ZN3std9panicking12default_hook28_$u7b$$u7b$closure$u7d$$u7d$17hc6748f4e1e549bb9E
            i32.const 0
            local.set 2
            br 1 (;@3;)
          end
          local.get 2
          i32.load8_u offset=8
          local.set 0
          local.get 2
          i32.const 1
          i32.store8 offset=8
          local.get 1
          local.get 0
          i32.store8 offset=99
          local.get 0
          br_if 2 (;@1;)
          local.get 1
          i32.const 72
          i32.add
          local.get 2
          i32.const 12
          i32.add
          i32.const 3
          call $_ZN3std9panicking12default_hook28_$u7b$$u7b$closure$u7d$$u7d$17hc6748f4e1e549bb9E
          local.get 2
          i32.const 0
          i32.store8 offset=8
          i32.const 0
          i32.const 1
          i32.store8 offset=1055114
          block ;; label = @4
            i32.const 0
            i32.load8_u offset=1055192
            br_if 0 (;@4;)
            i32.const 0
            call $_ZN3std3sys12thread_local6statik20LazyStorage$LT$T$GT$10initialize17h8cd8844ee216f779E
          end
          i32.const 0
          i32.load offset=1055196
          local.set 0
          i32.const 0
          local.get 2
          i32.store offset=1055196
          i32.const 1
          local.set 2
          local.get 1
          i32.const 1
          i32.store offset=100
          local.get 1
          local.get 0
          i32.store offset=104
          block ;; label = @4
            local.get 0
            i32.eqz
            br_if 0 (;@4;)
            local.get 0
            local.get 0
            i32.load
            local.tee 4
            i32.const -1
            i32.add
            i32.store
            local.get 4
            i32.const 1
            i32.ne
            br_if 0 (;@4;)
            local.get 1
            i32.const 104
            i32.add
            call $_ZN5alloc4sync16Arc$LT$T$C$A$GT$9drop_slow17hc3c87a0f85ea78e9E
          end
          local.get 1
          i32.load offset=60
          local.set 0
        end
        block ;; label = @3
          local.get 0
          i32.eqz
          br_if 0 (;@3;)
          local.get 0
          local.get 0
          i32.load
          local.tee 4
          i32.const -1
          i32.add
          i32.store
          local.get 4
          i32.const 1
          i32.ne
          br_if 0 (;@3;)
          local.get 1
          i32.const 60
          i32.add
          call $_ZN5alloc4sync16Arc$LT$T$C$A$GT$9drop_slow17h0294b0d1aec79fc4E
        end
        block ;; label = @3
          local.get 2
          local.get 1
          i32.load offset=88
          i32.const 0
          i32.ne
          local.get 1
          i32.load offset=92
          local.tee 0
          i32.eqz
          i32.or
          i32.or
          i32.const 1
          i32.eq
          br_if 0 (;@3;)
          local.get 0
          local.get 0
          i32.load
          local.tee 2
          i32.const -1
          i32.add
          i32.store
          local.get 2
          i32.const 1
          i32.ne
          br_if 0 (;@3;)
          local.get 3
          call $_ZN5alloc4sync16Arc$LT$T$C$A$GT$9drop_slow17hc3c87a0f85ea78e9E
        end
        local.get 1
        i32.const 128
        i32.add
        global.set $__stack_pointer
        return
      end
      unreachable
      unreachable
    end
    local.get 1
    i64.const 0
    i64.store offset=112 align=4
    local.get 1
    i64.const 17179869185
    i64.store offset=104 align=4
    local.get 1
    i32.const 1050564
    i32.store offset=100
    local.get 1
    i32.const 99
    i32.add
    local.get 1
    i32.const 100
    i32.add
    call $_ZN4core9panicking13assert_failed17h7ad2766c27c46440E
    unreachable
  )
  (func $_ZN5alloc4sync16Arc$LT$T$C$A$GT$9drop_slow17h0294b0d1aec79fc4E (;28;) (type 0) (param i32)
    (local i32 i32)
    block ;; label = @1
      local.get 0
      i32.load
      local.tee 0
      i32.load offset=16
      i32.const 1
      i32.ne
      br_if 0 (;@1;)
      local.get 0
      i32.load offset=20
      local.tee 1
      i32.const 0
      i32.store8
      local.get 0
      i32.load offset=24
      local.tee 2
      i32.eqz
      br_if 0 (;@1;)
      local.get 1
      local.get 2
      i32.const 1
      call $__rust_dealloc
    end
    block ;; label = @1
      local.get 0
      i32.const -1
      i32.eq
      br_if 0 (;@1;)
      local.get 0
      local.get 0
      i32.load offset=4
      local.tee 1
      i32.const -1
      i32.add
      i32.store offset=4
      local.get 1
      i32.const 1
      i32.ne
      br_if 0 (;@1;)
      local.get 0
      i32.const 32
      i32.const 8
      call $__rust_dealloc
    end
  )
  (func $_ZN4core3ptr42drop_in_place$LT$alloc..string..String$GT$17h721bf159df3318f7E (;29;) (type 0) (param i32)
    (local i32)
    block ;; label = @1
      local.get 0
      i32.load
      local.tee 1
      i32.eqz
      br_if 0 (;@1;)
      local.get 0
      i32.load offset=4
      local.get 1
      i32.const 1
      call $__rust_dealloc
    end
  )
  (func $_ZN4core3ptr77drop_in_place$LT$std..panicking..begin_panic_handler..FormatStringPayload$GT$17hbded71bd92f5158bE (;30;) (type 0) (param i32)
    (local i32)
    block ;; label = @1
      local.get 0
      i32.load
      local.tee 1
      i32.const -2147483648
      i32.or
      i32.const -2147483648
      i32.eq
      br_if 0 (;@1;)
      local.get 0
      i32.load offset=4
      local.get 1
      i32.const 1
      call $__rust_dealloc
    end
  )
  (func $_ZN4core3ptr81drop_in_place$LT$core..result..Result$LT$$LP$$RP$$C$std..io..error..Error$GT$$GT$17hd67a5ca3bdb263d4E (;31;) (type 1) (param i32 i32)
    (local i32 i32)
    block ;; label = @1
      block ;; label = @2
        local.get 0
        i32.const 255
        i32.and
        local.tee 0
        i32.const 4
        i32.gt_u
        br_if 0 (;@2;)
        local.get 0
        i32.const 3
        i32.ne
        br_if 1 (;@1;)
      end
      local.get 1
      i32.load
      local.set 2
      block ;; label = @2
        local.get 1
        i32.const 4
        i32.add
        i32.load
        local.tee 0
        i32.load
        local.tee 3
        i32.eqz
        br_if 0 (;@2;)
        local.get 2
        local.get 3
        call_indirect (type 0)
      end
      block ;; label = @2
        local.get 0
        i32.load offset=4
        local.tee 3
        i32.eqz
        br_if 0 (;@2;)
        local.get 2
        local.get 3
        local.get 0
        i32.load offset=8
        call $__rust_dealloc
      end
      local.get 1
      i32.const 12
      i32.const 4
      call $__rust_dealloc
    end
  )
  (func $_ZN4core3ptr88drop_in_place$LT$std..io..Write..write_fmt..Adapter$LT$alloc..vec..Vec$LT$u8$GT$$GT$$GT$17ha922bc6fee113122E (;32;) (type 0) (param i32)
    (local i32 i32 i32)
    local.get 0
    i32.load offset=4
    local.set 1
    block ;; label = @1
      block ;; label = @2
        local.get 0
        i32.load8_u
        local.tee 0
        i32.const 4
        i32.gt_u
        br_if 0 (;@2;)
        local.get 0
        i32.const 3
        i32.ne
        br_if 1 (;@1;)
      end
      local.get 1
      i32.load
      local.set 2
      block ;; label = @2
        local.get 1
        i32.const 4
        i32.add
        i32.load
        local.tee 0
        i32.load
        local.tee 3
        i32.eqz
        br_if 0 (;@2;)
        local.get 2
        local.get 3
        call_indirect (type 0)
      end
      block ;; label = @2
        local.get 0
        i32.load offset=4
        local.tee 3
        i32.eqz
        br_if 0 (;@2;)
        local.get 2
        local.get 3
        local.get 0
        i32.load offset=8
        call $__rust_dealloc
      end
      local.get 1
      i32.const 12
      i32.const 4
      call $__rust_dealloc
    end
  )
  (func $_ZN4core4cell4once17OnceCell$LT$T$GT$8try_init17ha050722d7316bee8E (;33;) (type 8) (param i32) (result i32)
    (local i32 i32 i32 i32 i64 i64 i64)
    global.get $__stack_pointer
    i32.const 32
    i32.sub
    local.tee 1
    global.set $__stack_pointer
    local.get 1
    i32.const 8
    i32.const 24
    call $_ZN5alloc4sync32arcinner_layout_for_value_layout17hbf1ec92b4599578aE
    local.get 1
    i32.load
    local.set 2
    block ;; label = @1
      block ;; label = @2
        local.get 1
        i32.load offset=4
        local.tee 3
        br_if 0 (;@2;)
        local.get 2
        local.set 4
        br 1 (;@1;)
      end
      i32.const 0
      i32.load8_u offset=1055113
      drop
      local.get 3
      local.get 2
      call $__rust_alloc
      local.set 4
    end
    block ;; label = @1
      block ;; label = @2
        block ;; label = @3
          local.get 4
          i32.eqz
          br_if 0 (;@3;)
          local.get 4
          i32.const 2
          i32.store offset=16
          local.get 4
          i64.const 4294967297
          i64.store
          i32.const 0
          i64.load offset=1055176
          local.set 5
          loop ;; label = @4
            local.get 5
            i64.const -1
            i64.eq
            br_if 2 (;@2;)
            i32.const 0
            local.get 5
            i64.const 1
            i64.add
            local.tee 6
            i32.const 0
            i64.load offset=1055176
            local.tee 7
            local.get 7
            local.get 5
            i64.eq
            local.tee 2
            select
            i64.store offset=1055176
            local.get 7
            local.set 5
            local.get 2
            i32.eqz
            br_if 0 (;@4;)
          end
          local.get 4
          local.get 6
          i64.store offset=8
          local.get 0
          i32.load
          i32.eqz
          br_if 2 (;@1;)
          local.get 1
          i32.const 0
          i32.store offset=24
          local.get 1
          i32.const 1
          i32.store offset=12
          local.get 1
          i32.const 1048644
          i32.store offset=8
          local.get 1
          i64.const 4
          i64.store offset=16 align=4
          local.get 1
          i32.const 8
          i32.add
          i32.const 1048732
          call $_ZN4core9panicking9panic_fmt17hce5c13620e7e8ff3E
          unreachable
        end
        local.get 2
        local.get 3
        call $_ZN5alloc5alloc18handle_alloc_error17h1f31372880ebae9dE
        unreachable
      end
      call $_ZN3std6thread8ThreadId3new9exhausted17h8a2c1f082b565cb3E
      unreachable
    end
    local.get 0
    local.get 4
    i32.store
    local.get 1
    i32.const 32
    i32.add
    global.set $__stack_pointer
    local.get 0
  )
  (func $_ZN3std6thread8ThreadId3new9exhausted17h8a2c1f082b565cb3E (;34;) (type 9)
    (local i32)
    global.get $__stack_pointer
    i32.const 32
    i32.sub
    local.tee 0
    global.set $__stack_pointer
    local.get 0
    i32.const 0
    i32.store offset=24
    local.get 0
    i32.const 1
    i32.store offset=12
    local.get 0
    i32.const 1049152
    i32.store offset=8
    local.get 0
    i64.const 4
    i64.store offset=16 align=4
    local.get 0
    i32.const 8
    i32.add
    i32.const 1049160
    call $_ZN4core9panicking9panic_fmt17hce5c13620e7e8ff3E
    unreachable
  )
  (func $_ZN4core5panic12PanicPayload6as_str17h79faf2cd7e73e5fdE (;35;) (type 1) (param i32 i32)
    local.get 0
    i32.const 0
    i32.store
  )
  (func $_ZN4core9panicking13assert_failed17h7ad2766c27c46440E (;36;) (type 1) (param i32 i32)
    (local i32)
    global.get $__stack_pointer
    i32.const 16
    i32.sub
    local.tee 2
    global.set $__stack_pointer
    local.get 2
    i32.const 1048748
    i32.store offset=12
    local.get 2
    local.get 0
    i32.store offset=8
    i32.const 0
    local.get 2
    i32.const 8
    i32.add
    i32.const 1048752
    local.get 2
    i32.const 12
    i32.add
    i32.const 1048752
    local.get 1
    i32.const 1050616
    call $_ZN4core9panicking19assert_failed_inner17ha42957136f14c69fE
    unreachable
  )
  (func $_ZN52_$LT$$RF$mut$u20$T$u20$as$u20$core..fmt..Display$GT$3fmt17hfbf32926963999c3E (;37;) (type 2) (param i32 i32) (result i32)
    local.get 0
    i32.load
    local.get 1
    local.get 0
    i32.load offset=4
    i32.load offset=12
    call_indirect (type 2)
  )
  (func $_ZN58_$LT$alloc..string..String$u20$as$u20$core..fmt..Write$GT$10write_char17h26e11b154fa76bb3E (;38;) (type 2) (param i32 i32) (result i32)
    (local i32 i32)
    global.get $__stack_pointer
    i32.const 16
    i32.sub
    local.tee 2
    global.set $__stack_pointer
    block ;; label = @1
      block ;; label = @2
        block ;; label = @3
          block ;; label = @4
            local.get 1
            i32.const 128
            i32.lt_u
            br_if 0 (;@4;)
            local.get 2
            i32.const 0
            i32.store offset=12
            local.get 1
            i32.const 2048
            i32.lt_u
            br_if 1 (;@3;)
            block ;; label = @5
              local.get 1
              i32.const 65536
              i32.ge_u
              br_if 0 (;@5;)
              local.get 2
              local.get 1
              i32.const 63
              i32.and
              i32.const 128
              i32.or
              i32.store8 offset=14
              local.get 2
              local.get 1
              i32.const 12
              i32.shr_u
              i32.const 224
              i32.or
              i32.store8 offset=12
              local.get 2
              local.get 1
              i32.const 6
              i32.shr_u
              i32.const 63
              i32.and
              i32.const 128
              i32.or
              i32.store8 offset=13
              i32.const 3
              local.set 1
              br 3 (;@2;)
            end
            local.get 2
            local.get 1
            i32.const 63
            i32.and
            i32.const 128
            i32.or
            i32.store8 offset=15
            local.get 2
            local.get 1
            i32.const 6
            i32.shr_u
            i32.const 63
            i32.and
            i32.const 128
            i32.or
            i32.store8 offset=14
            local.get 2
            local.get 1
            i32.const 12
            i32.shr_u
            i32.const 63
            i32.and
            i32.const 128
            i32.or
            i32.store8 offset=13
            local.get 2
            local.get 1
            i32.const 18
            i32.shr_u
            i32.const 7
            i32.and
            i32.const 240
            i32.or
            i32.store8 offset=12
            i32.const 4
            local.set 1
            br 2 (;@2;)
          end
          block ;; label = @4
            local.get 0
            i32.load offset=8
            local.tee 3
            local.get 0
            i32.load
            i32.ne
            br_if 0 (;@4;)
            local.get 0
            call $_ZN5alloc7raw_vec19RawVec$LT$T$C$A$GT$8grow_one17h41fe713612e82a70E
          end
          local.get 0
          local.get 3
          i32.const 1
          i32.add
          i32.store offset=8
          local.get 0
          i32.load offset=4
          local.get 3
          i32.add
          local.get 1
          i32.store8
          br 2 (;@1;)
        end
        local.get 2
        local.get 1
        i32.const 63
        i32.and
        i32.const 128
        i32.or
        i32.store8 offset=13
        local.get 2
        local.get 1
        i32.const 6
        i32.shr_u
        i32.const 192
        i32.or
        i32.store8 offset=12
        i32.const 2
        local.set 1
      end
      block ;; label = @2
        local.get 0
        i32.load
        local.get 0
        i32.load offset=8
        local.tee 3
        i32.sub
        local.get 1
        i32.ge_u
        br_if 0 (;@2;)
        local.get 0
        local.get 3
        local.get 1
        call $_ZN5alloc7raw_vec19RawVec$LT$T$C$A$GT$7reserve21do_reserve_and_handle17h50f495481d02cccaE
        local.get 0
        i32.load offset=8
        local.set 3
      end
      local.get 0
      i32.load offset=4
      local.get 3
      i32.add
      local.get 2
      i32.const 12
      i32.add
      local.get 1
      call $memcpy
      drop
      local.get 0
      local.get 3
      local.get 1
      i32.add
      i32.store offset=8
    end
    local.get 2
    i32.const 16
    i32.add
    global.set $__stack_pointer
    i32.const 0
  )
  (func $_ZN5alloc7raw_vec19RawVec$LT$T$C$A$GT$8grow_one17h41fe713612e82a70E (;39;) (type 0) (param i32)
    (local i32 i32 i32 i32 i32)
    global.get $__stack_pointer
    i32.const 32
    i32.sub
    local.tee 1
    global.set $__stack_pointer
    block ;; label = @1
      local.get 0
      i32.load
      local.tee 2
      i32.const -1
      i32.ne
      br_if 0 (;@1;)
      i32.const 0
      i32.const 0
      call $_ZN5alloc7raw_vec12handle_error17hd1612f25636e3e3aE
      unreachable
    end
    i32.const 1
    local.set 3
    local.get 2
    i32.const 1
    i32.shl
    local.tee 4
    local.get 2
    i32.const 1
    i32.add
    local.tee 5
    local.get 4
    local.get 5
    i32.gt_u
    select
    local.tee 4
    i32.const 8
    local.get 4
    i32.const 8
    i32.gt_u
    select
    local.tee 4
    i32.const -1
    i32.xor
    i32.const 31
    i32.shr_u
    local.set 5
    block ;; label = @1
      block ;; label = @2
        local.get 2
        br_if 0 (;@2;)
        i32.const 0
        local.set 3
        br 1 (;@1;)
      end
      local.get 1
      local.get 2
      i32.store offset=28
      local.get 1
      local.get 0
      i32.load offset=4
      i32.store offset=20
    end
    local.get 1
    local.get 3
    i32.store offset=24
    local.get 1
    i32.const 8
    i32.add
    local.get 5
    local.get 4
    local.get 1
    i32.const 20
    i32.add
    call $_ZN5alloc7raw_vec11finish_grow17hb323af5d77603d79E
    block ;; label = @1
      local.get 1
      i32.load offset=8
      i32.eqz
      br_if 0 (;@1;)
      local.get 1
      i32.load offset=12
      local.get 1
      i32.load offset=16
      call $_ZN5alloc7raw_vec12handle_error17hd1612f25636e3e3aE
      unreachable
    end
    local.get 1
    i32.load offset=12
    local.set 2
    local.get 0
    local.get 4
    i32.store
    local.get 0
    local.get 2
    i32.store offset=4
    local.get 1
    i32.const 32
    i32.add
    global.set $__stack_pointer
  )
  (func $_ZN58_$LT$alloc..string..String$u20$as$u20$core..fmt..Write$GT$9write_str17h2ba2045d116a23f9E (;40;) (type 3) (param i32 i32 i32) (result i32)
    (local i32)
    block ;; label = @1
      local.get 0
      i32.load
      local.get 0
      i32.load offset=8
      local.tee 3
      i32.sub
      local.get 2
      i32.ge_u
      br_if 0 (;@1;)
      local.get 0
      local.get 3
      local.get 2
      call $_ZN5alloc7raw_vec19RawVec$LT$T$C$A$GT$7reserve21do_reserve_and_handle17h50f495481d02cccaE
      local.get 0
      i32.load offset=8
      local.set 3
    end
    local.get 0
    i32.load offset=4
    local.get 3
    i32.add
    local.get 1
    local.get 2
    call $memcpy
    drop
    local.get 0
    local.get 3
    local.get 2
    i32.add
    i32.store offset=8
    i32.const 0
  )
  (func $_ZN5alloc4sync16Arc$LT$T$C$A$GT$9drop_slow17hc3c87a0f85ea78e9E (;41;) (type 0) (param i32)
    (local i32)
    block ;; label = @1
      local.get 0
      i32.load
      local.tee 0
      i32.const 12
      i32.add
      i32.load
      local.tee 1
      i32.eqz
      br_if 0 (;@1;)
      local.get 0
      i32.const 16
      i32.add
      i32.load
      local.get 1
      i32.const 1
      call $__rust_dealloc
    end
    block ;; label = @1
      local.get 0
      i32.const -1
      i32.eq
      br_if 0 (;@1;)
      local.get 0
      local.get 0
      i32.load offset=4
      local.tee 1
      i32.const -1
      i32.add
      i32.store offset=4
      local.get 1
      i32.const 1
      i32.ne
      br_if 0 (;@1;)
      local.get 0
      i32.const 24
      i32.const 4
      call $__rust_dealloc
    end
  )
  (func $_ZN5alloc7raw_vec11finish_grow17hb323af5d77603d79E (;42;) (type 7) (param i32 i32 i32 i32)
    (local i32)
    block ;; label = @1
      block ;; label = @2
        block ;; label = @3
          local.get 1
          i32.eqz
          br_if 0 (;@3;)
          local.get 2
          i32.const 0
          i32.lt_s
          br_if 1 (;@2;)
          block ;; label = @4
            block ;; label = @5
              block ;; label = @6
                local.get 3
                i32.load offset=4
                i32.eqz
                br_if 0 (;@6;)
                block ;; label = @7
                  local.get 3
                  i32.load offset=8
                  local.tee 4
                  br_if 0 (;@7;)
                  block ;; label = @8
                    local.get 2
                    br_if 0 (;@8;)
                    local.get 1
                    local.set 3
                    br 4 (;@4;)
                  end
                  i32.const 0
                  i32.load8_u offset=1055113
                  drop
                  br 2 (;@5;)
                end
                local.get 3
                i32.load
                local.get 4
                local.get 1
                local.get 2
                call $__rust_realloc
                local.set 3
                br 2 (;@4;)
              end
              block ;; label = @6
                local.get 2
                br_if 0 (;@6;)
                local.get 1
                local.set 3
                br 2 (;@4;)
              end
              i32.const 0
              i32.load8_u offset=1055113
              drop
            end
            local.get 2
            local.get 1
            call $__rust_alloc
            local.set 3
          end
          block ;; label = @4
            local.get 3
            i32.eqz
            br_if 0 (;@4;)
            local.get 0
            local.get 2
            i32.store offset=8
            local.get 0
            local.get 3
            i32.store offset=4
            local.get 0
            i32.const 0
            i32.store
            return
          end
          local.get 0
          local.get 2
          i32.store offset=8
          local.get 0
          local.get 1
          i32.store offset=4
          br 2 (;@1;)
        end
        local.get 0
        i32.const 0
        i32.store offset=4
        br 1 (;@1;)
      end
      local.get 0
      i32.const 0
      i32.store offset=4
    end
    local.get 0
    i32.const 1
    i32.store
  )
  (func $_ZN60_$LT$alloc..string..String$u20$as$u20$core..fmt..Display$GT$3fmt17h05f9a78295b9ebc6E (;43;) (type 2) (param i32 i32) (result i32)
    local.get 0
    i32.load offset=4
    local.get 0
    i32.load offset=8
    local.get 1
    call $_ZN42_$LT$str$u20$as$u20$core..fmt..Display$GT$3fmt17h769b373b40599ef6E
  )
  (func $_ZN64_$LT$core..str..error..Utf8Error$u20$as$u20$core..fmt..Debug$GT$3fmt17h2739b43b57a20156E (;44;) (type 2) (param i32 i32) (result i32)
    (local i32)
    global.get $__stack_pointer
    i32.const 16
    i32.sub
    local.tee 2
    global.set $__stack_pointer
    local.get 2
    local.get 0
    i32.const 4
    i32.add
    i32.store offset=12
    local.get 1
    i32.const 1048932
    i32.const 9
    i32.const 1048941
    i32.const 11
    local.get 0
    i32.const 1048900
    i32.const 1048952
    i32.const 9
    local.get 2
    i32.const 12
    i32.add
    i32.const 1048916
    call $_ZN4core3fmt9Formatter26debug_struct_field2_finish17h4c701208d9d9ef1cE
    local.set 0
    local.get 2
    i32.const 16
    i32.add
    global.set $__stack_pointer
    local.get 0
  )
  (func $_ZN3std2io5Write9write_fmt17hb132ef5d7d0f0861E (;45;) (type 4) (param i32 i32 i32)
    (local i32 i32)
    global.get $__stack_pointer
    i32.const 48
    i32.sub
    local.tee 3
    global.set $__stack_pointer
    local.get 3
    i32.const 4
    i32.store8 offset=8
    local.get 3
    local.get 1
    i32.store offset=16
    block ;; label = @1
      block ;; label = @2
        local.get 3
        i32.const 8
        i32.add
        i32.const 1049020
        local.get 2
        call $_ZN4core3fmt5write17hdf77305f121672daE
        br_if 0 (;@2;)
        local.get 0
        i32.const 4
        i32.store8
        local.get 3
        i32.load offset=12
        local.set 2
        block ;; label = @3
          local.get 3
          i32.load8_u offset=8
          local.tee 1
          i32.const 4
          i32.gt_u
          br_if 0 (;@3;)
          local.get 1
          i32.const 3
          i32.ne
          br_if 2 (;@1;)
        end
        local.get 2
        i32.load
        local.set 0
        block ;; label = @3
          local.get 2
          i32.const 4
          i32.add
          i32.load
          local.tee 1
          i32.load
          local.tee 4
          i32.eqz
          br_if 0 (;@3;)
          local.get 0
          local.get 4
          call_indirect (type 0)
        end
        block ;; label = @3
          local.get 1
          i32.load offset=4
          local.tee 4
          i32.eqz
          br_if 0 (;@3;)
          local.get 0
          local.get 4
          local.get 1
          i32.load offset=8
          call $__rust_dealloc
        end
        local.get 2
        i32.const 12
        i32.const 4
        call $__rust_dealloc
        br 1 (;@1;)
      end
      block ;; label = @2
        local.get 3
        i32.load8_u offset=8
        i32.const 4
        i32.eq
        br_if 0 (;@2;)
        local.get 0
        local.get 3
        i64.load offset=8
        i64.store align=4
        br 1 (;@1;)
      end
      local.get 3
      i32.const 0
      i32.store offset=40
      local.get 3
      i32.const 1
      i32.store offset=28
      local.get 3
      i32.const 1050448
      i32.store offset=24
      local.get 3
      i64.const 4
      i64.store offset=32 align=4
      local.get 3
      i32.const 24
      i32.add
      i32.const 1050456
      call $_ZN4core9panicking9panic_fmt17hce5c13620e7e8ff3E
      unreachable
    end
    local.get 3
    i32.const 48
    i32.add
    global.set $__stack_pointer
  )
  (func $_ZN3std3sys3pal4wasi7helpers14abort_internal17haeced0d336247fd2E (;46;) (type 9)
    call $abort
    unreachable
  )
  (func $_ZN3std3env11current_dir17hd4ea579a8270d749E (;47;) (type 0) (param i32)
    (local i32 i32 i32 i32 i32)
    global.get $__stack_pointer
    i32.const 16
    i32.sub
    local.tee 1
    global.set $__stack_pointer
    i32.const 0
    i32.load8_u offset=1055113
    drop
    i32.const 512
    local.set 2
    block ;; label = @1
      block ;; label = @2
        block ;; label = @3
          block ;; label = @4
            block ;; label = @5
              block ;; label = @6
                i32.const 512
                i32.const 1
                call $__rust_alloc
                local.tee 3
                i32.eqz
                br_if 0 (;@6;)
                local.get 1
                local.get 3
                i32.store offset=8
                local.get 1
                i32.const 512
                i32.store offset=4
                local.get 3
                i32.const 512
                call $getcwd
                br_if 3 (;@3;)
                block ;; label = @7
                  i32.const 0
                  i32.load offset=1055700
                  local.tee 2
                  i32.const 68
                  i32.ne
                  br_if 0 (;@7;)
                  i32.const 512
                  local.set 2
                  br 2 (;@5;)
                end
                local.get 0
                local.get 2
                i32.store offset=8
                local.get 0
                i64.const 2147483648
                i64.store align=4
                i32.const 512
                local.set 2
                br 2 (;@4;)
              end
              i32.const 1
              i32.const 512
              call $_ZN5alloc7raw_vec12handle_error17hd1612f25636e3e3aE
              unreachable
            end
            loop ;; label = @5
              local.get 1
              local.get 2
              i32.store offset=12
              local.get 1
              i32.const 4
              i32.add
              local.get 2
              i32.const 1
              call $_ZN5alloc7raw_vec19RawVec$LT$T$C$A$GT$7reserve21do_reserve_and_handle17h50f495481d02cccaE
              local.get 1
              i32.load offset=8
              local.tee 3
              local.get 1
              i32.load offset=4
              local.tee 2
              call $getcwd
              br_if 2 (;@3;)
              i32.const 0
              i32.load offset=1055700
              local.tee 4
              i32.const 68
              i32.eq
              br_if 0 (;@5;)
            end
            local.get 0
            local.get 4
            i32.store offset=8
            local.get 0
            i64.const 2147483648
            i64.store align=4
            local.get 2
            i32.eqz
            br_if 2 (;@2;)
          end
          local.get 3
          local.get 2
          i32.const 1
          call $__rust_dealloc
          br 1 (;@2;)
        end
        local.get 1
        local.get 3
        call $strlen
        local.tee 4
        i32.store offset=12
        block ;; label = @3
          local.get 2
          local.get 4
          i32.le_u
          br_if 0 (;@3;)
          block ;; label = @4
            block ;; label = @5
              local.get 4
              br_if 0 (;@5;)
              i32.const 1
              local.set 5
              local.get 3
              local.get 2
              i32.const 1
              call $__rust_dealloc
              br 1 (;@4;)
            end
            local.get 3
            local.get 2
            i32.const 1
            local.get 4
            call $__rust_realloc
            local.tee 5
            i32.eqz
            br_if 3 (;@1;)
          end
          local.get 1
          local.get 4
          i32.store offset=4
          local.get 1
          local.get 5
          i32.store offset=8
        end
        local.get 0
        local.get 1
        i64.load offset=4 align=4
        i64.store align=4
        local.get 0
        i32.const 8
        i32.add
        local.get 1
        i32.const 4
        i32.add
        i32.const 8
        i32.add
        i32.load
        i32.store
      end
      local.get 1
      i32.const 16
      i32.add
      global.set $__stack_pointer
      return
    end
    i32.const 1
    local.get 4
    call $_ZN5alloc7raw_vec12handle_error17hd1612f25636e3e3aE
    unreachable
  )
  (func $_ZN3std3env7_var_os17h5ab160ef3fb53b3dE (;48;) (type 4) (param i32 i32 i32)
    (local i32 i32 i32)
    global.get $__stack_pointer
    i32.const 416
    i32.sub
    local.tee 3
    global.set $__stack_pointer
    block ;; label = @1
      block ;; label = @2
        block ;; label = @3
          local.get 2
          i32.const 383
          i32.gt_u
          br_if 0 (;@3;)
          local.get 3
          i32.const 20
          i32.add
          local.get 1
          local.get 2
          call $memcpy
          drop
          local.get 3
          i32.const 20
          i32.add
          local.get 2
          i32.add
          i32.const 0
          i32.store8
          local.get 3
          i32.const 404
          i32.add
          local.get 3
          i32.const 20
          i32.add
          local.get 2
          i32.const 1
          i32.add
          call $_ZN4core3ffi5c_str4CStr19from_bytes_with_nul17h6ac74320d187fdb6E
          block ;; label = @4
            local.get 3
            i32.load offset=404
            br_if 0 (;@4;)
            block ;; label = @5
              local.get 3
              i32.load offset=408
              call $getenv
              local.tee 1
              br_if 0 (;@5;)
              i32.const -2147483648
              local.set 2
              br 3 (;@2;)
            end
            block ;; label = @5
              block ;; label = @6
                local.get 1
                call $strlen
                local.tee 2
                br_if 0 (;@6;)
                i32.const 1
                local.set 4
                br 1 (;@5;)
              end
              i32.const 0
              local.set 5
              local.get 2
              i32.const 0
              i32.lt_s
              br_if 4 (;@1;)
              i32.const 0
              i32.load8_u offset=1055113
              drop
              i32.const 1
              local.set 5
              local.get 2
              i32.const 1
              call $__rust_alloc
              local.tee 4
              i32.eqz
              br_if 4 (;@1;)
            end
            local.get 4
            local.get 1
            local.get 2
            call $memcpy
            local.set 1
            local.get 3
            local.get 2
            i32.store offset=16
            local.get 3
            local.get 1
            i32.store offset=12
            br 2 (;@2;)
          end
          local.get 3
          i32.const 0
          i64.load offset=1050840
          i64.store offset=12 align=4
          i32.const -2147483647
          local.set 2
          br 1 (;@2;)
        end
        local.get 3
        i32.const 8
        i32.add
        local.get 1
        local.get 2
        call $_ZN3std3sys3pal6common14small_c_string24run_with_cstr_allocating17h578b4e39e8581768E
        local.get 3
        i32.load offset=8
        local.set 2
      end
      block ;; label = @2
        block ;; label = @3
          local.get 2
          i32.const -2147483647
          i32.eq
          br_if 0 (;@3;)
          local.get 0
          local.get 3
          i64.load offset=12 align=4
          i64.store offset=4 align=4
          local.get 0
          local.get 2
          i32.store
          br 1 (;@2;)
        end
        block ;; label = @3
          local.get 3
          i32.load8_u offset=12
          i32.const 3
          i32.ne
          br_if 0 (;@3;)
          local.get 3
          i32.load offset=16
          local.tee 2
          i32.load
          local.set 4
          block ;; label = @4
            local.get 2
            i32.const 4
            i32.add
            i32.load
            local.tee 1
            i32.load
            local.tee 5
            i32.eqz
            br_if 0 (;@4;)
            local.get 4
            local.get 5
            call_indirect (type 0)
          end
          block ;; label = @4
            local.get 1
            i32.load offset=4
            local.tee 5
            i32.eqz
            br_if 0 (;@4;)
            local.get 4
            local.get 5
            local.get 1
            i32.load offset=8
            call $__rust_dealloc
          end
          local.get 2
          i32.const 12
          i32.const 4
          call $__rust_dealloc
        end
        local.get 0
        i32.const -2147483648
        i32.store
      end
      local.get 3
      i32.const 416
      i32.add
      global.set $__stack_pointer
      return
    end
    local.get 5
    local.get 2
    call $_ZN5alloc7raw_vec12handle_error17hd1612f25636e3e3aE
    unreachable
  )
  (func $_ZN3std3sys3pal6common14small_c_string24run_with_cstr_allocating17h578b4e39e8581768E (;49;) (type 4) (param i32 i32 i32)
    (local i32 i32 i32 i32 i32)
    global.get $__stack_pointer
    i32.const 16
    i32.sub
    local.tee 3
    global.set $__stack_pointer
    local.get 3
    local.get 1
    local.get 2
    call $_ZN72_$LT$$RF$str$u20$as$u20$alloc..ffi..c_str..CString..new..SpecNewImpl$GT$13spec_new_impl17ha45f8c01f2cfa1cfE
    block ;; label = @1
      block ;; label = @2
        block ;; label = @3
          local.get 3
          i32.load
          local.tee 2
          i32.const -2147483648
          i32.ne
          br_if 0 (;@3;)
          local.get 3
          i32.load offset=8
          local.set 1
          block ;; label = @4
            block ;; label = @5
              local.get 3
              i32.load offset=4
              local.tee 4
              call $getenv
              local.tee 5
              br_if 0 (;@5;)
              local.get 0
              i32.const -2147483648
              i32.store
              br 1 (;@4;)
            end
            block ;; label = @5
              block ;; label = @6
                local.get 5
                call $strlen
                local.tee 2
                br_if 0 (;@6;)
                i32.const 1
                local.set 6
                br 1 (;@5;)
              end
              i32.const 0
              local.set 7
              local.get 2
              i32.const 0
              i32.lt_s
              br_if 3 (;@2;)
              i32.const 0
              i32.load8_u offset=1055113
              drop
              i32.const 1
              local.set 7
              local.get 2
              i32.const 1
              call $__rust_alloc
              local.tee 6
              i32.eqz
              br_if 3 (;@2;)
            end
            local.get 6
            local.get 5
            local.get 2
            call $memcpy
            local.set 5
            local.get 0
            local.get 2
            i32.store offset=8
            local.get 0
            local.get 5
            i32.store offset=4
            local.get 0
            local.get 2
            i32.store
          end
          local.get 4
          i32.const 0
          i32.store8
          local.get 1
          i32.eqz
          br_if 2 (;@1;)
          local.get 4
          local.get 1
          i32.const 1
          call $__rust_dealloc
          br 2 (;@1;)
        end
        local.get 0
        i32.const -2147483647
        i32.store
        local.get 0
        i32.const 0
        i64.load offset=1050840
        i64.store offset=4 align=4
        local.get 2
        i32.eqz
        br_if 1 (;@1;)
        local.get 3
        i32.load offset=4
        local.get 2
        i32.const 1
        call $__rust_dealloc
        br 1 (;@1;)
      end
      local.get 7
      local.get 2
      call $_ZN5alloc7raw_vec12handle_error17hd1612f25636e3e3aE
      unreachable
    end
    local.get 3
    i32.const 16
    i32.add
    global.set $__stack_pointer
  )
  (func $_ZN60_$LT$std..io..error..Error$u20$as$u20$core..fmt..Display$GT$3fmt17h9102f518a2a9764cE (;50;) (type 2) (param i32 i32) (result i32)
    (local i32)
    global.get $__stack_pointer
    i32.const 64
    i32.sub
    local.tee 2
    global.set $__stack_pointer
    block ;; label = @1
      block ;; label = @2
        block ;; label = @3
          block ;; label = @4
            block ;; label = @5
              local.get 0
              i32.load8_u
              br_table 3 (;@2;) 0 (;@5;) 1 (;@4;) 2 (;@3;) 3 (;@2;)
            end
            local.get 0
            i32.load8_u offset=1
            local.set 0
            local.get 2
            i32.const 4
            i64.extend_i32_u
            i64.const 32
            i64.shl
            local.get 2
            i32.const 24
            i32.add
            i64.extend_i32_u
            i64.or
            i64.store offset=8
            local.get 2
            local.get 0
            i32.const 2
            i32.shl
            local.tee 0
            i32.const 1051816
            i32.add
            i32.load
            i32.store offset=28
            local.get 2
            local.get 0
            i32.const 1051980
            i32.add
            i32.load
            i32.store offset=24
            local.get 1
            i32.load offset=20
            local.set 0
            local.get 1
            i32.load offset=24
            local.set 1
            local.get 2
            i64.const 1
            i64.store offset=52 align=4
            local.get 2
            i32.const 1
            i32.store offset=44
            local.get 2
            i32.const 1049284
            i32.store offset=40
            local.get 2
            local.get 2
            i32.const 8
            i32.add
            i32.store offset=48
            local.get 0
            local.get 1
            local.get 2
            i32.const 40
            i32.add
            call $_ZN4core3fmt5write17hdf77305f121672daE
            local.set 0
            br 3 (;@1;)
          end
          local.get 0
          i32.load offset=4
          local.tee 0
          i32.load
          local.get 0
          i32.load offset=4
          local.get 1
          call $_ZN42_$LT$str$u20$as$u20$core..fmt..Display$GT$3fmt17h769b373b40599ef6E
          local.set 0
          br 2 (;@1;)
        end
        local.get 0
        i32.load offset=4
        local.tee 0
        i32.load
        local.get 1
        local.get 0
        i32.load offset=4
        i32.load offset=16
        call_indirect (type 2)
        local.set 0
        br 1 (;@1;)
      end
      local.get 2
      local.get 0
      i32.load offset=4
      local.tee 0
      i32.store offset=4
      local.get 2
      i32.const 8
      i32.add
      local.get 0
      call $_ZN3std3sys3pal4wasi2os12error_string17hb1649b0cfbade6c2E
      local.get 2
      i32.const 5
      i64.extend_i32_u
      i64.const 32
      i64.shl
      local.get 2
      i32.const 4
      i32.add
      i64.extend_i32_u
      i64.or
      i64.store offset=32
      local.get 2
      i32.const 6
      i64.extend_i32_u
      i64.const 32
      i64.shl
      local.get 2
      i32.const 8
      i32.add
      i64.extend_i32_u
      i64.or
      i64.store offset=24
      local.get 1
      i32.load offset=20
      local.set 0
      local.get 1
      i32.load offset=24
      local.set 1
      local.get 2
      i64.const 2
      i64.store offset=52 align=4
      local.get 2
      i32.const 3
      i32.store offset=44
      local.get 2
      i32.const 1050136
      i32.store offset=40
      local.get 2
      local.get 2
      i32.const 24
      i32.add
      i32.store offset=48
      local.get 0
      local.get 1
      local.get 2
      i32.const 40
      i32.add
      call $_ZN4core3fmt5write17hdf77305f121672daE
      local.set 0
      local.get 2
      i32.load offset=8
      local.tee 1
      i32.eqz
      br_if 0 (;@1;)
      local.get 2
      i32.load offset=12
      local.get 1
      i32.const 1
      call $__rust_dealloc
    end
    local.get 2
    i32.const 64
    i32.add
    global.set $__stack_pointer
    local.get 0
  )
  (func $_ZN3std2io8buffered9bufwriter18BufWriter$LT$W$GT$14write_all_cold17hb29b455c719d2325E (;51;) (type 7) (param i32 i32 i32 i32)
    (local i32 i32 i32 i32 i32 i32 i32 i32 i32 i64 i64 i64)
    global.get $__stack_pointer
    i32.const 16
    i32.sub
    local.tee 4
    global.set $__stack_pointer
    block ;; label = @1
      block ;; label = @2
        block ;; label = @3
          local.get 1
          i32.load
          local.tee 5
          local.get 1
          i32.load offset=8
          local.tee 6
          i32.sub
          local.get 3
          i32.ge_u
          br_if 0 (;@3;)
          block ;; label = @4
            local.get 6
            br_if 0 (;@4;)
            i32.const 0
            local.set 6
            br 1 (;@3;)
          end
          local.get 1
          i32.load offset=4
          local.set 7
          i32.const 0
          local.set 8
          loop ;; label = @4
            local.get 4
            local.get 6
            local.get 8
            i32.sub
            local.tee 9
            i32.store offset=4
            local.get 4
            local.get 7
            local.get 8
            i32.add
            local.tee 10
            i32.store
            local.get 4
            i32.const 8
            i32.add
            i32.const 1
            local.get 4
            i32.const 1
            call $_ZN4wasi13lib_generated8fd_write17h6d66c9f78bab1464E
            block ;; label = @5
              block ;; label = @6
                block ;; label = @7
                  block ;; label = @8
                    block ;; label = @9
                      local.get 4
                      i32.load16_u offset=8
                      i32.eqz
                      br_if 0 (;@9;)
                      local.get 9
                      local.set 11
                      local.get 4
                      i32.load16_u offset=10
                      local.tee 12
                      i32.const 8
                      i32.eq
                      br_if 1 (;@8;)
                      local.get 1
                      i32.const 0
                      i32.store8 offset=12
                      local.get 12
                      i32.const 27
                      i32.eq
                      br_if 4 (;@5;)
                      local.get 12
                      i64.extend_i32_u
                      i64.const 32
                      i64.shl
                      local.set 13
                      br 2 (;@7;)
                    end
                    local.get 4
                    i32.load offset=12
                    local.set 11
                  end
                  local.get 1
                  i32.const 0
                  i32.store8 offset=12
                  local.get 11
                  br_if 1 (;@6;)
                  i32.const 1049272
                  i64.extend_i32_u
                  i64.const 32
                  i64.shl
                  i64.const 2
                  i64.or
                  local.set 13
                end
                block ;; label = @7
                  local.get 8
                  i32.eqz
                  br_if 0 (;@7;)
                  local.get 7
                  local.get 10
                  local.get 9
                  call $memmove
                  drop
                  local.get 1
                  local.get 9
                  i32.store offset=8
                  local.get 9
                  local.set 6
                end
                local.get 13
                i64.const 255
                i64.and
                i64.const 4
                i64.eq
                br_if 3 (;@3;)
                local.get 0
                local.get 13
                i64.store align=4
                br 4 (;@2;)
              end
              local.get 11
              local.get 8
              i32.add
              local.set 8
            end
            local.get 8
            local.get 6
            i32.lt_u
            br_if 0 (;@4;)
          end
          local.get 6
          local.get 8
          i32.lt_u
          br_if 2 (;@1;)
          i32.const 0
          local.set 6
          local.get 1
          i32.const 0
          i32.store offset=8
        end
        block ;; label = @3
          local.get 5
          local.get 3
          i32.le_u
          br_if 0 (;@3;)
          local.get 1
          i32.load offset=4
          local.get 6
          i32.add
          local.get 2
          local.get 3
          call $memcpy
          drop
          local.get 0
          i32.const 4
          i32.store8
          local.get 1
          local.get 6
          local.get 3
          i32.add
          i32.store offset=8
          br 1 (;@2;)
        end
        i64.const 0
        local.set 14
        block ;; label = @3
          block ;; label = @4
            block ;; label = @5
              local.get 3
              i32.eqz
              br_if 0 (;@5;)
              loop ;; label = @6
                local.get 4
                local.get 3
                i32.store offset=4
                local.get 4
                local.get 2
                i32.store
                local.get 4
                i32.const 8
                i32.add
                i32.const 1
                local.get 4
                i32.const 1
                call $_ZN4wasi13lib_generated8fd_write17h6d66c9f78bab1464E
                block ;; label = @7
                  block ;; label = @8
                    block ;; label = @9
                      block ;; label = @10
                        local.get 4
                        i32.load16_u offset=8
                        br_if 0 (;@10;)
                        block ;; label = @11
                          local.get 4
                          i32.load offset=12
                          local.tee 8
                          br_if 0 (;@11;)
                          i32.const 0
                          i64.load offset=1050336
                          local.set 15
                          br 2 (;@9;)
                        end
                        local.get 3
                        local.get 8
                        i32.ge_u
                        br_if 2 (;@8;)
                        local.get 8
                        local.get 3
                        i32.const 1050344
                        call $_ZN4core5slice5index26slice_start_index_len_fail17hf532ad17fbd34cfbE
                        unreachable
                      end
                      local.get 4
                      i64.load16_u offset=10
                      local.tee 13
                      i64.const 27
                      i64.eq
                      br_if 2 (;@7;)
                      local.get 13
                      i64.const 32
                      i64.shl
                      local.set 15
                    end
                    local.get 15
                    i64.const 32
                    i64.shr_u
                    local.set 14
                    local.get 15
                    i64.const -256
                    i64.and
                    local.set 13
                    local.get 15
                    i32.wrap_i64
                    i32.const 255
                    i32.and
                    local.tee 8
                    i32.const 4
                    i32.eq
                    br_if 4 (;@4;)
                    i64.const 4
                    local.get 15
                    i64.const 255
                    i64.and
                    local.get 8
                    i32.eqz
                    local.get 14
                    i64.const 8
                    i64.eq
                    i32.and
                    local.tee 8
                    select
                    local.set 14
                    i64.const 0
                    local.get 13
                    local.get 8
                    select
                    local.set 13
                    br 5 (;@3;)
                  end
                  local.get 2
                  local.get 8
                  i32.add
                  local.set 2
                  local.get 3
                  local.get 8
                  i32.sub
                  local.set 3
                end
                local.get 3
                br_if 0 (;@6;)
              end
            end
            i64.const 0
            local.set 13
          end
          local.get 13
          i64.const 4294967040
          i64.and
          local.get 14
          i64.const 32
          i64.shl
          i64.or
          local.set 13
          i64.const 4
          local.set 14
        end
        local.get 1
        i32.const 0
        i32.store8 offset=12
        local.get 0
        local.get 14
        local.get 13
        i64.or
        i64.store align=4
      end
      local.get 4
      i32.const 16
      i32.add
      global.set $__stack_pointer
      return
    end
    local.get 8
    local.get 6
    i32.const 1048884
    call $_ZN4core5slice5index24slice_end_index_len_fail17hefffba3d17c3a383E
    unreachable
  )
  (func $_ZN3std3sys3pal4wasi2os12error_string17hb1649b0cfbade6c2E (;52;) (type 1) (param i32 i32)
    (local i32 i32 i32 i32)
    global.get $__stack_pointer
    i32.const 1056
    i32.sub
    local.tee 2
    global.set $__stack_pointer
    block ;; label = @1
      block ;; label = @2
        local.get 1
        local.get 2
        i32.const 0
        i32.const 1024
        call $memset
        local.tee 2
        i32.const 1024
        call $strerror_r
        i32.const 0
        i32.lt_s
        br_if 0 (;@2;)
        local.get 2
        i32.const 1024
        i32.add
        local.get 2
        local.get 2
        call $strlen
        call $_ZN4core3str8converts9from_utf817he17ab4aa096c6762E
        block ;; label = @3
          local.get 2
          i32.load offset=1024
          br_if 0 (;@3;)
          local.get 2
          i32.load offset=1028
          local.set 3
          block ;; label = @4
            block ;; label = @5
              local.get 2
              i32.load offset=1032
              local.tee 1
              br_if 0 (;@5;)
              i32.const 1
              local.set 4
              br 1 (;@4;)
            end
            i32.const 0
            local.set 5
            local.get 1
            i32.const 0
            i32.lt_s
            br_if 3 (;@1;)
            i32.const 0
            i32.load8_u offset=1055113
            drop
            i32.const 1
            local.set 5
            local.get 1
            i32.const 1
            call $__rust_alloc
            local.tee 4
            i32.eqz
            br_if 3 (;@1;)
          end
          local.get 4
          local.get 3
          local.get 1
          call $memcpy
          local.set 3
          local.get 0
          local.get 1
          i32.store offset=8
          local.get 0
          local.get 3
          i32.store offset=4
          local.get 0
          local.get 1
          i32.store
          local.get 2
          i32.const 1056
          i32.add
          global.set $__stack_pointer
          return
        end
        local.get 2
        local.get 2
        i64.load offset=1028 align=4
        i64.store offset=1048
        i32.const 1049195
        i32.const 43
        local.get 2
        i32.const 1048
        i32.add
        i32.const 1051584
        i32.const 1051636
        call $_ZN4core6result13unwrap_failed17hfa7aaa8b0a38a348E
        unreachable
      end
      local.get 2
      i32.const 0
      i32.store offset=1040
      local.get 2
      i32.const 1
      i32.store offset=1028
      local.get 2
      i32.const 1051672
      i32.store offset=1024
      local.get 2
      i64.const 4
      i64.store offset=1032 align=4
      local.get 2
      i32.const 1024
      i32.add
      i32.const 1051680
      call $_ZN4core9panicking9panic_fmt17hce5c13620e7e8ff3E
      unreachable
    end
    local.get 5
    local.get 1
    call $_ZN5alloc7raw_vec12handle_error17hd1612f25636e3e3aE
    unreachable
  )
  (func $_ZN3std4sync9once_lock17OnceLock$LT$T$GT$10initialize17h79d89590eabbe7f1E (;53;) (type 9)
    (local i32)
    global.get $__stack_pointer
    i32.const 16
    i32.sub
    local.tee 0
    global.set $__stack_pointer
    block ;; label = @1
      i32.const 0
      i32.load8_u offset=1055148
      i32.const 3
      i32.eq
      br_if 0 (;@1;)
      local.get 0
      i32.const 1055116
      i32.store offset=4
      local.get 0
      local.get 0
      i32.const 15
      i32.add
      i32.store offset=8
      local.get 0
      i32.const 4
      i32.add
      call $_ZN3std3sys4sync4once10no_threads4Once4call17h2c14f4eb0a083486E
    end
    local.get 0
    i32.const 16
    i32.add
    global.set $__stack_pointer
  )
  (func $_ZN61_$LT$$RF$std..io..stdio..Stdout$u20$as$u20$std..io..Write$GT$9write_fmt17h883520ef47898758E (;54;) (type 4) (param i32 i32 i32)
    (local i32 i32)
    global.get $__stack_pointer
    i32.const 48
    i32.sub
    local.tee 3
    global.set $__stack_pointer
    block ;; label = @1
      block ;; label = @2
        block ;; label = @3
          local.get 1
          i32.load
          i32.load
          local.tee 1
          i32.load
          i32.const 1048748
          i32.eq
          br_if 0 (;@3;)
          local.get 1
          i32.load8_u offset=8
          local.set 4
          local.get 1
          i32.const 1
          i32.store8 offset=8
          local.get 3
          local.get 4
          i32.store8 offset=8
          local.get 4
          i32.eqz
          br_if 1 (;@2;)
          local.get 3
          i64.const 0
          i64.store offset=36 align=4
          local.get 3
          i64.const 17179869185
          i64.store offset=28 align=4
          local.get 3
          i32.const 1050564
          i32.store offset=24
          local.get 3
          i32.const 8
          i32.add
          local.get 3
          i32.const 24
          i32.add
          call $_ZN4core9panicking13assert_failed17h7ad2766c27c46440E
          unreachable
        end
        block ;; label = @3
          local.get 1
          i32.load offset=4
          local.tee 4
          i32.const -1
          i32.eq
          br_if 0 (;@3;)
          local.get 1
          local.get 4
          i32.const 1
          i32.add
          i32.store offset=4
          br 2 (;@1;)
        end
        i32.const 1050692
        i32.const 38
        i32.const 1050768
        call $_ZN4core6option13expect_failed17hd1b9773a78a223deE
        unreachable
      end
      local.get 1
      i32.const 1
      i32.store offset=4
      local.get 1
      i32.const 1048748
      i32.store
    end
    local.get 3
    local.get 1
    i32.store offset=4
    local.get 3
    i32.const 4
    i32.store8 offset=8
    local.get 3
    local.get 3
    i32.const 4
    i32.add
    i32.store offset=16
    block ;; label = @1
      block ;; label = @2
        block ;; label = @3
          local.get 3
          i32.const 8
          i32.add
          i32.const 1048972
          local.get 2
          call $_ZN4core3fmt5write17hdf77305f121672daE
          br_if 0 (;@3;)
          local.get 0
          i32.const 4
          i32.store8
          local.get 3
          i32.load offset=12
          local.set 2
          block ;; label = @4
            local.get 3
            i32.load8_u offset=8
            local.tee 1
            i32.const 4
            i32.gt_u
            br_if 0 (;@4;)
            local.get 1
            i32.const 3
            i32.ne
            br_if 2 (;@2;)
          end
          local.get 2
          i32.load
          local.set 0
          block ;; label = @4
            local.get 2
            i32.const 4
            i32.add
            i32.load
            local.tee 1
            i32.load
            local.tee 4
            i32.eqz
            br_if 0 (;@4;)
            local.get 0
            local.get 4
            call_indirect (type 0)
          end
          block ;; label = @4
            local.get 1
            i32.load offset=4
            local.tee 4
            i32.eqz
            br_if 0 (;@4;)
            local.get 0
            local.get 4
            local.get 1
            i32.load offset=8
            call $__rust_dealloc
          end
          local.get 2
          i32.const 12
          i32.const 4
          call $__rust_dealloc
          br 1 (;@2;)
        end
        local.get 3
        i32.load8_u offset=8
        i32.const 4
        i32.eq
        br_if 1 (;@1;)
        local.get 0
        local.get 3
        i64.load offset=8
        i64.store align=4
      end
      local.get 3
      i32.load offset=4
      local.tee 1
      local.get 1
      i32.load offset=4
      i32.const -1
      i32.add
      local.tee 2
      i32.store offset=4
      block ;; label = @2
        local.get 2
        br_if 0 (;@2;)
        local.get 1
        i32.const 0
        i32.store8 offset=8
        local.get 1
        i32.const 0
        i32.store
      end
      local.get 3
      i32.const 48
      i32.add
      global.set $__stack_pointer
      return
    end
    local.get 3
    i32.const 0
    i32.store offset=40
    local.get 3
    i32.const 1
    i32.store offset=28
    local.get 3
    i32.const 1050448
    i32.store offset=24
    local.get 3
    i64.const 4
    i64.store offset=32 align=4
    local.get 3
    i32.const 24
    i32.add
    i32.const 1050456
    call $_ZN4core9panicking9panic_fmt17hce5c13620e7e8ff3E
    unreachable
  )
  (func $_ZN3std3sys12thread_local6statik20LazyStorage$LT$T$GT$10initialize17h8cd8844ee216f779E (;55;) (type 0) (param i32)
    (local i32 i32 i32)
    global.get $__stack_pointer
    i32.const 16
    i32.sub
    local.tee 1
    global.set $__stack_pointer
    i32.const 0
    local.set 2
    block ;; label = @1
      local.get 0
      i32.eqz
      br_if 0 (;@1;)
      local.get 0
      i32.load
      local.set 3
      local.get 0
      i32.const 0
      i32.store
      local.get 0
      i32.load offset=4
      i32.const 0
      local.get 3
      select
      local.set 2
    end
    i32.const 0
    i32.load8_u offset=1055192
    local.set 3
    i32.const 0
    i32.const 1
    i32.store8 offset=1055192
    i32.const 0
    i32.load offset=1055196
    local.set 0
    i32.const 0
    local.get 2
    i32.store offset=1055196
    local.get 1
    local.get 0
    i32.store offset=12
    local.get 1
    local.get 3
    i32.store offset=8
    block ;; label = @1
      local.get 3
      i32.eqz
      br_if 0 (;@1;)
      local.get 0
      i32.eqz
      br_if 0 (;@1;)
      local.get 0
      local.get 0
      i32.load
      local.tee 3
      i32.const -1
      i32.add
      i32.store
      local.get 3
      i32.const 1
      i32.ne
      br_if 0 (;@1;)
      local.get 1
      i32.const 12
      i32.add
      call $_ZN5alloc4sync16Arc$LT$T$C$A$GT$9drop_slow17hc3c87a0f85ea78e9E
    end
    local.get 1
    i32.const 16
    i32.add
    global.set $__stack_pointer
  )
  (func $_ZN3std2io5stdio31print_to_buffer_if_capture_used17hdc75c1d7caf5ab25E (;56;) (type 8) (param i32) (result i32)
    (local i32 i32 i32 i32 i32)
    global.get $__stack_pointer
    i32.const 32
    i32.sub
    local.tee 1
    global.set $__stack_pointer
    i32.const 0
    local.set 2
    block ;; label = @1
      block ;; label = @2
        i32.const 0
        i32.load8_u offset=1055114
        i32.eqz
        br_if 0 (;@2;)
        i32.const 0
        local.set 2
        block ;; label = @3
          i32.const 0
          i32.load8_u offset=1055192
          br_if 0 (;@3;)
          i32.const 0
          call $_ZN3std3sys12thread_local6statik20LazyStorage$LT$T$GT$10initialize17h8cd8844ee216f779E
        end
        i32.const 0
        i32.load offset=1055196
        local.set 3
        i32.const 0
        i32.const 0
        i32.store offset=1055196
        local.get 3
        i32.eqz
        br_if 0 (;@2;)
        local.get 3
        i32.load8_u offset=8
        local.set 2
        local.get 3
        i32.const 1
        i32.store8 offset=8
        local.get 1
        local.get 2
        i32.store8 offset=7
        local.get 2
        br_if 1 (;@1;)
        local.get 1
        i32.const 8
        i32.add
        local.get 3
        i32.const 12
        i32.add
        local.get 0
        call $_ZN3std2io5Write9write_fmt17h17cd98345c6a3228E
        local.get 1
        i32.load offset=12
        local.set 0
        block ;; label = @3
          block ;; label = @4
            local.get 1
            i32.load8_u offset=8
            local.tee 2
            i32.const 4
            i32.gt_u
            br_if 0 (;@4;)
            local.get 2
            i32.const 3
            i32.ne
            br_if 1 (;@3;)
          end
          local.get 0
          i32.load
          local.set 4
          block ;; label = @4
            local.get 0
            i32.const 4
            i32.add
            i32.load
            local.tee 2
            i32.load
            local.tee 5
            i32.eqz
            br_if 0 (;@4;)
            local.get 4
            local.get 5
            call_indirect (type 0)
          end
          block ;; label = @4
            local.get 2
            i32.load offset=4
            local.tee 5
            i32.eqz
            br_if 0 (;@4;)
            local.get 4
            local.get 5
            local.get 2
            i32.load offset=8
            call $__rust_dealloc
          end
          local.get 0
          i32.const 12
          i32.const 4
          call $__rust_dealloc
        end
        local.get 3
        i32.const 0
        i32.store8 offset=8
        i32.const 0
        i32.load offset=1055196
        local.set 2
        i32.const 0
        local.get 3
        i32.store offset=1055196
        local.get 1
        local.get 2
        i32.store offset=8
        block ;; label = @3
          local.get 2
          i32.eqz
          br_if 0 (;@3;)
          local.get 2
          local.get 2
          i32.load
          local.tee 3
          i32.const -1
          i32.add
          i32.store
          local.get 3
          i32.const 1
          i32.ne
          br_if 0 (;@3;)
          local.get 1
          i32.const 8
          i32.add
          call $_ZN5alloc4sync16Arc$LT$T$C$A$GT$9drop_slow17hc3c87a0f85ea78e9E
        end
        i32.const 1
        local.set 2
      end
      local.get 1
      i32.const 32
      i32.add
      global.set $__stack_pointer
      local.get 2
      return
    end
    local.get 1
    i64.const 0
    i64.store offset=20 align=4
    local.get 1
    i64.const 17179869185
    i64.store offset=12 align=4
    local.get 1
    i32.const 1050564
    i32.store offset=8
    local.get 1
    i32.const 7
    i32.add
    local.get 1
    i32.const 8
    i32.add
    call $_ZN4core9panicking13assert_failed17h7ad2766c27c46440E
    unreachable
  )
  (func $_ZN3std2io5Write9write_fmt17h17cd98345c6a3228E (;57;) (type 4) (param i32 i32 i32)
    (local i32 i32)
    global.get $__stack_pointer
    i32.const 48
    i32.sub
    local.tee 3
    global.set $__stack_pointer
    local.get 3
    i32.const 4
    i32.store8 offset=8
    local.get 3
    local.get 1
    i32.store offset=16
    block ;; label = @1
      block ;; label = @2
        local.get 3
        i32.const 8
        i32.add
        i32.const 1049044
        local.get 2
        call $_ZN4core3fmt5write17hdf77305f121672daE
        br_if 0 (;@2;)
        local.get 0
        i32.const 4
        i32.store8
        local.get 3
        i32.load offset=12
        local.set 2
        block ;; label = @3
          local.get 3
          i32.load8_u offset=8
          local.tee 1
          i32.const 4
          i32.gt_u
          br_if 0 (;@3;)
          local.get 1
          i32.const 3
          i32.ne
          br_if 2 (;@1;)
        end
        local.get 2
        i32.load
        local.set 0
        block ;; label = @3
          local.get 2
          i32.const 4
          i32.add
          i32.load
          local.tee 1
          i32.load
          local.tee 4
          i32.eqz
          br_if 0 (;@3;)
          local.get 0
          local.get 4
          call_indirect (type 0)
        end
        block ;; label = @3
          local.get 1
          i32.load offset=4
          local.tee 4
          i32.eqz
          br_if 0 (;@3;)
          local.get 0
          local.get 4
          local.get 1
          i32.load offset=8
          call $__rust_dealloc
        end
        local.get 2
        i32.const 12
        i32.const 4
        call $__rust_dealloc
        br 1 (;@1;)
      end
      block ;; label = @2
        local.get 3
        i32.load8_u offset=8
        i32.const 4
        i32.eq
        br_if 0 (;@2;)
        local.get 0
        local.get 3
        i64.load offset=8
        i64.store align=4
        br 1 (;@1;)
      end
      local.get 3
      i32.const 0
      i32.store offset=40
      local.get 3
      i32.const 1
      i32.store offset=28
      local.get 3
      i32.const 1050448
      i32.store offset=24
      local.get 3
      i64.const 4
      i64.store offset=32 align=4
      local.get 3
      i32.const 24
      i32.add
      i32.const 1050456
      call $_ZN4core9panicking9panic_fmt17hce5c13620e7e8ff3E
      unreachable
    end
    local.get 3
    i32.const 48
    i32.add
    global.set $__stack_pointer
  )
  (func $_ZN3std2io5stdio6_print17hb98dddabc0032f19E (;58;) (type 0) (param i32)
    (local i32)
    global.get $__stack_pointer
    i32.const 80
    i32.sub
    local.tee 1
    global.set $__stack_pointer
    local.get 1
    i32.const 6
    i32.store offset=12
    local.get 1
    i32.const 1050260
    i32.store offset=8
    block ;; label = @1
      block ;; label = @2
        local.get 0
        call $_ZN3std2io5stdio31print_to_buffer_if_capture_used17hdc75c1d7caf5ab25E
        br_if 0 (;@2;)
        block ;; label = @3
          i32.const 0
          i32.load8_u offset=1055148
          i32.const 3
          i32.eq
          br_if 0 (;@3;)
          call $_ZN3std4sync9once_lock17OnceLock$LT$T$GT$10initialize17h79d89590eabbe7f1E
        end
        local.get 1
        i32.const 1055116
        i32.store offset=28
        local.get 1
        local.get 1
        i32.const 28
        i32.add
        i32.store offset=40
        local.get 1
        i32.const 16
        i32.add
        local.get 1
        i32.const 40
        i32.add
        local.get 0
        call $_ZN61_$LT$$RF$std..io..stdio..Stdout$u20$as$u20$std..io..Write$GT$9write_fmt17h883520ef47898758E
        local.get 1
        i32.load8_u offset=16
        i32.const 4
        i32.ne
        br_if 1 (;@1;)
      end
      local.get 1
      i32.const 80
      i32.add
      global.set $__stack_pointer
      return
    end
    local.get 1
    local.get 1
    i64.load offset=16
    i64.store offset=32
    local.get 1
    i32.const 2
    i32.store offset=44
    local.get 1
    i32.const 1050228
    i32.store offset=40
    local.get 1
    i64.const 2
    i64.store offset=52 align=4
    local.get 1
    i32.const 7
    i64.extend_i32_u
    i64.const 32
    i64.shl
    local.get 1
    i32.const 32
    i32.add
    i64.extend_i32_u
    i64.or
    i64.store offset=72
    local.get 1
    i32.const 4
    i64.extend_i32_u
    i64.const 32
    i64.shl
    local.get 1
    i32.const 8
    i32.add
    i64.extend_i32_u
    i64.or
    i64.store offset=64
    local.get 1
    local.get 1
    i32.const 64
    i32.add
    i32.store offset=48
    local.get 1
    i32.const 40
    i32.add
    i32.const 1050244
    call $_ZN4core9panicking9panic_fmt17hce5c13620e7e8ff3E
    unreachable
  )
  (func $_ZN80_$LT$std..io..Write..write_fmt..Adapter$LT$T$GT$$u20$as$u20$core..fmt..Write$GT$9write_str17h21e7109270efd78dE (;59;) (type 3) (param i32 i32 i32) (result i32)
    (local i32 i32 i64 i32 i32)
    global.get $__stack_pointer
    i32.const 16
    i32.sub
    local.tee 3
    global.set $__stack_pointer
    local.get 3
    i32.const 8
    i32.add
    local.get 0
    i32.load offset=8
    local.get 1
    local.get 2
    call $_ZN61_$LT$std..io..stdio..StdoutLock$u20$as$u20$std..io..Write$GT$9write_all17hcda52c4da44eda60E
    block ;; label = @1
      local.get 3
      i32.load8_u offset=8
      local.tee 2
      i32.const 4
      i32.eq
      br_if 0 (;@1;)
      local.get 0
      i32.load offset=4
      local.set 4
      local.get 3
      i64.load offset=8
      local.set 5
      block ;; label = @2
        block ;; label = @3
          local.get 0
          i32.load8_u
          local.tee 1
          i32.const 4
          i32.gt_u
          br_if 0 (;@3;)
          local.get 1
          i32.const 3
          i32.ne
          br_if 1 (;@2;)
        end
        local.get 4
        i32.load
        local.set 6
        block ;; label = @3
          local.get 4
          i32.const 4
          i32.add
          i32.load
          local.tee 1
          i32.load
          local.tee 7
          i32.eqz
          br_if 0 (;@3;)
          local.get 6
          local.get 7
          call_indirect (type 0)
        end
        block ;; label = @3
          local.get 1
          i32.load offset=4
          local.tee 7
          i32.eqz
          br_if 0 (;@3;)
          local.get 6
          local.get 7
          local.get 1
          i32.load offset=8
          call $__rust_dealloc
        end
        local.get 4
        i32.const 12
        i32.const 4
        call $__rust_dealloc
      end
      local.get 0
      local.get 5
      i64.store align=4
    end
    local.get 3
    i32.const 16
    i32.add
    global.set $__stack_pointer
    local.get 2
    i32.const 4
    i32.ne
  )
  (func $_ZN80_$LT$std..io..Write..write_fmt..Adapter$LT$T$GT$$u20$as$u20$core..fmt..Write$GT$9write_str17h62eaaf87844015beE (;60;) (type 3) (param i32 i32 i32) (result i32)
    (local i32)
    block ;; label = @1
      local.get 0
      i32.load offset=8
      local.tee 0
      i32.load
      local.get 0
      i32.load offset=8
      local.tee 3
      i32.sub
      local.get 2
      i32.ge_u
      br_if 0 (;@1;)
      local.get 0
      local.get 3
      local.get 2
      call $_ZN5alloc7raw_vec19RawVec$LT$T$C$A$GT$7reserve21do_reserve_and_handle17h50f495481d02cccaE
      local.get 0
      i32.load offset=8
      local.set 3
    end
    local.get 0
    i32.load offset=4
    local.get 3
    i32.add
    local.get 1
    local.get 2
    call $memcpy
    drop
    local.get 0
    local.get 3
    local.get 2
    i32.add
    i32.store offset=8
    i32.const 0
  )
  (func $_ZN3std5panic19get_backtrace_style17haa7c0a012eed10e1E (;61;) (type 10) (result i32)
    (local i32 i32 i32 i32)
    global.get $__stack_pointer
    i32.const 16
    i32.sub
    local.tee 0
    global.set $__stack_pointer
    i32.const 1
    local.set 1
    block ;; label = @1
      block ;; label = @2
        block ;; label = @3
          block ;; label = @4
            block ;; label = @5
              i32.const 0
              i32.load8_u offset=1055152
              br_table 3 (;@2;) 1 (;@4;) 4 (;@1;) 2 (;@3;) 0 (;@5;)
            end
            i32.const 1048768
            i32.const 40
            i32.const 1050512
            call $_ZN4core9panicking5panic17hc01df023b5b232e2E
            unreachable
          end
          i32.const 0
          local.set 1
          br 2 (;@1;)
        end
        i32.const 2
        local.set 1
        br 1 (;@1;)
      end
      local.get 0
      i32.const 4
      i32.add
      i32.const 1049181
      i32.const 14
      call $_ZN3std3env7_var_os17h5ab160ef3fb53b3dE
      block ;; label = @2
        block ;; label = @3
          local.get 0
          i32.load offset=4
          local.tee 2
          i32.const -2147483648
          i32.eq
          br_if 0 (;@3;)
          i32.const 0
          local.set 1
          local.get 0
          i32.load offset=8
          local.set 3
          block ;; label = @4
            block ;; label = @5
              block ;; label = @6
                local.get 0
                i32.load offset=12
                i32.const -1
                i32.add
                br_table 0 (;@6;) 2 (;@4;) 2 (;@4;) 1 (;@5;) 2 (;@4;)
              end
              local.get 3
              i32.load8_u
              i32.const 48
              i32.eq
              i32.const 1
              i32.shl
              local.set 1
              br 1 (;@4;)
            end
            local.get 3
            i32.const 1050528
            i32.const 4
            call $memcmp
            i32.eqz
            local.set 1
          end
          block ;; label = @4
            local.get 2
            i32.eqz
            br_if 0 (;@4;)
            local.get 3
            local.get 2
            i32.const 1
            call $__rust_dealloc
          end
          local.get 1
          i32.const 1
          i32.add
          local.set 2
          br 1 (;@2;)
        end
        i32.const 3
        local.set 2
        i32.const 2
        local.set 1
      end
      i32.const 0
      local.get 2
      i32.store8 offset=1055152
    end
    local.get 0
    i32.const 16
    i32.add
    global.set $__stack_pointer
    local.get 1
  )
  (func $_ZN3std7process5abort17h119eb14e76e156bcE (;62;) (type 9)
    call $_ZN3std3sys3pal4wasi7helpers14abort_internal17haeced0d336247fd2E
    unreachable
  )
  (func $_ZN3std3sys4sync4once10no_threads4Once4call17h2c14f4eb0a083486E (;63;) (type 0) (param i32)
    (local i32 i32)
    global.get $__stack_pointer
    i32.const 32
    i32.sub
    local.tee 1
    global.set $__stack_pointer
    block ;; label = @1
      block ;; label = @2
        block ;; label = @3
          block ;; label = @4
            block ;; label = @5
              i32.const 0
              i32.load8_u offset=1055148
              local.tee 2
              i32.const 2
              i32.lt_u
              br_if 0 (;@5;)
              local.get 2
              i32.const -2
              i32.add
              br_table 2 (;@3;) 1 (;@4;) 2 (;@3;)
            end
            i32.const 0
            i32.const 2
            i32.store8 offset=1055148
            local.get 0
            i32.load
            local.set 2
            local.get 0
            i32.const 0
            i32.store
            local.get 2
            i32.eqz
            br_if 2 (;@2;)
            i32.const 0
            i32.load8_u offset=1055113
            drop
            i32.const 1024
            i32.const 1
            call $__rust_alloc
            local.tee 0
            i32.eqz
            br_if 3 (;@1;)
            local.get 2
            i64.const 0
            i64.store align=4
            local.get 2
            i32.const 0
            i32.store8 offset=28
            local.get 2
            i32.const 0
            i32.store offset=24
            local.get 2
            local.get 0
            i32.store offset=20
            local.get 2
            i64.const 4398046511104
            i64.store offset=12 align=4
            local.get 2
            i32.const 8
            i32.add
            i32.const 0
            i32.store8
            i32.const 0
            i32.const 3
            i32.store8 offset=1055148
          end
          local.get 1
          i32.const 32
          i32.add
          global.set $__stack_pointer
          return
        end
        local.get 1
        i32.const 0
        i32.store offset=24
        local.get 1
        i32.const 1
        i32.store offset=12
        local.get 1
        i32.const 1051752
        i32.store offset=8
        local.get 1
        i64.const 4
        i64.store offset=16 align=4
        local.get 1
        i32.const 8
        i32.add
        i32.const 1050660
        call $_ZN4core9panicking9panic_fmt17hce5c13620e7e8ff3E
        unreachable
      end
      i32.const 1050676
      call $_ZN4core6option13unwrap_failed17h9b66b7d25831bcc7E
      unreachable
    end
    i32.const 1
    i32.const 1024
    call $_ZN5alloc7raw_vec12handle_error17hd1612f25636e3e3aE
    unreachable
  )
  (func $_ZN84_$LT$std..sys..backtrace.._print..DisplayBacktrace$u20$as$u20$core..fmt..Display$GT$3fmt17h9930c3231e53f5a3E (;64;) (type 2) (param i32 i32) (result i32)
    (local i32 i32 i32 i64 i32 i32 i32 i32)
    global.get $__stack_pointer
    i32.const 16
    i32.sub
    local.tee 2
    global.set $__stack_pointer
    local.get 1
    i32.load offset=24
    local.set 3
    local.get 1
    i32.load offset=20
    local.set 4
    local.get 0
    i32.load8_u
    local.set 0
    local.get 2
    i32.const 4
    i32.add
    call $_ZN3std3env11current_dir17hd4ea579a8270d749E
    local.get 2
    i64.load offset=8 align=4
    local.set 5
    block ;; label = @1
      local.get 2
      i32.load offset=4
      local.tee 1
      i32.const -2147483648
      i32.ne
      br_if 0 (;@1;)
      local.get 5
      i64.const 255
      i64.and
      i64.const 3
      i64.ne
      br_if 0 (;@1;)
      local.get 5
      i64.const 32
      i64.shr_u
      i32.wrap_i64
      local.tee 6
      i32.load
      local.set 7
      block ;; label = @2
        local.get 6
        i32.const 4
        i32.add
        i32.load
        local.tee 8
        i32.load
        local.tee 9
        i32.eqz
        br_if 0 (;@2;)
        local.get 7
        local.get 9
        call_indirect (type 0)
      end
      block ;; label = @2
        local.get 8
        i32.load offset=4
        local.tee 9
        i32.eqz
        br_if 0 (;@2;)
        local.get 7
        local.get 9
        local.get 8
        i32.load offset=8
        call $__rust_dealloc
      end
      local.get 6
      i32.const 12
      i32.const 4
      call $__rust_dealloc
    end
    block ;; label = @1
      block ;; label = @2
        block ;; label = @3
          local.get 4
          i32.const 1050848
          i32.const 17
          local.get 3
          i32.load offset=12
          local.tee 3
          call_indirect (type 3)
          br_if 0 (;@3;)
          block ;; label = @4
            local.get 0
            i32.const 255
            i32.and
            br_if 0 (;@4;)
            local.get 4
            i32.const 1050865
            i32.const 88
            local.get 3
            call_indirect (type 3)
            br_if 1 (;@3;)
          end
          i32.const 0
          local.set 4
          local.get 1
          i32.const -2147483648
          i32.or
          i32.const -2147483648
          i32.eq
          br_if 2 (;@1;)
          br 1 (;@2;)
        end
        i32.const 1
        local.set 4
        local.get 1
        i32.const -2147483648
        i32.or
        i32.const -2147483648
        i32.eq
        br_if 1 (;@1;)
      end
      local.get 5
      i32.wrap_i64
      local.get 1
      i32.const 1
      call $__rust_dealloc
    end
    local.get 2
    i32.const 16
    i32.add
    global.set $__stack_pointer
    local.get 4
  )
  (func $_ZN3std3sys9backtrace26__rust_end_short_backtrace17hd2c1554af0556f0dE (;65;) (type 0) (param i32)
    local.get 0
    call $_ZN3std9panicking19begin_panic_handler28_$u7b$$u7b$closure$u7d$$u7d$17h363aa0aa1fa020d2E
    unreachable
  )
  (func $_ZN3std9panicking19begin_panic_handler28_$u7b$$u7b$closure$u7d$$u7d$17h363aa0aa1fa020d2E (;66;) (type 0) (param i32)
    (local i32 i32 i32)
    global.get $__stack_pointer
    i32.const 16
    i32.sub
    local.tee 1
    global.set $__stack_pointer
    local.get 0
    i32.load offset=12
    local.set 2
    block ;; label = @1
      block ;; label = @2
        block ;; label = @3
          block ;; label = @4
            local.get 0
            i32.load offset=4
            br_table 0 (;@4;) 1 (;@3;) 2 (;@2;)
          end
          local.get 2
          br_if 1 (;@2;)
          i32.const 1
          local.set 2
          i32.const 0
          local.set 3
          br 2 (;@1;)
        end
        local.get 2
        br_if 0 (;@2;)
        local.get 0
        i32.load
        local.tee 2
        i32.load offset=4
        local.set 3
        local.get 2
        i32.load
        local.set 2
        br 1 (;@1;)
      end
      local.get 1
      i32.const -2147483648
      i32.store
      local.get 1
      local.get 0
      i32.store offset=12
      local.get 1
      i32.const 1051288
      local.get 0
      i32.load offset=24
      local.get 0
      i32.load offset=28
      local.tee 0
      i32.load8_u offset=28
      local.get 0
      i32.load8_u offset=29
      call $_ZN3std9panicking20rust_panic_with_hook17ha79885282dbf6477E
      unreachable
    end
    local.get 1
    local.get 3
    i32.store offset=4
    local.get 1
    local.get 2
    i32.store
    local.get 1
    i32.const 1051260
    local.get 0
    i32.load offset=24
    local.get 0
    i32.load offset=28
    local.tee 0
    i32.load8_u offset=28
    local.get 0
    i32.load8_u offset=29
    call $_ZN3std9panicking20rust_panic_with_hook17ha79885282dbf6477E
    unreachable
  )
  (func $_ZN3std5alloc24default_alloc_error_hook17h8927578e3ed1baaeE (;67;) (type 1) (param i32 i32)
    (local i32 i32 i32 i32)
    global.get $__stack_pointer
    i32.const 48
    i32.sub
    local.tee 2
    global.set $__stack_pointer
    block ;; label = @1
      i32.const 0
      i32.load8_u offset=1055112
      br_if 0 (;@1;)
      local.get 2
      i32.const 2
      i32.store offset=12
      local.get 2
      i32.const 1050988
      i32.store offset=8
      local.get 2
      i64.const 1
      i64.store offset=20 align=4
      local.get 2
      i32.const 8
      i64.extend_i32_u
      i64.const 32
      i64.shl
      local.get 2
      i32.const 40
      i32.add
      i64.extend_i32_u
      i64.or
      i64.store offset=32
      local.get 2
      local.get 1
      i32.store offset=40
      local.get 2
      local.get 2
      i32.const 32
      i32.add
      i32.store offset=16
      local.get 2
      local.get 2
      i32.const 47
      i32.add
      local.get 2
      i32.const 8
      i32.add
      call $_ZN3std2io5Write9write_fmt17hb132ef5d7d0f0861E
      local.get 2
      i32.load offset=4
      local.set 3
      block ;; label = @2
        block ;; label = @3
          local.get 2
          i32.load8_u
          local.tee 1
          i32.const 4
          i32.gt_u
          br_if 0 (;@3;)
          local.get 1
          i32.const 3
          i32.ne
          br_if 1 (;@2;)
        end
        local.get 3
        i32.load
        local.set 4
        block ;; label = @3
          local.get 3
          i32.const 4
          i32.add
          i32.load
          local.tee 1
          i32.load
          local.tee 5
          i32.eqz
          br_if 0 (;@3;)
          local.get 4
          local.get 5
          call_indirect (type 0)
        end
        block ;; label = @3
          local.get 1
          i32.load offset=4
          local.tee 5
          i32.eqz
          br_if 0 (;@3;)
          local.get 4
          local.get 5
          local.get 1
          i32.load offset=8
          call $__rust_dealloc
        end
        local.get 3
        i32.const 12
        i32.const 4
        call $__rust_dealloc
      end
      local.get 2
      i32.const 48
      i32.add
      global.set $__stack_pointer
      return
    end
    local.get 2
    i32.const 2
    i32.store offset=12
    local.get 2
    i32.const 1051020
    i32.store offset=8
    local.get 2
    i64.const 1
    i64.store offset=20 align=4
    local.get 2
    local.get 1
    i32.store
    local.get 2
    i32.const 8
    i64.extend_i32_u
    i64.const 32
    i64.shl
    local.get 2
    i64.extend_i32_u
    i64.or
    i64.store offset=32
    local.get 2
    local.get 2
    i32.const 32
    i32.add
    i32.store offset=16
    local.get 2
    i32.const 8
    i32.add
    i32.const 1051060
    call $_ZN4core9panicking9panic_fmt17hce5c13620e7e8ff3E
    unreachable
  )
  (func $__rdl_alloc (;68;) (type 2) (param i32 i32) (result i32)
    (local i32)
    global.get $__stack_pointer
    i32.const 16
    i32.sub
    local.tee 2
    global.set $__stack_pointer
    block ;; label = @1
      block ;; label = @2
        block ;; label = @3
          local.get 1
          i32.const 8
          i32.gt_u
          br_if 0 (;@3;)
          local.get 1
          local.get 0
          i32.le_u
          br_if 1 (;@2;)
        end
        local.get 2
        i32.const 0
        i32.store offset=12
        local.get 2
        i32.const 12
        i32.add
        local.get 1
        i32.const 4
        local.get 1
        i32.const 4
        i32.gt_u
        select
        local.get 0
        call $posix_memalign
        local.set 1
        i32.const 0
        local.get 2
        i32.load offset=12
        local.get 1
        select
        local.set 1
        br 1 (;@1;)
      end
      local.get 0
      call $malloc
      local.set 1
    end
    local.get 2
    i32.const 16
    i32.add
    global.set $__stack_pointer
    local.get 1
  )
  (func $__rdl_dealloc (;69;) (type 4) (param i32 i32 i32)
    local.get 0
    call $free
  )
  (func $__rdl_realloc (;70;) (type 5) (param i32 i32 i32 i32) (result i32)
    (local i32 i32)
    global.get $__stack_pointer
    i32.const 16
    i32.sub
    local.tee 4
    global.set $__stack_pointer
    block ;; label = @1
      block ;; label = @2
        block ;; label = @3
          local.get 2
          i32.const 8
          i32.gt_u
          br_if 0 (;@3;)
          local.get 2
          local.get 3
          i32.le_u
          br_if 1 (;@2;)
        end
        i32.const 0
        local.set 5
        local.get 4
        i32.const 0
        i32.store offset=12
        local.get 4
        i32.const 12
        i32.add
        local.get 2
        i32.const 4
        local.get 2
        i32.const 4
        i32.gt_u
        select
        local.get 3
        call $posix_memalign
        br_if 1 (;@1;)
        local.get 4
        i32.load offset=12
        local.tee 2
        i32.eqz
        br_if 1 (;@1;)
        local.get 2
        local.get 0
        local.get 1
        local.get 3
        local.get 1
        local.get 3
        i32.lt_u
        select
        call $memcpy
        local.set 2
        local.get 0
        call $free
        local.get 2
        local.set 5
        br 1 (;@1;)
      end
      local.get 0
      local.get 3
      call $realloc
      local.set 5
    end
    local.get 4
    i32.const 16
    i32.add
    global.set $__stack_pointer
    local.get 5
  )
  (func $_ZN3std9panicking12default_hook28_$u7b$$u7b$closure$u7d$$u7d$17hc6748f4e1e549bb9E (;71;) (type 4) (param i32 i32 i32)
    (local i32 i64 i32 i32 i32 i32)
    global.get $__stack_pointer
    i32.const 64
    i32.sub
    local.tee 3
    global.set $__stack_pointer
    local.get 3
    i32.const 1051108
    i32.store
    local.get 3
    i64.const 3
    i64.store offset=12 align=4
    local.get 3
    i32.const 4
    i64.extend_i32_u
    i64.const 32
    i64.shl
    local.tee 4
    local.get 0
    i64.load32_u offset=8
    i64.or
    i64.store offset=48
    local.get 3
    i32.const 9
    i64.extend_i32_u
    i64.const 32
    i64.shl
    local.get 0
    i64.load32_u offset=4
    i64.or
    i64.store offset=40
    local.get 3
    local.get 4
    local.get 0
    i64.load32_u
    i64.or
    i64.store offset=32
    local.get 3
    local.get 3
    i32.const 32
    i32.add
    i32.store offset=8
    local.get 3
    i32.const 4
    i32.store offset=4
    local.get 3
    i32.const 24
    i32.add
    local.get 1
    local.get 3
    local.get 2
    call_indirect (type 4)
    local.get 3
    i32.load offset=28
    local.set 5
    block ;; label = @1
      block ;; label = @2
        local.get 3
        i32.load8_u offset=24
        local.tee 6
        i32.const 4
        i32.gt_u
        br_if 0 (;@2;)
        local.get 6
        i32.const 3
        i32.ne
        br_if 1 (;@1;)
      end
      local.get 5
      i32.load
      local.set 7
      block ;; label = @2
        local.get 5
        i32.const 4
        i32.add
        i32.load
        local.tee 6
        i32.load
        local.tee 8
        i32.eqz
        br_if 0 (;@2;)
        local.get 7
        local.get 8
        call_indirect (type 0)
      end
      block ;; label = @2
        local.get 6
        i32.load offset=4
        local.tee 8
        i32.eqz
        br_if 0 (;@2;)
        local.get 7
        local.get 8
        local.get 6
        i32.load offset=8
        call $__rust_dealloc
      end
      local.get 5
      i32.const 12
      i32.const 4
      call $__rust_dealloc
    end
    block ;; label = @1
      block ;; label = @2
        block ;; label = @3
          block ;; label = @4
            block ;; label = @5
              block ;; label = @6
                local.get 0
                i32.load offset=12
                i32.load8_u
                br_table 0 (;@6;) 1 (;@5;) 2 (;@4;) 3 (;@3;) 0 (;@6;)
              end
              i32.const 0
              i32.load8_u offset=1055153
              local.set 0
              i32.const 0
              i32.const 1
              i32.store8 offset=1055153
              local.get 3
              local.get 0
              i32.store8
              local.get 0
              br_if 3 (;@2;)
              local.get 3
              i32.const 1
              i32.store offset=36
              local.get 3
              i32.const 1049284
              i32.store offset=32
              local.get 3
              i64.const 1
              i64.store offset=44 align=4
              local.get 3
              i32.const 10
              i64.extend_i32_u
              i64.const 32
              i64.shl
              local.get 3
              i32.const 63
              i32.add
              i64.extend_i32_u
              i64.or
              i64.store
              local.get 3
              i32.const 0
              i32.store8 offset=63
              local.get 3
              local.get 3
              i32.store offset=40
              local.get 3
              i32.const 24
              i32.add
              local.get 1
              local.get 3
              i32.const 32
              i32.add
              local.get 2
              call_indirect (type 4)
              i32.const 0
              i32.const 0
              i32.store8 offset=1055153
              local.get 3
              i32.load offset=28
              local.set 1
              block ;; label = @6
                local.get 3
                i32.load8_u offset=24
                local.tee 0
                i32.const 4
                i32.gt_u
                br_if 0 (;@6;)
                local.get 0
                i32.const 3
                i32.ne
                br_if 3 (;@3;)
              end
              local.get 1
              i32.load
              local.set 2
              block ;; label = @6
                local.get 1
                i32.const 4
                i32.add
                i32.load
                local.tee 0
                i32.load
                local.tee 6
                i32.eqz
                br_if 0 (;@6;)
                local.get 2
                local.get 6
                call_indirect (type 0)
              end
              block ;; label = @6
                local.get 0
                i32.load offset=4
                local.tee 6
                i32.eqz
                br_if 0 (;@6;)
                local.get 2
                local.get 6
                local.get 0
                i32.load offset=8
                call $__rust_dealloc
              end
              local.get 1
              i32.const 12
              i32.const 4
              call $__rust_dealloc
              br 2 (;@3;)
            end
            i32.const 0
            i32.load8_u offset=1055153
            local.set 0
            i32.const 0
            i32.const 1
            i32.store8 offset=1055153
            local.get 3
            local.get 0
            i32.store8
            local.get 0
            br_if 3 (;@1;)
            local.get 3
            i32.const 1
            i32.store offset=36
            local.get 3
            i32.const 1049284
            i32.store offset=32
            local.get 3
            i64.const 1
            i64.store offset=44 align=4
            local.get 3
            i32.const 10
            i64.extend_i32_u
            i64.const 32
            i64.shl
            local.get 3
            i32.const 63
            i32.add
            i64.extend_i32_u
            i64.or
            i64.store
            local.get 3
            i32.const 1
            i32.store8 offset=63
            local.get 3
            local.get 3
            i32.store offset=40
            local.get 3
            i32.const 24
            i32.add
            local.get 1
            local.get 3
            i32.const 32
            i32.add
            local.get 2
            call_indirect (type 4)
            i32.const 0
            i32.const 0
            i32.store8 offset=1055153
            local.get 3
            i32.load offset=28
            local.set 1
            block ;; label = @5
              local.get 3
              i32.load8_u offset=24
              local.tee 0
              i32.const 4
              i32.gt_u
              br_if 0 (;@5;)
              local.get 0
              i32.const 3
              i32.ne
              br_if 2 (;@3;)
            end
            local.get 1
            i32.load
            local.set 2
            block ;; label = @5
              local.get 1
              i32.const 4
              i32.add
              i32.load
              local.tee 0
              i32.load
              local.tee 6
              i32.eqz
              br_if 0 (;@5;)
              local.get 2
              local.get 6
              call_indirect (type 0)
            end
            block ;; label = @5
              local.get 0
              i32.load offset=4
              local.tee 6
              i32.eqz
              br_if 0 (;@5;)
              local.get 2
              local.get 6
              local.get 0
              i32.load offset=8
              call $__rust_dealloc
            end
            local.get 1
            i32.const 12
            i32.const 4
            call $__rust_dealloc
            br 1 (;@3;)
          end
          i32.const 0
          i32.load8_u offset=1055100
          local.set 0
          i32.const 0
          i32.const 0
          i32.store8 offset=1055100
          local.get 0
          i32.eqz
          br_if 0 (;@3;)
          local.get 3
          i32.const 0
          i32.store offset=48
          local.get 3
          i32.const 1
          i32.store offset=36
          local.get 3
          i32.const 1051220
          i32.store offset=32
          local.get 3
          i64.const 4
          i64.store offset=40 align=4
          local.get 3
          local.get 1
          local.get 3
          i32.const 32
          i32.add
          local.get 2
          call_indirect (type 4)
          local.get 3
          i32.load offset=4
          local.set 1
          block ;; label = @4
            local.get 3
            i32.load8_u
            local.tee 0
            i32.const 4
            i32.gt_u
            br_if 0 (;@4;)
            local.get 0
            i32.const 3
            i32.ne
            br_if 1 (;@3;)
          end
          local.get 1
          i32.load
          local.set 2
          block ;; label = @4
            local.get 1
            i32.const 4
            i32.add
            i32.load
            local.tee 0
            i32.load
            local.tee 6
            i32.eqz
            br_if 0 (;@4;)
            local.get 2
            local.get 6
            call_indirect (type 0)
          end
          block ;; label = @4
            local.get 0
            i32.load offset=4
            local.tee 6
            i32.eqz
            br_if 0 (;@4;)
            local.get 2
            local.get 6
            local.get 0
            i32.load offset=8
            call $__rust_dealloc
          end
          local.get 1
          i32.const 12
          i32.const 4
          call $__rust_dealloc
        end
        local.get 3
        i32.const 64
        i32.add
        global.set $__stack_pointer
        return
      end
      local.get 3
      i64.const 0
      i64.store offset=44 align=4
      local.get 3
      i64.const 17179869185
      i64.store offset=36 align=4
      local.get 3
      i32.const 1050564
      i32.store offset=32
      local.get 3
      local.get 3
      i32.const 32
      i32.add
      call $_ZN4core9panicking13assert_failed17h7ad2766c27c46440E
      unreachable
    end
    local.get 3
    i64.const 0
    i64.store offset=44 align=4
    local.get 3
    i64.const 17179869185
    i64.store offset=36 align=4
    local.get 3
    i32.const 1050564
    i32.store offset=32
    local.get 3
    local.get 3
    i32.const 32
    i32.add
    call $_ZN4core9panicking13assert_failed17h7ad2766c27c46440E
    unreachable
  )
  (func $rust_begin_unwind (;72;) (type 0) (param i32)
    (local i32 i32)
    global.get $__stack_pointer
    i32.const 32
    i32.sub
    local.tee 1
    global.set $__stack_pointer
    local.get 0
    i32.load offset=24
    local.set 2
    local.get 1
    i32.const 16
    i32.add
    local.get 0
    i32.const 16
    i32.add
    i64.load align=4
    i64.store
    local.get 1
    i32.const 8
    i32.add
    local.get 0
    i32.const 8
    i32.add
    i64.load align=4
    i64.store
    local.get 1
    local.get 0
    i32.store offset=28
    local.get 1
    local.get 2
    i32.store offset=24
    local.get 1
    local.get 0
    i64.load align=4
    i64.store
    local.get 1
    call $_ZN3std3sys9backtrace26__rust_end_short_backtrace17hd2c1554af0556f0dE
    unreachable
  )
  (func $_ZN102_$LT$std..panicking..begin_panic_handler..FormatStringPayload$u20$as$u20$core..panic..PanicPayload$GT$8take_box17h17dc3fd87dabc67cE (;73;) (type 1) (param i32 i32)
    (local i32 i32 i32 i64 i64)
    global.get $__stack_pointer
    i32.const 64
    i32.sub
    local.tee 2
    global.set $__stack_pointer
    block ;; label = @1
      local.get 1
      i32.load
      i32.const -2147483648
      i32.ne
      br_if 0 (;@1;)
      local.get 1
      i32.load offset=12
      local.set 3
      local.get 2
      i32.const 28
      i32.add
      i32.const 8
      i32.add
      local.tee 4
      i32.const 0
      i32.store
      local.get 2
      i64.const 4294967296
      i64.store offset=28 align=4
      local.get 3
      i64.load align=4
      local.set 5
      local.get 3
      i64.load offset=8 align=4
      local.set 6
      local.get 2
      local.get 3
      i64.load offset=16 align=4
      i64.store offset=56 align=4
      local.get 2
      local.get 6
      i64.store offset=48 align=4
      local.get 2
      local.get 5
      i64.store offset=40 align=4
      local.get 2
      i32.const 28
      i32.add
      i32.const 1048996
      local.get 2
      i32.const 40
      i32.add
      call $_ZN4core3fmt5write17hdf77305f121672daE
      drop
      local.get 2
      i32.const 16
      i32.add
      i32.const 8
      i32.add
      local.get 4
      i32.load
      local.tee 3
      i32.store
      local.get 2
      local.get 2
      i64.load offset=28 align=4
      local.tee 5
      i64.store offset=16
      local.get 1
      i32.const 8
      i32.add
      local.get 3
      i32.store
      local.get 1
      local.get 5
      i64.store align=4
    end
    local.get 1
    i64.load align=4
    local.set 5
    local.get 1
    i64.const 4294967296
    i64.store align=4
    local.get 2
    i32.const 8
    i32.add
    local.tee 3
    local.get 1
    i32.const 8
    i32.add
    local.tee 1
    i32.load
    i32.store
    local.get 1
    i32.const 0
    i32.store
    i32.const 0
    i32.load8_u offset=1055113
    drop
    local.get 2
    local.get 5
    i64.store
    block ;; label = @1
      i32.const 12
      i32.const 4
      call $__rust_alloc
      local.tee 1
      br_if 0 (;@1;)
      i32.const 4
      i32.const 12
      call $_ZN5alloc5alloc18handle_alloc_error17h1f31372880ebae9dE
      unreachable
    end
    local.get 1
    local.get 2
    i64.load
    i64.store align=4
    local.get 1
    i32.const 8
    i32.add
    local.get 3
    i32.load
    i32.store
    local.get 0
    i32.const 1051228
    i32.store offset=4
    local.get 0
    local.get 1
    i32.store
    local.get 2
    i32.const 64
    i32.add
    global.set $__stack_pointer
  )
  (func $_ZN102_$LT$std..panicking..begin_panic_handler..FormatStringPayload$u20$as$u20$core..panic..PanicPayload$GT$3get17h39479f0fde9a7c54E (;74;) (type 1) (param i32 i32)
    (local i32 i32 i32 i64 i64)
    global.get $__stack_pointer
    i32.const 48
    i32.sub
    local.tee 2
    global.set $__stack_pointer
    block ;; label = @1
      local.get 1
      i32.load
      i32.const -2147483648
      i32.ne
      br_if 0 (;@1;)
      local.get 1
      i32.load offset=12
      local.set 3
      local.get 2
      i32.const 12
      i32.add
      i32.const 8
      i32.add
      local.tee 4
      i32.const 0
      i32.store
      local.get 2
      i64.const 4294967296
      i64.store offset=12 align=4
      local.get 3
      i64.load align=4
      local.set 5
      local.get 3
      i64.load offset=8 align=4
      local.set 6
      local.get 2
      local.get 3
      i64.load offset=16 align=4
      i64.store offset=40 align=4
      local.get 2
      local.get 6
      i64.store offset=32 align=4
      local.get 2
      local.get 5
      i64.store offset=24 align=4
      local.get 2
      i32.const 12
      i32.add
      i32.const 1048996
      local.get 2
      i32.const 24
      i32.add
      call $_ZN4core3fmt5write17hdf77305f121672daE
      drop
      local.get 2
      i32.const 8
      i32.add
      local.get 4
      i32.load
      local.tee 3
      i32.store
      local.get 2
      local.get 2
      i64.load offset=12 align=4
      local.tee 5
      i64.store
      local.get 1
      i32.const 8
      i32.add
      local.get 3
      i32.store
      local.get 1
      local.get 5
      i64.store align=4
    end
    local.get 0
    i32.const 1051228
    i32.store offset=4
    local.get 0
    local.get 1
    i32.store
    local.get 2
    i32.const 48
    i32.add
    global.set $__stack_pointer
  )
  (func $_ZN95_$LT$std..panicking..begin_panic_handler..FormatStringPayload$u20$as$u20$core..fmt..Display$GT$3fmt17hb7d26d8cdb834892E (;75;) (type 2) (param i32 i32) (result i32)
    (local i32 i32 i64 i64)
    global.get $__stack_pointer
    i32.const 32
    i32.sub
    local.tee 2
    global.set $__stack_pointer
    block ;; label = @1
      block ;; label = @2
        local.get 0
        i32.load
        i32.const -2147483648
        i32.eq
        br_if 0 (;@2;)
        local.get 1
        local.get 0
        i32.load offset=4
        local.get 0
        i32.load offset=8
        call $_ZN4core3fmt9Formatter9write_str17h68a0391ec6917d15E
        local.set 0
        br 1 (;@1;)
      end
      local.get 1
      i32.load offset=24
      local.set 3
      local.get 1
      i32.load offset=20
      local.set 1
      local.get 0
      i32.load offset=12
      local.tee 0
      i64.load align=4
      local.set 4
      local.get 0
      i64.load offset=8 align=4
      local.set 5
      local.get 2
      local.get 0
      i64.load offset=16 align=4
      i64.store offset=24 align=4
      local.get 2
      local.get 5
      i64.store offset=16 align=4
      local.get 2
      local.get 4
      i64.store offset=8 align=4
      local.get 1
      local.get 3
      local.get 2
      i32.const 8
      i32.add
      call $_ZN4core3fmt5write17hdf77305f121672daE
      local.set 0
    end
    local.get 2
    i32.const 32
    i32.add
    global.set $__stack_pointer
    local.get 0
  )
  (func $_ZN99_$LT$std..panicking..begin_panic_handler..StaticStrPayload$u20$as$u20$core..panic..PanicPayload$GT$8take_box17h7184e12287bbc012E (;76;) (type 1) (param i32 i32)
    (local i32 i32)
    i32.const 0
    i32.load8_u offset=1055113
    drop
    local.get 1
    i32.load offset=4
    local.set 2
    local.get 1
    i32.load
    local.set 3
    block ;; label = @1
      i32.const 8
      i32.const 4
      call $__rust_alloc
      local.tee 1
      br_if 0 (;@1;)
      i32.const 4
      i32.const 8
      call $_ZN5alloc5alloc18handle_alloc_error17h1f31372880ebae9dE
      unreachable
    end
    local.get 1
    local.get 2
    i32.store offset=4
    local.get 1
    local.get 3
    i32.store
    local.get 0
    i32.const 1051244
    i32.store offset=4
    local.get 0
    local.get 1
    i32.store
  )
  (func $_ZN99_$LT$std..panicking..begin_panic_handler..StaticStrPayload$u20$as$u20$core..panic..PanicPayload$GT$3get17h7f1744e6900ecf22E (;77;) (type 1) (param i32 i32)
    local.get 0
    i32.const 1051244
    i32.store offset=4
    local.get 0
    local.get 1
    i32.store
  )
  (func $_ZN99_$LT$std..panicking..begin_panic_handler..StaticStrPayload$u20$as$u20$core..panic..PanicPayload$GT$6as_str17h954ffaa94e674771E (;78;) (type 1) (param i32 i32)
    local.get 0
    local.get 1
    i64.load align=4
    i64.store
  )
  (func $_ZN92_$LT$std..panicking..begin_panic_handler..StaticStrPayload$u20$as$u20$core..fmt..Display$GT$3fmt17h94ccab2e1fcfa18eE (;79;) (type 2) (param i32 i32) (result i32)
    local.get 1
    local.get 0
    i32.load
    local.get 0
    i32.load offset=4
    call $_ZN4core3fmt9Formatter9write_str17h68a0391ec6917d15E
  )
  (func $_ZN3std9panicking20rust_panic_with_hook17ha79885282dbf6477E (;80;) (type 11) (param i32 i32 i32 i32 i32)
    (local i32 i32)
    global.get $__stack_pointer
    i32.const 96
    i32.sub
    local.tee 5
    global.set $__stack_pointer
    i32.const 0
    i32.const 0
    i32.load offset=1055172
    local.tee 6
    i32.const 1
    i32.add
    i32.store offset=1055172
    local.get 5
    local.get 1
    i32.store offset=32
    local.get 5
    local.get 0
    i32.store offset=28
    local.get 5
    local.get 2
    i32.store offset=36
    block ;; label = @1
      block ;; label = @2
        block ;; label = @3
          block ;; label = @4
            block ;; label = @5
              block ;; label = @6
                block ;; label = @7
                  local.get 6
                  i32.const 0
                  i32.lt_s
                  br_if 0 (;@7;)
                  i32.const 0
                  i32.load8_u offset=1055188
                  br_if 1 (;@6;)
                  i32.const 0
                  i32.const 1
                  i32.store8 offset=1055188
                  i32.const 0
                  i32.const 0
                  i32.load offset=1055184
                  i32.const 1
                  i32.add
                  i32.store offset=1055184
                  i32.const 0
                  i32.load offset=1055160
                  local.tee 6
                  i32.const -1
                  i32.le_s
                  br_if 5 (;@2;)
                  i32.const 0
                  local.get 6
                  i32.const 1
                  i32.add
                  i32.store offset=1055160
                  i32.const 0
                  i32.load offset=1055164
                  br_if 3 (;@4;)
                  local.get 5
                  local.get 0
                  local.get 1
                  i32.load offset=20
                  call_indirect (type 1)
                  local.get 5
                  local.get 4
                  i32.store8 offset=85
                  local.get 5
                  local.get 3
                  i32.store8 offset=84
                  local.get 5
                  local.get 2
                  i32.store offset=80
                  local.get 5
                  local.get 5
                  i64.load
                  i64.store offset=72 align=4
                  local.get 5
                  i32.const 72
                  i32.add
                  call $_ZN3std9panicking12default_hook17h43a97a0ea0eb9fbeE
                  br 4 (;@3;)
                end
                local.get 5
                i32.const 3
                i32.store offset=76
                local.get 5
                i32.const 1051356
                i32.store offset=72
                local.get 5
                i64.const 2
                i64.store offset=84 align=4
                local.get 5
                i32.const 11
                i64.extend_i32_u
                i64.const 32
                i64.shl
                local.get 5
                i32.const 28
                i32.add
                i64.extend_i32_u
                i64.or
                i64.store offset=64
                local.get 5
                i32.const 9
                i64.extend_i32_u
                i64.const 32
                i64.shl
                local.get 5
                i32.const 36
                i32.add
                i64.extend_i32_u
                i64.or
                i64.store offset=56
                local.get 5
                local.get 5
                i32.const 56
                i32.add
                i32.store offset=80
                local.get 5
                i32.const 48
                i32.add
                local.get 5
                i32.const 48
                i32.add
                local.get 5
                i32.const 72
                i32.add
                call $_ZN3std2io5Write9write_fmt17hb132ef5d7d0f0861E
                local.get 5
                i32.load offset=52
                local.set 1
                block ;; label = @7
                  local.get 5
                  i32.load8_u offset=48
                  local.tee 5
                  i32.const 4
                  i32.gt_u
                  br_if 0 (;@7;)
                  local.get 5
                  i32.const 3
                  i32.ne
                  br_if 2 (;@5;)
                end
                local.get 1
                i32.load
                local.set 0
                block ;; label = @7
                  local.get 1
                  i32.const 4
                  i32.add
                  i32.load
                  local.tee 5
                  i32.load
                  local.tee 2
                  i32.eqz
                  br_if 0 (;@7;)
                  local.get 0
                  local.get 2
                  call_indirect (type 0)
                end
                block ;; label = @7
                  local.get 5
                  i32.load offset=4
                  local.tee 2
                  i32.eqz
                  br_if 0 (;@7;)
                  local.get 0
                  local.get 2
                  local.get 5
                  i32.load offset=8
                  call $__rust_dealloc
                end
                local.get 1
                i32.const 12
                i32.const 4
                call $__rust_dealloc
                call $_ZN3std3sys3pal4wasi7helpers14abort_internal17haeced0d336247fd2E
                unreachable
              end
              local.get 5
              i32.const 16
              i32.add
              local.get 0
              local.get 1
              i32.load offset=24
              call_indirect (type 1)
              local.get 5
              local.get 5
              i32.load offset=20
              i32.const 0
              local.get 5
              i32.load offset=16
              local.tee 1
              select
              i32.store offset=44
              local.get 5
              local.get 1
              i32.const 1
              local.get 1
              select
              i32.store offset=40
              local.get 5
              i32.const 3
              i32.store offset=76
              local.get 5
              i32.const 1051432
              i32.store offset=72
              local.get 5
              i64.const 2
              i64.store offset=84 align=4
              local.get 5
              i32.const 4
              i64.extend_i32_u
              i64.const 32
              i64.shl
              local.get 5
              i32.const 40
              i32.add
              i64.extend_i32_u
              i64.or
              i64.store offset=64
              local.get 5
              i32.const 9
              i64.extend_i32_u
              i64.const 32
              i64.shl
              local.get 5
              i32.const 36
              i32.add
              i64.extend_i32_u
              i64.or
              i64.store offset=56
              local.get 5
              local.get 5
              i32.const 56
              i32.add
              i32.store offset=80
              local.get 5
              i32.const 48
              i32.add
              local.get 5
              i32.const 48
              i32.add
              local.get 5
              i32.const 72
              i32.add
              call $_ZN3std2io5Write9write_fmt17hb132ef5d7d0f0861E
              local.get 5
              i32.load offset=52
              local.set 1
              block ;; label = @6
                local.get 5
                i32.load8_u offset=48
                local.tee 5
                i32.const 4
                i32.gt_u
                br_if 0 (;@6;)
                local.get 5
                i32.const 3
                i32.ne
                br_if 1 (;@5;)
              end
              local.get 1
              i32.load
              local.set 0
              block ;; label = @6
                local.get 1
                i32.const 4
                i32.add
                i32.load
                local.tee 5
                i32.load
                local.tee 2
                i32.eqz
                br_if 0 (;@6;)
                local.get 0
                local.get 2
                call_indirect (type 0)
              end
              block ;; label = @6
                local.get 5
                i32.load offset=4
                local.tee 2
                i32.eqz
                br_if 0 (;@6;)
                local.get 0
                local.get 2
                local.get 5
                i32.load offset=8
                call $__rust_dealloc
              end
              local.get 1
              i32.const 12
              i32.const 4
              call $__rust_dealloc
            end
            call $_ZN3std3sys3pal4wasi7helpers14abort_internal17haeced0d336247fd2E
            unreachable
          end
          local.get 5
          i32.const 8
          i32.add
          local.get 0
          local.get 1
          i32.load offset=20
          call_indirect (type 1)
          local.get 5
          local.get 4
          i32.store8 offset=85
          local.get 5
          local.get 3
          i32.store8 offset=84
          local.get 5
          local.get 2
          i32.store offset=80
          local.get 5
          local.get 5
          i64.load offset=8
          i64.store offset=72 align=4
          i32.const 0
          i32.load offset=1055164
          local.get 5
          i32.const 72
          i32.add
          i32.const 0
          i32.load offset=1055168
          i32.load offset=20
          call_indirect (type 1)
        end
        i32.const 0
        i32.const 0
        i32.load offset=1055160
        i32.const -1
        i32.add
        i32.store offset=1055160
        i32.const 0
        i32.const 0
        i32.store8 offset=1055188
        local.get 3
        i32.eqz
        br_if 1 (;@1;)
        local.get 0
        local.get 1
        call $rust_panic
        unreachable
      end
      local.get 5
      i32.const 1
      i32.store offset=76
      local.get 5
      i32.const 1051808
      i32.store offset=72
      local.get 5
      i64.const 0
      i64.store offset=84 align=4
      local.get 5
      local.get 5
      i32.const 48
      i32.add
      i32.store offset=80
      local.get 5
      i32.const 56
      i32.add
      local.get 5
      i32.const 48
      i32.add
      local.get 5
      i32.const 72
      i32.add
      call $_ZN3std2io5Write9write_fmt17hb132ef5d7d0f0861E
      local.get 5
      i32.load8_u offset=56
      local.get 5
      i32.load offset=60
      call $_ZN4core3ptr81drop_in_place$LT$core..result..Result$LT$$LP$$RP$$C$std..io..error..Error$GT$$GT$17hd67a5ca3bdb263d4E
      call $_ZN3std3sys3pal4wasi7helpers14abort_internal17haeced0d336247fd2E
      unreachable
    end
    local.get 5
    i32.const 0
    i32.store offset=88
    local.get 5
    i32.const 1
    i32.store offset=76
    local.get 5
    i32.const 1051504
    i32.store offset=72
    local.get 5
    i64.const 4
    i64.store offset=80 align=4
    local.get 5
    i32.const 56
    i32.add
    local.get 5
    i32.const 48
    i32.add
    local.get 5
    i32.const 72
    i32.add
    call $_ZN3std2io5Write9write_fmt17hb132ef5d7d0f0861E
    local.get 5
    i32.load8_u offset=56
    local.get 5
    i32.load offset=60
    call $_ZN4core3ptr81drop_in_place$LT$core..result..Result$LT$$LP$$RP$$C$std..io..error..Error$GT$$GT$17hd67a5ca3bdb263d4E
    call $_ZN3std3sys3pal4wasi7helpers14abort_internal17haeced0d336247fd2E
    unreachable
  )
  (func $rust_panic (;81;) (type 1) (param i32 i32)
    (local i32)
    global.get $__stack_pointer
    i32.const 64
    i32.sub
    local.tee 2
    global.set $__stack_pointer
    local.get 2
    local.get 0
    local.get 1
    call $__rust_start_panic
    i32.store offset=12
    local.get 2
    i32.const 2
    i32.store offset=28
    local.get 2
    i32.const 1051568
    i32.store offset=24
    local.get 2
    i64.const 1
    i64.store offset=36 align=4
    local.get 2
    i32.const 8
    i64.extend_i32_u
    i64.const 32
    i64.shl
    local.get 2
    i32.const 12
    i32.add
    i64.extend_i32_u
    i64.or
    i64.store offset=48
    local.get 2
    local.get 2
    i32.const 48
    i32.add
    i32.store offset=32
    local.get 2
    i32.const 16
    i32.add
    local.get 2
    i32.const 63
    i32.add
    local.get 2
    i32.const 24
    i32.add
    call $_ZN3std2io5Write9write_fmt17hb132ef5d7d0f0861E
    local.get 2
    i32.load8_u offset=16
    local.get 2
    i32.load offset=20
    call $_ZN4core3ptr81drop_in_place$LT$core..result..Result$LT$$LP$$RP$$C$std..io..error..Error$GT$$GT$17hd67a5ca3bdb263d4E
    call $_ZN3std3sys3pal4wasi7helpers14abort_internal17haeced0d336247fd2E
    unreachable
  )
  (func $_ZN3std5alloc8rust_oom17h3684d78277f1d6d0E (;82;) (type 1) (param i32 i32)
    (local i32)
    local.get 0
    local.get 1
    i32.const 0
    i32.load offset=1055156
    local.tee 2
    i32.const 12
    local.get 2
    select
    call_indirect (type 1)
    call $_ZN3std7process5abort17h119eb14e76e156bcE
    unreachable
  )
  (func $__rg_oom (;83;) (type 1) (param i32 i32)
    local.get 1
    local.get 0
    call $_ZN3std5alloc8rust_oom17h3684d78277f1d6d0E
    unreachable
  )
  (func $__rust_start_panic (;84;) (type 2) (param i32 i32) (result i32)
    unreachable
    unreachable
  )
  (func $_ZN4wasi13lib_generated8fd_write17h6d66c9f78bab1464E (;85;) (type 7) (param i32 i32 i32 i32)
    (local i32)
    global.get $__stack_pointer
    i32.const 16
    i32.sub
    local.tee 4
    global.set $__stack_pointer
    block ;; label = @1
      block ;; label = @2
        local.get 1
        local.get 2
        local.get 3
        local.get 4
        i32.const 12
        i32.add
        call $_ZN4wasi13lib_generated22wasi_snapshot_preview18fd_write17ha00599181712af4eE
        local.tee 3
        br_if 0 (;@2;)
        local.get 0
        local.get 4
        i32.load offset=12
        i32.store offset=4
        i32.const 0
        local.set 3
        br 1 (;@1;)
      end
      local.get 0
      local.get 3
      i32.store16 offset=2
      i32.const 1
      local.set 3
    end
    local.get 0
    local.get 3
    i32.store16
    local.get 4
    i32.const 16
    i32.add
    global.set $__stack_pointer
  )
  (func $malloc (;86;) (type 8) (param i32) (result i32)
    local.get 0
    call $dlmalloc
  )
  (func $dlmalloc (;87;) (type 8) (param i32) (result i32)
    (local i32 i32 i32 i32 i32 i32 i32 i32 i32 i32 i32)
    global.get $__stack_pointer
    i32.const 16
    i32.sub
    local.tee 1
    global.set $__stack_pointer
    block ;; label = @1
      block ;; label = @2
        block ;; label = @3
          block ;; label = @4
            block ;; label = @5
              block ;; label = @6
                block ;; label = @7
                  block ;; label = @8
                    block ;; label = @9
                      block ;; label = @10
                        block ;; label = @11
                          block ;; label = @12
                            i32.const 0
                            i32.load offset=1055228
                            local.tee 2
                            br_if 0 (;@12;)
                            block ;; label = @13
                              i32.const 0
                              i32.load offset=1055676
                              local.tee 3
                              br_if 0 (;@13;)
                              i32.const 0
                              i64.const -1
                              i64.store offset=1055688 align=4
                              i32.const 0
                              i64.const 281474976776192
                              i64.store offset=1055680 align=4
                              i32.const 0
                              local.get 1
                              i32.const 8
                              i32.add
                              i32.const -16
                              i32.and
                              i32.const 1431655768
                              i32.xor
                              local.tee 3
                              i32.store offset=1055676
                              i32.const 0
                              i32.const 0
                              i32.store offset=1055696
                              i32.const 0
                              i32.const 0
                              i32.store offset=1055648
                            end
                            i32.const 1114112
                            i32.const 1055744
                            i32.lt_u
                            br_if 1 (;@11;)
                            i32.const 0
                            local.set 2
                            i32.const 1114112
                            i32.const 1055744
                            i32.sub
                            i32.const 89
                            i32.lt_u
                            br_if 0 (;@12;)
                            i32.const 0
                            local.set 4
                            i32.const 0
                            i32.const 1055744
                            i32.store offset=1055652
                            i32.const 0
                            i32.const 1055744
                            i32.store offset=1055220
                            i32.const 0
                            local.get 3
                            i32.store offset=1055240
                            i32.const 0
                            i32.const -1
                            i32.store offset=1055236
                            i32.const 0
                            i32.const 1114112
                            i32.const 1055744
                            i32.sub
                            i32.store offset=1055656
                            loop ;; label = @13
                              local.get 4
                              i32.const 1055264
                              i32.add
                              local.get 4
                              i32.const 1055252
                              i32.add
                              local.tee 3
                              i32.store
                              local.get 3
                              local.get 4
                              i32.const 1055244
                              i32.add
                              local.tee 5
                              i32.store
                              local.get 4
                              i32.const 1055256
                              i32.add
                              local.get 5
                              i32.store
                              local.get 4
                              i32.const 1055272
                              i32.add
                              local.get 4
                              i32.const 1055260
                              i32.add
                              local.tee 5
                              i32.store
                              local.get 5
                              local.get 3
                              i32.store
                              local.get 4
                              i32.const 1055280
                              i32.add
                              local.get 4
                              i32.const 1055268
                              i32.add
                              local.tee 3
                              i32.store
                              local.get 3
                              local.get 5
                              i32.store
                              local.get 4
                              i32.const 1055276
                              i32.add
                              local.get 3
                              i32.store
                              local.get 4
                              i32.const 32
                              i32.add
                              local.tee 4
                              i32.const 256
                              i32.ne
                              br_if 0 (;@13;)
                            end
                            i32.const 1055744
                            i32.const -8
                            i32.const 1055744
                            i32.sub
                            i32.const 15
                            i32.and
                            local.tee 4
                            i32.add
                            local.tee 2
                            i32.const 1114112
                            i32.const 1055744
                            i32.sub
                            i32.const -56
                            i32.add
                            local.tee 3
                            local.get 4
                            i32.sub
                            local.tee 4
                            i32.const 1
                            i32.or
                            i32.store offset=4
                            i32.const 0
                            i32.const 0
                            i32.load offset=1055692
                            i32.store offset=1055232
                            i32.const 0
                            local.get 4
                            i32.store offset=1055216
                            i32.const 0
                            local.get 2
                            i32.store offset=1055228
                            local.get 3
                            i32.const 1055744
                            i32.add
                            i32.const 4
                            i32.add
                            i32.const 56
                            i32.store
                          end
                          block ;; label = @12
                            block ;; label = @13
                              local.get 0
                              i32.const 236
                              i32.gt_u
                              br_if 0 (;@13;)
                              block ;; label = @14
                                i32.const 0
                                i32.load offset=1055204
                                local.tee 6
                                i32.const 16
                                local.get 0
                                i32.const 19
                                i32.add
                                i32.const 496
                                i32.and
                                local.get 0
                                i32.const 11
                                i32.lt_u
                                select
                                local.tee 7
                                i32.const 3
                                i32.shr_u
                                local.tee 3
                                i32.shr_u
                                local.tee 4
                                i32.const 3
                                i32.and
                                i32.eqz
                                br_if 0 (;@14;)
                                block ;; label = @15
                                  block ;; label = @16
                                    local.get 4
                                    i32.const 1
                                    i32.and
                                    local.get 3
                                    i32.or
                                    i32.const 1
                                    i32.xor
                                    local.tee 5
                                    i32.const 3
                                    i32.shl
                                    local.tee 3
                                    i32.const 1055244
                                    i32.add
                                    local.tee 4
                                    local.get 3
                                    i32.const 1055252
                                    i32.add
                                    i32.load
                                    local.tee 3
                                    i32.load offset=8
                                    local.tee 7
                                    i32.ne
                                    br_if 0 (;@16;)
                                    i32.const 0
                                    local.get 6
                                    i32.const -2
                                    local.get 5
                                    i32.rotl
                                    i32.and
                                    i32.store offset=1055204
                                    br 1 (;@15;)
                                  end
                                  local.get 4
                                  local.get 7
                                  i32.store offset=8
                                  local.get 7
                                  local.get 4
                                  i32.store offset=12
                                end
                                local.get 3
                                i32.const 8
                                i32.add
                                local.set 4
                                local.get 3
                                local.get 5
                                i32.const 3
                                i32.shl
                                local.tee 5
                                i32.const 3
                                i32.or
                                i32.store offset=4
                                local.get 3
                                local.get 5
                                i32.add
                                local.tee 3
                                local.get 3
                                i32.load offset=4
                                i32.const 1
                                i32.or
                                i32.store offset=4
                                br 13 (;@1;)
                              end
                              local.get 7
                              i32.const 0
                              i32.load offset=1055212
                              local.tee 8
                              i32.le_u
                              br_if 1 (;@12;)
                              block ;; label = @14
                                local.get 4
                                i32.eqz
                                br_if 0 (;@14;)
                                block ;; label = @15
                                  block ;; label = @16
                                    local.get 4
                                    local.get 3
                                    i32.shl
                                    i32.const 2
                                    local.get 3
                                    i32.shl
                                    local.tee 4
                                    i32.const 0
                                    local.get 4
                                    i32.sub
                                    i32.or
                                    i32.and
                                    i32.ctz
                                    local.tee 3
                                    i32.const 3
                                    i32.shl
                                    local.tee 4
                                    i32.const 1055244
                                    i32.add
                                    local.tee 5
                                    local.get 4
                                    i32.const 1055252
                                    i32.add
                                    i32.load
                                    local.tee 4
                                    i32.load offset=8
                                    local.tee 0
                                    i32.ne
                                    br_if 0 (;@16;)
                                    i32.const 0
                                    local.get 6
                                    i32.const -2
                                    local.get 3
                                    i32.rotl
                                    i32.and
                                    local.tee 6
                                    i32.store offset=1055204
                                    br 1 (;@15;)
                                  end
                                  local.get 5
                                  local.get 0
                                  i32.store offset=8
                                  local.get 0
                                  local.get 5
                                  i32.store offset=12
                                end
                                local.get 4
                                local.get 7
                                i32.const 3
                                i32.or
                                i32.store offset=4
                                local.get 4
                                local.get 3
                                i32.const 3
                                i32.shl
                                local.tee 3
                                i32.add
                                local.get 3
                                local.get 7
                                i32.sub
                                local.tee 5
                                i32.store
                                local.get 4
                                local.get 7
                                i32.add
                                local.tee 0
                                local.get 5
                                i32.const 1
                                i32.or
                                i32.store offset=4
                                block ;; label = @15
                                  local.get 8
                                  i32.eqz
                                  br_if 0 (;@15;)
                                  local.get 8
                                  i32.const -8
                                  i32.and
                                  i32.const 1055244
                                  i32.add
                                  local.set 7
                                  i32.const 0
                                  i32.load offset=1055224
                                  local.set 3
                                  block ;; label = @16
                                    block ;; label = @17
                                      local.get 6
                                      i32.const 1
                                      local.get 8
                                      i32.const 3
                                      i32.shr_u
                                      i32.shl
                                      local.tee 9
                                      i32.and
                                      br_if 0 (;@17;)
                                      i32.const 0
                                      local.get 6
                                      local.get 9
                                      i32.or
                                      i32.store offset=1055204
                                      local.get 7
                                      local.set 9
                                      br 1 (;@16;)
                                    end
                                    local.get 7
                                    i32.load offset=8
                                    local.set 9
                                  end
                                  local.get 9
                                  local.get 3
                                  i32.store offset=12
                                  local.get 7
                                  local.get 3
                                  i32.store offset=8
                                  local.get 3
                                  local.get 7
                                  i32.store offset=12
                                  local.get 3
                                  local.get 9
                                  i32.store offset=8
                                end
                                local.get 4
                                i32.const 8
                                i32.add
                                local.set 4
                                i32.const 0
                                local.get 0
                                i32.store offset=1055224
                                i32.const 0
                                local.get 5
                                i32.store offset=1055212
                                br 13 (;@1;)
                              end
                              i32.const 0
                              i32.load offset=1055208
                              local.tee 10
                              i32.eqz
                              br_if 1 (;@12;)
                              local.get 10
                              i32.ctz
                              i32.const 2
                              i32.shl
                              i32.const 1055508
                              i32.add
                              i32.load
                              local.tee 0
                              i32.load offset=4
                              i32.const -8
                              i32.and
                              local.get 7
                              i32.sub
                              local.set 3
                              local.get 0
                              local.set 5
                              block ;; label = @14
                                loop ;; label = @15
                                  block ;; label = @16
                                    local.get 5
                                    i32.load offset=16
                                    local.tee 4
                                    br_if 0 (;@16;)
                                    local.get 5
                                    i32.const 20
                                    i32.add
                                    i32.load
                                    local.tee 4
                                    i32.eqz
                                    br_if 2 (;@14;)
                                  end
                                  local.get 4
                                  i32.load offset=4
                                  i32.const -8
                                  i32.and
                                  local.get 7
                                  i32.sub
                                  local.tee 5
                                  local.get 3
                                  local.get 5
                                  local.get 3
                                  i32.lt_u
                                  local.tee 5
                                  select
                                  local.set 3
                                  local.get 4
                                  local.get 0
                                  local.get 5
                                  select
                                  local.set 0
                                  local.get 4
                                  local.set 5
                                  br 0 (;@15;)
                                end
                              end
                              local.get 0
                              i32.load offset=24
                              local.set 11
                              block ;; label = @14
                                local.get 0
                                i32.load offset=12
                                local.tee 9
                                local.get 0
                                i32.eq
                                br_if 0 (;@14;)
                                local.get 0
                                i32.load offset=8
                                local.tee 4
                                i32.const 0
                                i32.load offset=1055220
                                i32.lt_u
                                drop
                                local.get 9
                                local.get 4
                                i32.store offset=8
                                local.get 4
                                local.get 9
                                i32.store offset=12
                                br 12 (;@2;)
                              end
                              block ;; label = @14
                                local.get 0
                                i32.const 20
                                i32.add
                                local.tee 5
                                i32.load
                                local.tee 4
                                br_if 0 (;@14;)
                                local.get 0
                                i32.load offset=16
                                local.tee 4
                                i32.eqz
                                br_if 4 (;@10;)
                                local.get 0
                                i32.const 16
                                i32.add
                                local.set 5
                              end
                              loop ;; label = @14
                                local.get 5
                                local.set 2
                                local.get 4
                                local.tee 9
                                i32.const 20
                                i32.add
                                local.tee 5
                                i32.load
                                local.tee 4
                                br_if 0 (;@14;)
                                local.get 9
                                i32.const 16
                                i32.add
                                local.set 5
                                local.get 9
                                i32.load offset=16
                                local.tee 4
                                br_if 0 (;@14;)
                              end
                              local.get 2
                              i32.const 0
                              i32.store
                              br 11 (;@2;)
                            end
                            i32.const -1
                            local.set 7
                            local.get 0
                            i32.const -65
                            i32.gt_u
                            br_if 0 (;@12;)
                            local.get 0
                            i32.const 19
                            i32.add
                            local.tee 4
                            i32.const -16
                            i32.and
                            local.set 7
                            i32.const 0
                            i32.load offset=1055208
                            local.tee 11
                            i32.eqz
                            br_if 0 (;@12;)
                            i32.const 0
                            local.set 8
                            block ;; label = @13
                              local.get 7
                              i32.const 256
                              i32.lt_u
                              br_if 0 (;@13;)
                              i32.const 31
                              local.set 8
                              local.get 7
                              i32.const 16777215
                              i32.gt_u
                              br_if 0 (;@13;)
                              local.get 7
                              i32.const 38
                              local.get 4
                              i32.const 8
                              i32.shr_u
                              i32.clz
                              local.tee 4
                              i32.sub
                              i32.shr_u
                              i32.const 1
                              i32.and
                              local.get 4
                              i32.const 1
                              i32.shl
                              i32.sub
                              i32.const 62
                              i32.add
                              local.set 8
                            end
                            i32.const 0
                            local.get 7
                            i32.sub
                            local.set 3
                            block ;; label = @13
                              block ;; label = @14
                                block ;; label = @15
                                  block ;; label = @16
                                    local.get 8
                                    i32.const 2
                                    i32.shl
                                    i32.const 1055508
                                    i32.add
                                    i32.load
                                    local.tee 5
                                    br_if 0 (;@16;)
                                    i32.const 0
                                    local.set 4
                                    i32.const 0
                                    local.set 9
                                    br 1 (;@15;)
                                  end
                                  i32.const 0
                                  local.set 4
                                  local.get 7
                                  i32.const 0
                                  i32.const 25
                                  local.get 8
                                  i32.const 1
                                  i32.shr_u
                                  i32.sub
                                  local.get 8
                                  i32.const 31
                                  i32.eq
                                  select
                                  i32.shl
                                  local.set 0
                                  i32.const 0
                                  local.set 9
                                  loop ;; label = @16
                                    block ;; label = @17
                                      local.get 5
                                      i32.load offset=4
                                      i32.const -8
                                      i32.and
                                      local.get 7
                                      i32.sub
                                      local.tee 6
                                      local.get 3
                                      i32.ge_u
                                      br_if 0 (;@17;)
                                      local.get 6
                                      local.set 3
                                      local.get 5
                                      local.set 9
                                      local.get 6
                                      br_if 0 (;@17;)
                                      i32.const 0
                                      local.set 3
                                      local.get 5
                                      local.set 9
                                      local.get 5
                                      local.set 4
                                      br 3 (;@14;)
                                    end
                                    local.get 4
                                    local.get 5
                                    i32.const 20
                                    i32.add
                                    i32.load
                                    local.tee 6
                                    local.get 6
                                    local.get 5
                                    local.get 0
                                    i32.const 29
                                    i32.shr_u
                                    i32.const 4
                                    i32.and
                                    i32.add
                                    i32.const 16
                                    i32.add
                                    i32.load
                                    local.tee 5
                                    i32.eq
                                    select
                                    local.get 4
                                    local.get 6
                                    select
                                    local.set 4
                                    local.get 0
                                    i32.const 1
                                    i32.shl
                                    local.set 0
                                    local.get 5
                                    br_if 0 (;@16;)
                                  end
                                end
                                block ;; label = @15
                                  local.get 4
                                  local.get 9
                                  i32.or
                                  br_if 0 (;@15;)
                                  i32.const 0
                                  local.set 9
                                  i32.const 2
                                  local.get 8
                                  i32.shl
                                  local.tee 4
                                  i32.const 0
                                  local.get 4
                                  i32.sub
                                  i32.or
                                  local.get 11
                                  i32.and
                                  local.tee 4
                                  i32.eqz
                                  br_if 3 (;@12;)
                                  local.get 4
                                  i32.ctz
                                  i32.const 2
                                  i32.shl
                                  i32.const 1055508
                                  i32.add
                                  i32.load
                                  local.set 4
                                end
                                local.get 4
                                i32.eqz
                                br_if 1 (;@13;)
                              end
                              loop ;; label = @14
                                local.get 4
                                i32.load offset=4
                                i32.const -8
                                i32.and
                                local.get 7
                                i32.sub
                                local.tee 6
                                local.get 3
                                i32.lt_u
                                local.set 0
                                block ;; label = @15
                                  local.get 4
                                  i32.load offset=16
                                  local.tee 5
                                  br_if 0 (;@15;)
                                  local.get 4
                                  i32.const 20
                                  i32.add
                                  i32.load
                                  local.set 5
                                end
                                local.get 6
                                local.get 3
                                local.get 0
                                select
                                local.set 3
                                local.get 4
                                local.get 9
                                local.get 0
                                select
                                local.set 9
                                local.get 5
                                local.set 4
                                local.get 5
                                br_if 0 (;@14;)
                              end
                            end
                            local.get 9
                            i32.eqz
                            br_if 0 (;@12;)
                            local.get 3
                            i32.const 0
                            i32.load offset=1055212
                            local.get 7
                            i32.sub
                            i32.ge_u
                            br_if 0 (;@12;)
                            local.get 9
                            i32.load offset=24
                            local.set 2
                            block ;; label = @13
                              local.get 9
                              i32.load offset=12
                              local.tee 0
                              local.get 9
                              i32.eq
                              br_if 0 (;@13;)
                              local.get 9
                              i32.load offset=8
                              local.tee 4
                              i32.const 0
                              i32.load offset=1055220
                              i32.lt_u
                              drop
                              local.get 0
                              local.get 4
                              i32.store offset=8
                              local.get 4
                              local.get 0
                              i32.store offset=12
                              br 10 (;@3;)
                            end
                            block ;; label = @13
                              local.get 9
                              i32.const 20
                              i32.add
                              local.tee 5
                              i32.load
                              local.tee 4
                              br_if 0 (;@13;)
                              local.get 9
                              i32.load offset=16
                              local.tee 4
                              i32.eqz
                              br_if 4 (;@9;)
                              local.get 9
                              i32.const 16
                              i32.add
                              local.set 5
                            end
                            loop ;; label = @13
                              local.get 5
                              local.set 6
                              local.get 4
                              local.tee 0
                              i32.const 20
                              i32.add
                              local.tee 5
                              i32.load
                              local.tee 4
                              br_if 0 (;@13;)
                              local.get 0
                              i32.const 16
                              i32.add
                              local.set 5
                              local.get 0
                              i32.load offset=16
                              local.tee 4
                              br_if 0 (;@13;)
                            end
                            local.get 6
                            i32.const 0
                            i32.store
                            br 9 (;@3;)
                          end
                          block ;; label = @12
                            i32.const 0
                            i32.load offset=1055212
                            local.tee 4
                            local.get 7
                            i32.lt_u
                            br_if 0 (;@12;)
                            i32.const 0
                            i32.load offset=1055224
                            local.set 3
                            block ;; label = @13
                              block ;; label = @14
                                local.get 4
                                local.get 7
                                i32.sub
                                local.tee 5
                                i32.const 16
                                i32.lt_u
                                br_if 0 (;@14;)
                                local.get 3
                                local.get 7
                                i32.add
                                local.tee 0
                                local.get 5
                                i32.const 1
                                i32.or
                                i32.store offset=4
                                local.get 3
                                local.get 4
                                i32.add
                                local.get 5
                                i32.store
                                local.get 3
                                local.get 7
                                i32.const 3
                                i32.or
                                i32.store offset=4
                                br 1 (;@13;)
                              end
                              local.get 3
                              local.get 4
                              i32.const 3
                              i32.or
                              i32.store offset=4
                              local.get 3
                              local.get 4
                              i32.add
                              local.tee 4
                              local.get 4
                              i32.load offset=4
                              i32.const 1
                              i32.or
                              i32.store offset=4
                              i32.const 0
                              local.set 0
                              i32.const 0
                              local.set 5
                            end
                            i32.const 0
                            local.get 5
                            i32.store offset=1055212
                            i32.const 0
                            local.get 0
                            i32.store offset=1055224
                            local.get 3
                            i32.const 8
                            i32.add
                            local.set 4
                            br 11 (;@1;)
                          end
                          block ;; label = @12
                            i32.const 0
                            i32.load offset=1055216
                            local.tee 5
                            local.get 7
                            i32.le_u
                            br_if 0 (;@12;)
                            local.get 2
                            local.get 7
                            i32.add
                            local.tee 4
                            local.get 5
                            local.get 7
                            i32.sub
                            local.tee 3
                            i32.const 1
                            i32.or
                            i32.store offset=4
                            i32.const 0
                            local.get 4
                            i32.store offset=1055228
                            i32.const 0
                            local.get 3
                            i32.store offset=1055216
                            local.get 2
                            local.get 7
                            i32.const 3
                            i32.or
                            i32.store offset=4
                            local.get 2
                            i32.const 8
                            i32.add
                            local.set 4
                            br 11 (;@1;)
                          end
                          block ;; label = @12
                            block ;; label = @13
                              i32.const 0
                              i32.load offset=1055676
                              i32.eqz
                              br_if 0 (;@13;)
                              i32.const 0
                              i32.load offset=1055684
                              local.set 3
                              br 1 (;@12;)
                            end
                            i32.const 0
                            i64.const -1
                            i64.store offset=1055688 align=4
                            i32.const 0
                            i64.const 281474976776192
                            i64.store offset=1055680 align=4
                            i32.const 0
                            local.get 1
                            i32.const 12
                            i32.add
                            i32.const -16
                            i32.and
                            i32.const 1431655768
                            i32.xor
                            i32.store offset=1055676
                            i32.const 0
                            i32.const 0
                            i32.store offset=1055696
                            i32.const 0
                            i32.const 0
                            i32.store offset=1055648
                            i32.const 65536
                            local.set 3
                          end
                          i32.const 0
                          local.set 4
                          block ;; label = @12
                            local.get 3
                            local.get 7
                            i32.const 71
                            i32.add
                            local.tee 8
                            i32.add
                            local.tee 0
                            i32.const 0
                            local.get 3
                            i32.sub
                            local.tee 6
                            i32.and
                            local.tee 9
                            local.get 7
                            i32.gt_u
                            br_if 0 (;@12;)
                            i32.const 0
                            i32.const 48
                            i32.store offset=1055700
                            br 11 (;@1;)
                          end
                          block ;; label = @12
                            i32.const 0
                            i32.load offset=1055644
                            local.tee 4
                            i32.eqz
                            br_if 0 (;@12;)
                            block ;; label = @13
                              i32.const 0
                              i32.load offset=1055636
                              local.tee 3
                              local.get 9
                              i32.add
                              local.tee 11
                              local.get 3
                              i32.le_u
                              br_if 0 (;@13;)
                              local.get 11
                              local.get 4
                              i32.le_u
                              br_if 1 (;@12;)
                            end
                            i32.const 0
                            local.set 4
                            i32.const 0
                            i32.const 48
                            i32.store offset=1055700
                            br 11 (;@1;)
                          end
                          i32.const 0
                          i32.load8_u offset=1055648
                          i32.const 4
                          i32.and
                          br_if 5 (;@6;)
                          block ;; label = @12
                            block ;; label = @13
                              block ;; label = @14
                                local.get 2
                                i32.eqz
                                br_if 0 (;@14;)
                                i32.const 1055652
                                local.set 4
                                loop ;; label = @15
                                  block ;; label = @16
                                    local.get 4
                                    i32.load
                                    local.tee 3
                                    local.get 2
                                    i32.gt_u
                                    br_if 0 (;@16;)
                                    local.get 3
                                    local.get 4
                                    i32.load offset=4
                                    i32.add
                                    local.get 2
                                    i32.gt_u
                                    br_if 3 (;@13;)
                                  end
                                  local.get 4
                                  i32.load offset=8
                                  local.tee 4
                                  br_if 0 (;@15;)
                                end
                              end
                              i32.const 0
                              call $sbrk
                              local.tee 0
                              i32.const -1
                              i32.eq
                              br_if 6 (;@7;)
                              local.get 9
                              local.set 6
                              block ;; label = @14
                                i32.const 0
                                i32.load offset=1055680
                                local.tee 4
                                i32.const -1
                                i32.add
                                local.tee 3
                                local.get 0
                                i32.and
                                i32.eqz
                                br_if 0 (;@14;)
                                local.get 9
                                local.get 0
                                i32.sub
                                local.get 3
                                local.get 0
                                i32.add
                                i32.const 0
                                local.get 4
                                i32.sub
                                i32.and
                                i32.add
                                local.set 6
                              end
                              local.get 6
                              local.get 7
                              i32.le_u
                              br_if 6 (;@7;)
                              local.get 6
                              i32.const 2147483646
                              i32.gt_u
                              br_if 6 (;@7;)
                              block ;; label = @14
                                i32.const 0
                                i32.load offset=1055644
                                local.tee 4
                                i32.eqz
                                br_if 0 (;@14;)
                                i32.const 0
                                i32.load offset=1055636
                                local.tee 3
                                local.get 6
                                i32.add
                                local.tee 5
                                local.get 3
                                i32.le_u
                                br_if 7 (;@7;)
                                local.get 5
                                local.get 4
                                i32.gt_u
                                br_if 7 (;@7;)
                              end
                              local.get 6
                              call $sbrk
                              local.tee 4
                              local.get 0
                              i32.ne
                              br_if 1 (;@12;)
                              br 8 (;@5;)
                            end
                            local.get 0
                            local.get 5
                            i32.sub
                            local.get 6
                            i32.and
                            local.tee 6
                            i32.const 2147483646
                            i32.gt_u
                            br_if 5 (;@7;)
                            local.get 6
                            call $sbrk
                            local.tee 0
                            local.get 4
                            i32.load
                            local.get 4
                            i32.load offset=4
                            i32.add
                            i32.eq
                            br_if 4 (;@8;)
                            local.get 0
                            local.set 4
                          end
                          block ;; label = @12
                            local.get 6
                            local.get 7
                            i32.const 72
                            i32.add
                            i32.ge_u
                            br_if 0 (;@12;)
                            local.get 4
                            i32.const -1
                            i32.eq
                            br_if 0 (;@12;)
                            block ;; label = @13
                              local.get 8
                              local.get 6
                              i32.sub
                              i32.const 0
                              i32.load offset=1055684
                              local.tee 3
                              i32.add
                              i32.const 0
                              local.get 3
                              i32.sub
                              i32.and
                              local.tee 3
                              i32.const 2147483646
                              i32.le_u
                              br_if 0 (;@13;)
                              local.get 4
                              local.set 0
                              br 8 (;@5;)
                            end
                            block ;; label = @13
                              local.get 3
                              call $sbrk
                              i32.const -1
                              i32.eq
                              br_if 0 (;@13;)
                              local.get 3
                              local.get 6
                              i32.add
                              local.set 6
                              local.get 4
                              local.set 0
                              br 8 (;@5;)
                            end
                            i32.const 0
                            local.get 6
                            i32.sub
                            call $sbrk
                            drop
                            br 5 (;@7;)
                          end
                          local.get 4
                          local.set 0
                          local.get 4
                          i32.const -1
                          i32.ne
                          br_if 6 (;@5;)
                          br 4 (;@7;)
                        end
                        unreachable
                        unreachable
                      end
                      i32.const 0
                      local.set 9
                      br 7 (;@2;)
                    end
                    i32.const 0
                    local.set 0
                    br 5 (;@3;)
                  end
                  local.get 0
                  i32.const -1
                  i32.ne
                  br_if 2 (;@5;)
                end
                i32.const 0
                i32.const 0
                i32.load offset=1055648
                i32.const 4
                i32.or
                i32.store offset=1055648
              end
              local.get 9
              i32.const 2147483646
              i32.gt_u
              br_if 1 (;@4;)
              local.get 9
              call $sbrk
              local.set 0
              i32.const 0
              call $sbrk
              local.set 4
              local.get 0
              i32.const -1
              i32.eq
              br_if 1 (;@4;)
              local.get 4
              i32.const -1
              i32.eq
              br_if 1 (;@4;)
              local.get 0
              local.get 4
              i32.ge_u
              br_if 1 (;@4;)
              local.get 4
              local.get 0
              i32.sub
              local.tee 6
              local.get 7
              i32.const 56
              i32.add
              i32.le_u
              br_if 1 (;@4;)
            end
            i32.const 0
            i32.const 0
            i32.load offset=1055636
            local.get 6
            i32.add
            local.tee 4
            i32.store offset=1055636
            block ;; label = @5
              local.get 4
              i32.const 0
              i32.load offset=1055640
              i32.le_u
              br_if 0 (;@5;)
              i32.const 0
              local.get 4
              i32.store offset=1055640
            end
            block ;; label = @5
              block ;; label = @6
                block ;; label = @7
                  block ;; label = @8
                    i32.const 0
                    i32.load offset=1055228
                    local.tee 3
                    i32.eqz
                    br_if 0 (;@8;)
                    i32.const 1055652
                    local.set 4
                    loop ;; label = @9
                      local.get 0
                      local.get 4
                      i32.load
                      local.tee 5
                      local.get 4
                      i32.load offset=4
                      local.tee 9
                      i32.add
                      i32.eq
                      br_if 2 (;@7;)
                      local.get 4
                      i32.load offset=8
                      local.tee 4
                      br_if 0 (;@9;)
                      br 3 (;@6;)
                    end
                  end
                  block ;; label = @8
                    block ;; label = @9
                      i32.const 0
                      i32.load offset=1055220
                      local.tee 4
                      i32.eqz
                      br_if 0 (;@9;)
                      local.get 0
                      local.get 4
                      i32.ge_u
                      br_if 1 (;@8;)
                    end
                    i32.const 0
                    local.get 0
                    i32.store offset=1055220
                  end
                  i32.const 0
                  local.set 4
                  i32.const 0
                  local.get 6
                  i32.store offset=1055656
                  i32.const 0
                  local.get 0
                  i32.store offset=1055652
                  i32.const 0
                  i32.const -1
                  i32.store offset=1055236
                  i32.const 0
                  i32.const 0
                  i32.load offset=1055676
                  i32.store offset=1055240
                  i32.const 0
                  i32.const 0
                  i32.store offset=1055664
                  loop ;; label = @8
                    local.get 4
                    i32.const 1055264
                    i32.add
                    local.get 4
                    i32.const 1055252
                    i32.add
                    local.tee 3
                    i32.store
                    local.get 3
                    local.get 4
                    i32.const 1055244
                    i32.add
                    local.tee 5
                    i32.store
                    local.get 4
                    i32.const 1055256
                    i32.add
                    local.get 5
                    i32.store
                    local.get 4
                    i32.const 1055272
                    i32.add
                    local.get 4
                    i32.const 1055260
                    i32.add
                    local.tee 5
                    i32.store
                    local.get 5
                    local.get 3
                    i32.store
                    local.get 4
                    i32.const 1055280
                    i32.add
                    local.get 4
                    i32.const 1055268
                    i32.add
                    local.tee 3
                    i32.store
                    local.get 3
                    local.get 5
                    i32.store
                    local.get 4
                    i32.const 1055276
                    i32.add
                    local.get 3
                    i32.store
                    local.get 4
                    i32.const 32
                    i32.add
                    local.tee 4
                    i32.const 256
                    i32.ne
                    br_if 0 (;@8;)
                  end
                  local.get 0
                  i32.const -8
                  local.get 0
                  i32.sub
                  i32.const 15
                  i32.and
                  local.tee 4
                  i32.add
                  local.tee 3
                  local.get 6
                  i32.const -56
                  i32.add
                  local.tee 5
                  local.get 4
                  i32.sub
                  local.tee 4
                  i32.const 1
                  i32.or
                  i32.store offset=4
                  i32.const 0
                  i32.const 0
                  i32.load offset=1055692
                  i32.store offset=1055232
                  i32.const 0
                  local.get 4
                  i32.store offset=1055216
                  i32.const 0
                  local.get 3
                  i32.store offset=1055228
                  local.get 0
                  local.get 5
                  i32.add
                  i32.const 56
                  i32.store offset=4
                  br 2 (;@5;)
                end
                local.get 3
                local.get 0
                i32.ge_u
                br_if 0 (;@6;)
                local.get 3
                local.get 5
                i32.lt_u
                br_if 0 (;@6;)
                local.get 4
                i32.load offset=12
                i32.const 8
                i32.and
                br_if 0 (;@6;)
                local.get 3
                i32.const -8
                local.get 3
                i32.sub
                i32.const 15
                i32.and
                local.tee 5
                i32.add
                local.tee 0
                i32.const 0
                i32.load offset=1055216
                local.get 6
                i32.add
                local.tee 2
                local.get 5
                i32.sub
                local.tee 5
                i32.const 1
                i32.or
                i32.store offset=4
                local.get 4
                local.get 9
                local.get 6
                i32.add
                i32.store offset=4
                i32.const 0
                i32.const 0
                i32.load offset=1055692
                i32.store offset=1055232
                i32.const 0
                local.get 5
                i32.store offset=1055216
                i32.const 0
                local.get 0
                i32.store offset=1055228
                local.get 3
                local.get 2
                i32.add
                i32.const 56
                i32.store offset=4
                br 1 (;@5;)
              end
              block ;; label = @6
                local.get 0
                i32.const 0
                i32.load offset=1055220
                i32.ge_u
                br_if 0 (;@6;)
                i32.const 0
                local.get 0
                i32.store offset=1055220
              end
              local.get 0
              local.get 6
              i32.add
              local.set 5
              i32.const 1055652
              local.set 4
              block ;; label = @6
                block ;; label = @7
                  block ;; label = @8
                    block ;; label = @9
                      loop ;; label = @10
                        local.get 4
                        i32.load
                        local.get 5
                        i32.eq
                        br_if 1 (;@9;)
                        local.get 4
                        i32.load offset=8
                        local.tee 4
                        br_if 0 (;@10;)
                        br 2 (;@8;)
                      end
                    end
                    local.get 4
                    i32.load8_u offset=12
                    i32.const 8
                    i32.and
                    i32.eqz
                    br_if 1 (;@7;)
                  end
                  i32.const 1055652
                  local.set 4
                  block ;; label = @8
                    loop ;; label = @9
                      block ;; label = @10
                        local.get 4
                        i32.load
                        local.tee 5
                        local.get 3
                        i32.gt_u
                        br_if 0 (;@10;)
                        local.get 5
                        local.get 4
                        i32.load offset=4
                        i32.add
                        local.tee 5
                        local.get 3
                        i32.gt_u
                        br_if 2 (;@8;)
                      end
                      local.get 4
                      i32.load offset=8
                      local.set 4
                      br 0 (;@9;)
                    end
                  end
                  local.get 0
                  i32.const -8
                  local.get 0
                  i32.sub
                  i32.const 15
                  i32.and
                  local.tee 4
                  i32.add
                  local.tee 2
                  local.get 6
                  i32.const -56
                  i32.add
                  local.tee 9
                  local.get 4
                  i32.sub
                  local.tee 4
                  i32.const 1
                  i32.or
                  i32.store offset=4
                  local.get 0
                  local.get 9
                  i32.add
                  i32.const 56
                  i32.store offset=4
                  local.get 3
                  local.get 5
                  i32.const 55
                  local.get 5
                  i32.sub
                  i32.const 15
                  i32.and
                  i32.add
                  i32.const -63
                  i32.add
                  local.tee 9
                  local.get 9
                  local.get 3
                  i32.const 16
                  i32.add
                  i32.lt_u
                  select
                  local.tee 9
                  i32.const 35
                  i32.store offset=4
                  i32.const 0
                  i32.const 0
                  i32.load offset=1055692
                  i32.store offset=1055232
                  i32.const 0
                  local.get 4
                  i32.store offset=1055216
                  i32.const 0
                  local.get 2
                  i32.store offset=1055228
                  local.get 9
                  i32.const 16
                  i32.add
                  i32.const 0
                  i64.load offset=1055660 align=4
                  i64.store align=4
                  local.get 9
                  i32.const 0
                  i64.load offset=1055652 align=4
                  i64.store offset=8 align=4
                  i32.const 0
                  local.get 9
                  i32.const 8
                  i32.add
                  i32.store offset=1055660
                  i32.const 0
                  local.get 6
                  i32.store offset=1055656
                  i32.const 0
                  local.get 0
                  i32.store offset=1055652
                  i32.const 0
                  i32.const 0
                  i32.store offset=1055664
                  local.get 9
                  i32.const 36
                  i32.add
                  local.set 4
                  loop ;; label = @8
                    local.get 4
                    i32.const 7
                    i32.store
                    local.get 4
                    i32.const 4
                    i32.add
                    local.tee 4
                    local.get 5
                    i32.lt_u
                    br_if 0 (;@8;)
                  end
                  local.get 9
                  local.get 3
                  i32.eq
                  br_if 2 (;@5;)
                  local.get 9
                  local.get 9
                  i32.load offset=4
                  i32.const -2
                  i32.and
                  i32.store offset=4
                  local.get 9
                  local.get 9
                  local.get 3
                  i32.sub
                  local.tee 0
                  i32.store
                  local.get 3
                  local.get 0
                  i32.const 1
                  i32.or
                  i32.store offset=4
                  block ;; label = @8
                    local.get 0
                    i32.const 255
                    i32.gt_u
                    br_if 0 (;@8;)
                    local.get 0
                    i32.const -8
                    i32.and
                    i32.const 1055244
                    i32.add
                    local.set 4
                    block ;; label = @9
                      block ;; label = @10
                        i32.const 0
                        i32.load offset=1055204
                        local.tee 5
                        i32.const 1
                        local.get 0
                        i32.const 3
                        i32.shr_u
                        i32.shl
                        local.tee 0
                        i32.and
                        br_if 0 (;@10;)
                        i32.const 0
                        local.get 5
                        local.get 0
                        i32.or
                        i32.store offset=1055204
                        local.get 4
                        local.set 5
                        br 1 (;@9;)
                      end
                      local.get 4
                      i32.load offset=8
                      local.set 5
                    end
                    local.get 5
                    local.get 3
                    i32.store offset=12
                    local.get 4
                    local.get 3
                    i32.store offset=8
                    local.get 3
                    local.get 4
                    i32.store offset=12
                    local.get 3
                    local.get 5
                    i32.store offset=8
                    br 3 (;@5;)
                  end
                  i32.const 31
                  local.set 4
                  block ;; label = @8
                    local.get 0
                    i32.const 16777215
                    i32.gt_u
                    br_if 0 (;@8;)
                    local.get 0
                    i32.const 38
                    local.get 0
                    i32.const 8
                    i32.shr_u
                    i32.clz
                    local.tee 4
                    i32.sub
                    i32.shr_u
                    i32.const 1
                    i32.and
                    local.get 4
                    i32.const 1
                    i32.shl
                    i32.sub
                    i32.const 62
                    i32.add
                    local.set 4
                  end
                  local.get 3
                  local.get 4
                  i32.store offset=28
                  local.get 3
                  i64.const 0
                  i64.store offset=16 align=4
                  local.get 4
                  i32.const 2
                  i32.shl
                  i32.const 1055508
                  i32.add
                  local.set 5
                  block ;; label = @8
                    i32.const 0
                    i32.load offset=1055208
                    local.tee 9
                    i32.const 1
                    local.get 4
                    i32.shl
                    local.tee 6
                    i32.and
                    br_if 0 (;@8;)
                    local.get 5
                    local.get 3
                    i32.store
                    i32.const 0
                    local.get 9
                    local.get 6
                    i32.or
                    i32.store offset=1055208
                    local.get 3
                    local.get 5
                    i32.store offset=24
                    local.get 3
                    local.get 3
                    i32.store offset=8
                    local.get 3
                    local.get 3
                    i32.store offset=12
                    br 3 (;@5;)
                  end
                  local.get 0
                  i32.const 0
                  i32.const 25
                  local.get 4
                  i32.const 1
                  i32.shr_u
                  i32.sub
                  local.get 4
                  i32.const 31
                  i32.eq
                  select
                  i32.shl
                  local.set 4
                  local.get 5
                  i32.load
                  local.set 9
                  loop ;; label = @8
                    local.get 9
                    local.tee 5
                    i32.load offset=4
                    i32.const -8
                    i32.and
                    local.get 0
                    i32.eq
                    br_if 2 (;@6;)
                    local.get 4
                    i32.const 29
                    i32.shr_u
                    local.set 9
                    local.get 4
                    i32.const 1
                    i32.shl
                    local.set 4
                    local.get 5
                    local.get 9
                    i32.const 4
                    i32.and
                    i32.add
                    i32.const 16
                    i32.add
                    local.tee 6
                    i32.load
                    local.tee 9
                    br_if 0 (;@8;)
                  end
                  local.get 6
                  local.get 3
                  i32.store
                  local.get 3
                  local.get 5
                  i32.store offset=24
                  local.get 3
                  local.get 3
                  i32.store offset=12
                  local.get 3
                  local.get 3
                  i32.store offset=8
                  br 2 (;@5;)
                end
                local.get 4
                local.get 0
                i32.store
                local.get 4
                local.get 4
                i32.load offset=4
                local.get 6
                i32.add
                i32.store offset=4
                local.get 0
                local.get 5
                local.get 7
                call $prepend_alloc
                local.set 4
                br 5 (;@1;)
              end
              local.get 5
              i32.load offset=8
              local.tee 4
              local.get 3
              i32.store offset=12
              local.get 5
              local.get 3
              i32.store offset=8
              local.get 3
              i32.const 0
              i32.store offset=24
              local.get 3
              local.get 5
              i32.store offset=12
              local.get 3
              local.get 4
              i32.store offset=8
            end
            i32.const 0
            i32.load offset=1055216
            local.tee 4
            local.get 7
            i32.le_u
            br_if 0 (;@4;)
            i32.const 0
            i32.load offset=1055228
            local.tee 3
            local.get 7
            i32.add
            local.tee 5
            local.get 4
            local.get 7
            i32.sub
            local.tee 4
            i32.const 1
            i32.or
            i32.store offset=4
            i32.const 0
            local.get 4
            i32.store offset=1055216
            i32.const 0
            local.get 5
            i32.store offset=1055228
            local.get 3
            local.get 7
            i32.const 3
            i32.or
            i32.store offset=4
            local.get 3
            i32.const 8
            i32.add
            local.set 4
            br 3 (;@1;)
          end
          i32.const 0
          local.set 4
          i32.const 0
          i32.const 48
          i32.store offset=1055700
          br 2 (;@1;)
        end
        block ;; label = @3
          local.get 2
          i32.eqz
          br_if 0 (;@3;)
          block ;; label = @4
            block ;; label = @5
              local.get 9
              local.get 9
              i32.load offset=28
              local.tee 5
              i32.const 2
              i32.shl
              i32.const 1055508
              i32.add
              local.tee 4
              i32.load
              i32.ne
              br_if 0 (;@5;)
              local.get 4
              local.get 0
              i32.store
              local.get 0
              br_if 1 (;@4;)
              i32.const 0
              local.get 11
              i32.const -2
              local.get 5
              i32.rotl
              i32.and
              local.tee 11
              i32.store offset=1055208
              br 2 (;@3;)
            end
            local.get 2
            i32.const 16
            i32.const 20
            local.get 2
            i32.load offset=16
            local.get 9
            i32.eq
            select
            i32.add
            local.get 0
            i32.store
            local.get 0
            i32.eqz
            br_if 1 (;@3;)
          end
          local.get 0
          local.get 2
          i32.store offset=24
          block ;; label = @4
            local.get 9
            i32.load offset=16
            local.tee 4
            i32.eqz
            br_if 0 (;@4;)
            local.get 0
            local.get 4
            i32.store offset=16
            local.get 4
            local.get 0
            i32.store offset=24
          end
          local.get 9
          i32.const 20
          i32.add
          i32.load
          local.tee 4
          i32.eqz
          br_if 0 (;@3;)
          local.get 0
          i32.const 20
          i32.add
          local.get 4
          i32.store
          local.get 4
          local.get 0
          i32.store offset=24
        end
        block ;; label = @3
          block ;; label = @4
            local.get 3
            i32.const 15
            i32.gt_u
            br_if 0 (;@4;)
            local.get 9
            local.get 3
            local.get 7
            i32.or
            local.tee 4
            i32.const 3
            i32.or
            i32.store offset=4
            local.get 9
            local.get 4
            i32.add
            local.tee 4
            local.get 4
            i32.load offset=4
            i32.const 1
            i32.or
            i32.store offset=4
            br 1 (;@3;)
          end
          local.get 9
          local.get 7
          i32.add
          local.tee 0
          local.get 3
          i32.const 1
          i32.or
          i32.store offset=4
          local.get 9
          local.get 7
          i32.const 3
          i32.or
          i32.store offset=4
          local.get 0
          local.get 3
          i32.add
          local.get 3
          i32.store
          block ;; label = @4
            local.get 3
            i32.const 255
            i32.gt_u
            br_if 0 (;@4;)
            local.get 3
            i32.const -8
            i32.and
            i32.const 1055244
            i32.add
            local.set 4
            block ;; label = @5
              block ;; label = @6
                i32.const 0
                i32.load offset=1055204
                local.tee 5
                i32.const 1
                local.get 3
                i32.const 3
                i32.shr_u
                i32.shl
                local.tee 3
                i32.and
                br_if 0 (;@6;)
                i32.const 0
                local.get 5
                local.get 3
                i32.or
                i32.store offset=1055204
                local.get 4
                local.set 3
                br 1 (;@5;)
              end
              local.get 4
              i32.load offset=8
              local.set 3
            end
            local.get 3
            local.get 0
            i32.store offset=12
            local.get 4
            local.get 0
            i32.store offset=8
            local.get 0
            local.get 4
            i32.store offset=12
            local.get 0
            local.get 3
            i32.store offset=8
            br 1 (;@3;)
          end
          i32.const 31
          local.set 4
          block ;; label = @4
            local.get 3
            i32.const 16777215
            i32.gt_u
            br_if 0 (;@4;)
            local.get 3
            i32.const 38
            local.get 3
            i32.const 8
            i32.shr_u
            i32.clz
            local.tee 4
            i32.sub
            i32.shr_u
            i32.const 1
            i32.and
            local.get 4
            i32.const 1
            i32.shl
            i32.sub
            i32.const 62
            i32.add
            local.set 4
          end
          local.get 0
          local.get 4
          i32.store offset=28
          local.get 0
          i64.const 0
          i64.store offset=16 align=4
          local.get 4
          i32.const 2
          i32.shl
          i32.const 1055508
          i32.add
          local.set 5
          block ;; label = @4
            local.get 11
            i32.const 1
            local.get 4
            i32.shl
            local.tee 7
            i32.and
            br_if 0 (;@4;)
            local.get 5
            local.get 0
            i32.store
            i32.const 0
            local.get 11
            local.get 7
            i32.or
            i32.store offset=1055208
            local.get 0
            local.get 5
            i32.store offset=24
            local.get 0
            local.get 0
            i32.store offset=8
            local.get 0
            local.get 0
            i32.store offset=12
            br 1 (;@3;)
          end
          local.get 3
          i32.const 0
          i32.const 25
          local.get 4
          i32.const 1
          i32.shr_u
          i32.sub
          local.get 4
          i32.const 31
          i32.eq
          select
          i32.shl
          local.set 4
          local.get 5
          i32.load
          local.set 7
          block ;; label = @4
            loop ;; label = @5
              local.get 7
              local.tee 5
              i32.load offset=4
              i32.const -8
              i32.and
              local.get 3
              i32.eq
              br_if 1 (;@4;)
              local.get 4
              i32.const 29
              i32.shr_u
              local.set 7
              local.get 4
              i32.const 1
              i32.shl
              local.set 4
              local.get 5
              local.get 7
              i32.const 4
              i32.and
              i32.add
              i32.const 16
              i32.add
              local.tee 6
              i32.load
              local.tee 7
              br_if 0 (;@5;)
            end
            local.get 6
            local.get 0
            i32.store
            local.get 0
            local.get 5
            i32.store offset=24
            local.get 0
            local.get 0
            i32.store offset=12
            local.get 0
            local.get 0
            i32.store offset=8
            br 1 (;@3;)
          end
          local.get 5
          i32.load offset=8
          local.tee 4
          local.get 0
          i32.store offset=12
          local.get 5
          local.get 0
          i32.store offset=8
          local.get 0
          i32.const 0
          i32.store offset=24
          local.get 0
          local.get 5
          i32.store offset=12
          local.get 0
          local.get 4
          i32.store offset=8
        end
        local.get 9
        i32.const 8
        i32.add
        local.set 4
        br 1 (;@1;)
      end
      block ;; label = @2
        local.get 11
        i32.eqz
        br_if 0 (;@2;)
        block ;; label = @3
          block ;; label = @4
            local.get 0
            local.get 0
            i32.load offset=28
            local.tee 5
            i32.const 2
            i32.shl
            i32.const 1055508
            i32.add
            local.tee 4
            i32.load
            i32.ne
            br_if 0 (;@4;)
            local.get 4
            local.get 9
            i32.store
            local.get 9
            br_if 1 (;@3;)
            i32.const 0
            local.get 10
            i32.const -2
            local.get 5
            i32.rotl
            i32.and
            i32.store offset=1055208
            br 2 (;@2;)
          end
          local.get 11
          i32.const 16
          i32.const 20
          local.get 11
          i32.load offset=16
          local.get 0
          i32.eq
          select
          i32.add
          local.get 9
          i32.store
          local.get 9
          i32.eqz
          br_if 1 (;@2;)
        end
        local.get 9
        local.get 11
        i32.store offset=24
        block ;; label = @3
          local.get 0
          i32.load offset=16
          local.tee 4
          i32.eqz
          br_if 0 (;@3;)
          local.get 9
          local.get 4
          i32.store offset=16
          local.get 4
          local.get 9
          i32.store offset=24
        end
        local.get 0
        i32.const 20
        i32.add
        i32.load
        local.tee 4
        i32.eqz
        br_if 0 (;@2;)
        local.get 9
        i32.const 20
        i32.add
        local.get 4
        i32.store
        local.get 4
        local.get 9
        i32.store offset=24
      end
      block ;; label = @2
        block ;; label = @3
          local.get 3
          i32.const 15
          i32.gt_u
          br_if 0 (;@3;)
          local.get 0
          local.get 3
          local.get 7
          i32.or
          local.tee 4
          i32.const 3
          i32.or
          i32.store offset=4
          local.get 0
          local.get 4
          i32.add
          local.tee 4
          local.get 4
          i32.load offset=4
          i32.const 1
          i32.or
          i32.store offset=4
          br 1 (;@2;)
        end
        local.get 0
        local.get 7
        i32.add
        local.tee 5
        local.get 3
        i32.const 1
        i32.or
        i32.store offset=4
        local.get 0
        local.get 7
        i32.const 3
        i32.or
        i32.store offset=4
        local.get 5
        local.get 3
        i32.add
        local.get 3
        i32.store
        block ;; label = @3
          local.get 8
          i32.eqz
          br_if 0 (;@3;)
          local.get 8
          i32.const -8
          i32.and
          i32.const 1055244
          i32.add
          local.set 7
          i32.const 0
          i32.load offset=1055224
          local.set 4
          block ;; label = @4
            block ;; label = @5
              i32.const 1
              local.get 8
              i32.const 3
              i32.shr_u
              i32.shl
              local.tee 9
              local.get 6
              i32.and
              br_if 0 (;@5;)
              i32.const 0
              local.get 9
              local.get 6
              i32.or
              i32.store offset=1055204
              local.get 7
              local.set 9
              br 1 (;@4;)
            end
            local.get 7
            i32.load offset=8
            local.set 9
          end
          local.get 9
          local.get 4
          i32.store offset=12
          local.get 7
          local.get 4
          i32.store offset=8
          local.get 4
          local.get 7
          i32.store offset=12
          local.get 4
          local.get 9
          i32.store offset=8
        end
        i32.const 0
        local.get 5
        i32.store offset=1055224
        i32.const 0
        local.get 3
        i32.store offset=1055212
      end
      local.get 0
      i32.const 8
      i32.add
      local.set 4
    end
    local.get 1
    i32.const 16
    i32.add
    global.set $__stack_pointer
    local.get 4
  )
  (func $prepend_alloc (;88;) (type 3) (param i32 i32 i32) (result i32)
    (local i32 i32 i32 i32 i32 i32 i32)
    local.get 0
    i32.const -8
    local.get 0
    i32.sub
    i32.const 15
    i32.and
    i32.add
    local.tee 3
    local.get 2
    i32.const 3
    i32.or
    i32.store offset=4
    local.get 1
    i32.const -8
    local.get 1
    i32.sub
    i32.const 15
    i32.and
    i32.add
    local.tee 4
    local.get 3
    local.get 2
    i32.add
    local.tee 5
    i32.sub
    local.set 2
    block ;; label = @1
      block ;; label = @2
        local.get 4
        i32.const 0
        i32.load offset=1055228
        i32.ne
        br_if 0 (;@2;)
        i32.const 0
        local.get 5
        i32.store offset=1055228
        i32.const 0
        i32.const 0
        i32.load offset=1055216
        local.get 2
        i32.add
        local.tee 2
        i32.store offset=1055216
        local.get 5
        local.get 2
        i32.const 1
        i32.or
        i32.store offset=4
        br 1 (;@1;)
      end
      block ;; label = @2
        local.get 4
        i32.const 0
        i32.load offset=1055224
        i32.ne
        br_if 0 (;@2;)
        i32.const 0
        local.get 5
        i32.store offset=1055224
        i32.const 0
        i32.const 0
        i32.load offset=1055212
        local.get 2
        i32.add
        local.tee 2
        i32.store offset=1055212
        local.get 5
        local.get 2
        i32.const 1
        i32.or
        i32.store offset=4
        local.get 5
        local.get 2
        i32.add
        local.get 2
        i32.store
        br 1 (;@1;)
      end
      block ;; label = @2
        local.get 4
        i32.load offset=4
        local.tee 0
        i32.const 3
        i32.and
        i32.const 1
        i32.ne
        br_if 0 (;@2;)
        local.get 0
        i32.const -8
        i32.and
        local.set 6
        block ;; label = @3
          block ;; label = @4
            local.get 0
            i32.const 255
            i32.gt_u
            br_if 0 (;@4;)
            local.get 4
            i32.load offset=8
            local.tee 1
            local.get 0
            i32.const 3
            i32.shr_u
            local.tee 7
            i32.const 3
            i32.shl
            i32.const 1055244
            i32.add
            local.tee 8
            i32.eq
            drop
            block ;; label = @5
              local.get 4
              i32.load offset=12
              local.tee 0
              local.get 1
              i32.ne
              br_if 0 (;@5;)
              i32.const 0
              i32.const 0
              i32.load offset=1055204
              i32.const -2
              local.get 7
              i32.rotl
              i32.and
              i32.store offset=1055204
              br 2 (;@3;)
            end
            local.get 0
            local.get 8
            i32.eq
            drop
            local.get 0
            local.get 1
            i32.store offset=8
            local.get 1
            local.get 0
            i32.store offset=12
            br 1 (;@3;)
          end
          local.get 4
          i32.load offset=24
          local.set 9
          block ;; label = @4
            block ;; label = @5
              local.get 4
              i32.load offset=12
              local.tee 8
              local.get 4
              i32.eq
              br_if 0 (;@5;)
              local.get 4
              i32.load offset=8
              local.tee 0
              i32.const 0
              i32.load offset=1055220
              i32.lt_u
              drop
              local.get 8
              local.get 0
              i32.store offset=8
              local.get 0
              local.get 8
              i32.store offset=12
              br 1 (;@4;)
            end
            block ;; label = @5
              block ;; label = @6
                local.get 4
                i32.const 20
                i32.add
                local.tee 1
                i32.load
                local.tee 0
                br_if 0 (;@6;)
                local.get 4
                i32.load offset=16
                local.tee 0
                i32.eqz
                br_if 1 (;@5;)
                local.get 4
                i32.const 16
                i32.add
                local.set 1
              end
              loop ;; label = @6
                local.get 1
                local.set 7
                local.get 0
                local.tee 8
                i32.const 20
                i32.add
                local.tee 1
                i32.load
                local.tee 0
                br_if 0 (;@6;)
                local.get 8
                i32.const 16
                i32.add
                local.set 1
                local.get 8
                i32.load offset=16
                local.tee 0
                br_if 0 (;@6;)
              end
              local.get 7
              i32.const 0
              i32.store
              br 1 (;@4;)
            end
            i32.const 0
            local.set 8
          end
          local.get 9
          i32.eqz
          br_if 0 (;@3;)
          block ;; label = @4
            block ;; label = @5
              local.get 4
              local.get 4
              i32.load offset=28
              local.tee 1
              i32.const 2
              i32.shl
              i32.const 1055508
              i32.add
              local.tee 0
              i32.load
              i32.ne
              br_if 0 (;@5;)
              local.get 0
              local.get 8
              i32.store
              local.get 8
              br_if 1 (;@4;)
              i32.const 0
              i32.const 0
              i32.load offset=1055208
              i32.const -2
              local.get 1
              i32.rotl
              i32.and
              i32.store offset=1055208
              br 2 (;@3;)
            end
            local.get 9
            i32.const 16
            i32.const 20
            local.get 9
            i32.load offset=16
            local.get 4
            i32.eq
            select
            i32.add
            local.get 8
            i32.store
            local.get 8
            i32.eqz
            br_if 1 (;@3;)
          end
          local.get 8
          local.get 9
          i32.store offset=24
          block ;; label = @4
            local.get 4
            i32.load offset=16
            local.tee 0
            i32.eqz
            br_if 0 (;@4;)
            local.get 8
            local.get 0
            i32.store offset=16
            local.get 0
            local.get 8
            i32.store offset=24
          end
          local.get 4
          i32.const 20
          i32.add
          i32.load
          local.tee 0
          i32.eqz
          br_if 0 (;@3;)
          local.get 8
          i32.const 20
          i32.add
          local.get 0
          i32.store
          local.get 0
          local.get 8
          i32.store offset=24
        end
        local.get 6
        local.get 2
        i32.add
        local.set 2
        local.get 4
        local.get 6
        i32.add
        local.tee 4
        i32.load offset=4
        local.set 0
      end
      local.get 4
      local.get 0
      i32.const -2
      i32.and
      i32.store offset=4
      local.get 5
      local.get 2
      i32.add
      local.get 2
      i32.store
      local.get 5
      local.get 2
      i32.const 1
      i32.or
      i32.store offset=4
      block ;; label = @2
        local.get 2
        i32.const 255
        i32.gt_u
        br_if 0 (;@2;)
        local.get 2
        i32.const -8
        i32.and
        i32.const 1055244
        i32.add
        local.set 0
        block ;; label = @3
          block ;; label = @4
            i32.const 0
            i32.load offset=1055204
            local.tee 1
            i32.const 1
            local.get 2
            i32.const 3
            i32.shr_u
            i32.shl
            local.tee 2
            i32.and
            br_if 0 (;@4;)
            i32.const 0
            local.get 1
            local.get 2
            i32.or
            i32.store offset=1055204
            local.get 0
            local.set 2
            br 1 (;@3;)
          end
          local.get 0
          i32.load offset=8
          local.set 2
        end
        local.get 2
        local.get 5
        i32.store offset=12
        local.get 0
        local.get 5
        i32.store offset=8
        local.get 5
        local.get 0
        i32.store offset=12
        local.get 5
        local.get 2
        i32.store offset=8
        br 1 (;@1;)
      end
      i32.const 31
      local.set 0
      block ;; label = @2
        local.get 2
        i32.const 16777215
        i32.gt_u
        br_if 0 (;@2;)
        local.get 2
        i32.const 38
        local.get 2
        i32.const 8
        i32.shr_u
        i32.clz
        local.tee 0
        i32.sub
        i32.shr_u
        i32.const 1
        i32.and
        local.get 0
        i32.const 1
        i32.shl
        i32.sub
        i32.const 62
        i32.add
        local.set 0
      end
      local.get 5
      local.get 0
      i32.store offset=28
      local.get 5
      i64.const 0
      i64.store offset=16 align=4
      local.get 0
      i32.const 2
      i32.shl
      i32.const 1055508
      i32.add
      local.set 1
      block ;; label = @2
        i32.const 0
        i32.load offset=1055208
        local.tee 8
        i32.const 1
        local.get 0
        i32.shl
        local.tee 4
        i32.and
        br_if 0 (;@2;)
        local.get 1
        local.get 5
        i32.store
        i32.const 0
        local.get 8
        local.get 4
        i32.or
        i32.store offset=1055208
        local.get 5
        local.get 1
        i32.store offset=24
        local.get 5
        local.get 5
        i32.store offset=8
        local.get 5
        local.get 5
        i32.store offset=12
        br 1 (;@1;)
      end
      local.get 2
      i32.const 0
      i32.const 25
      local.get 0
      i32.const 1
      i32.shr_u
      i32.sub
      local.get 0
      i32.const 31
      i32.eq
      select
      i32.shl
      local.set 0
      local.get 1
      i32.load
      local.set 8
      block ;; label = @2
        loop ;; label = @3
          local.get 8
          local.tee 1
          i32.load offset=4
          i32.const -8
          i32.and
          local.get 2
          i32.eq
          br_if 1 (;@2;)
          local.get 0
          i32.const 29
          i32.shr_u
          local.set 8
          local.get 0
          i32.const 1
          i32.shl
          local.set 0
          local.get 1
          local.get 8
          i32.const 4
          i32.and
          i32.add
          i32.const 16
          i32.add
          local.tee 4
          i32.load
          local.tee 8
          br_if 0 (;@3;)
        end
        local.get 4
        local.get 5
        i32.store
        local.get 5
        local.get 1
        i32.store offset=24
        local.get 5
        local.get 5
        i32.store offset=12
        local.get 5
        local.get 5
        i32.store offset=8
        br 1 (;@1;)
      end
      local.get 1
      i32.load offset=8
      local.tee 2
      local.get 5
      i32.store offset=12
      local.get 1
      local.get 5
      i32.store offset=8
      local.get 5
      i32.const 0
      i32.store offset=24
      local.get 5
      local.get 1
      i32.store offset=12
      local.get 5
      local.get 2
      i32.store offset=8
    end
    local.get 3
    i32.const 8
    i32.add
  )
  (func $free (;89;) (type 0) (param i32)
    local.get 0
    call $dlfree
  )
  (func $dlfree (;90;) (type 0) (param i32)
    (local i32 i32 i32 i32 i32 i32 i32)
    block ;; label = @1
      local.get 0
      i32.eqz
      br_if 0 (;@1;)
      local.get 0
      i32.const -8
      i32.add
      local.tee 1
      local.get 0
      i32.const -4
      i32.add
      i32.load
      local.tee 2
      i32.const -8
      i32.and
      local.tee 0
      i32.add
      local.set 3
      block ;; label = @2
        local.get 2
        i32.const 1
        i32.and
        br_if 0 (;@2;)
        local.get 2
        i32.const 2
        i32.and
        i32.eqz
        br_if 1 (;@1;)
        local.get 1
        local.get 1
        i32.load
        local.tee 2
        i32.sub
        local.tee 1
        i32.const 0
        i32.load offset=1055220
        local.tee 4
        i32.lt_u
        br_if 1 (;@1;)
        local.get 2
        local.get 0
        i32.add
        local.set 0
        block ;; label = @3
          block ;; label = @4
            block ;; label = @5
              local.get 1
              i32.const 0
              i32.load offset=1055224
              i32.eq
              br_if 0 (;@5;)
              block ;; label = @6
                local.get 2
                i32.const 255
                i32.gt_u
                br_if 0 (;@6;)
                local.get 1
                i32.load offset=8
                local.tee 4
                local.get 2
                i32.const 3
                i32.shr_u
                local.tee 5
                i32.const 3
                i32.shl
                i32.const 1055244
                i32.add
                local.tee 6
                i32.eq
                drop
                block ;; label = @7
                  local.get 1
                  i32.load offset=12
                  local.tee 2
                  local.get 4
                  i32.ne
                  br_if 0 (;@7;)
                  i32.const 0
                  i32.const 0
                  i32.load offset=1055204
                  i32.const -2
                  local.get 5
                  i32.rotl
                  i32.and
                  i32.store offset=1055204
                  br 5 (;@2;)
                end
                local.get 2
                local.get 6
                i32.eq
                drop
                local.get 2
                local.get 4
                i32.store offset=8
                local.get 4
                local.get 2
                i32.store offset=12
                br 4 (;@2;)
              end
              local.get 1
              i32.load offset=24
              local.set 7
              block ;; label = @6
                local.get 1
                i32.load offset=12
                local.tee 6
                local.get 1
                i32.eq
                br_if 0 (;@6;)
                local.get 1
                i32.load offset=8
                local.tee 2
                local.get 4
                i32.lt_u
                drop
                local.get 6
                local.get 2
                i32.store offset=8
                local.get 2
                local.get 6
                i32.store offset=12
                br 3 (;@3;)
              end
              block ;; label = @6
                local.get 1
                i32.const 20
                i32.add
                local.tee 4
                i32.load
                local.tee 2
                br_if 0 (;@6;)
                local.get 1
                i32.load offset=16
                local.tee 2
                i32.eqz
                br_if 2 (;@4;)
                local.get 1
                i32.const 16
                i32.add
                local.set 4
              end
              loop ;; label = @6
                local.get 4
                local.set 5
                local.get 2
                local.tee 6
                i32.const 20
                i32.add
                local.tee 4
                i32.load
                local.tee 2
                br_if 0 (;@6;)
                local.get 6
                i32.const 16
                i32.add
                local.set 4
                local.get 6
                i32.load offset=16
                local.tee 2
                br_if 0 (;@6;)
              end
              local.get 5
              i32.const 0
              i32.store
              br 2 (;@3;)
            end
            local.get 3
            i32.load offset=4
            local.tee 2
            i32.const 3
            i32.and
            i32.const 3
            i32.ne
            br_if 2 (;@2;)
            local.get 3
            local.get 2
            i32.const -2
            i32.and
            i32.store offset=4
            i32.const 0
            local.get 0
            i32.store offset=1055212
            local.get 3
            local.get 0
            i32.store
            local.get 1
            local.get 0
            i32.const 1
            i32.or
            i32.store offset=4
            return
          end
          i32.const 0
          local.set 6
        end
        local.get 7
        i32.eqz
        br_if 0 (;@2;)
        block ;; label = @3
          block ;; label = @4
            local.get 1
            local.get 1
            i32.load offset=28
            local.tee 4
            i32.const 2
            i32.shl
            i32.const 1055508
            i32.add
            local.tee 2
            i32.load
            i32.ne
            br_if 0 (;@4;)
            local.get 2
            local.get 6
            i32.store
            local.get 6
            br_if 1 (;@3;)
            i32.const 0
            i32.const 0
            i32.load offset=1055208
            i32.const -2
            local.get 4
            i32.rotl
            i32.and
            i32.store offset=1055208
            br 2 (;@2;)
          end
          local.get 7
          i32.const 16
          i32.const 20
          local.get 7
          i32.load offset=16
          local.get 1
          i32.eq
          select
          i32.add
          local.get 6
          i32.store
          local.get 6
          i32.eqz
          br_if 1 (;@2;)
        end
        local.get 6
        local.get 7
        i32.store offset=24
        block ;; label = @3
          local.get 1
          i32.load offset=16
          local.tee 2
          i32.eqz
          br_if 0 (;@3;)
          local.get 6
          local.get 2
          i32.store offset=16
          local.get 2
          local.get 6
          i32.store offset=24
        end
        local.get 1
        i32.const 20
        i32.add
        i32.load
        local.tee 2
        i32.eqz
        br_if 0 (;@2;)
        local.get 6
        i32.const 20
        i32.add
        local.get 2
        i32.store
        local.get 2
        local.get 6
        i32.store offset=24
      end
      local.get 1
      local.get 3
      i32.ge_u
      br_if 0 (;@1;)
      local.get 3
      i32.load offset=4
      local.tee 2
      i32.const 1
      i32.and
      i32.eqz
      br_if 0 (;@1;)
      block ;; label = @2
        block ;; label = @3
          block ;; label = @4
            block ;; label = @5
              block ;; label = @6
                local.get 2
                i32.const 2
                i32.and
                br_if 0 (;@6;)
                block ;; label = @7
                  local.get 3
                  i32.const 0
                  i32.load offset=1055228
                  i32.ne
                  br_if 0 (;@7;)
                  i32.const 0
                  local.get 1
                  i32.store offset=1055228
                  i32.const 0
                  i32.const 0
                  i32.load offset=1055216
                  local.get 0
                  i32.add
                  local.tee 0
                  i32.store offset=1055216
                  local.get 1
                  local.get 0
                  i32.const 1
                  i32.or
                  i32.store offset=4
                  local.get 1
                  i32.const 0
                  i32.load offset=1055224
                  i32.ne
                  br_if 6 (;@1;)
                  i32.const 0
                  i32.const 0
                  i32.store offset=1055212
                  i32.const 0
                  i32.const 0
                  i32.store offset=1055224
                  return
                end
                block ;; label = @7
                  local.get 3
                  i32.const 0
                  i32.load offset=1055224
                  i32.ne
                  br_if 0 (;@7;)
                  i32.const 0
                  local.get 1
                  i32.store offset=1055224
                  i32.const 0
                  i32.const 0
                  i32.load offset=1055212
                  local.get 0
                  i32.add
                  local.tee 0
                  i32.store offset=1055212
                  local.get 1
                  local.get 0
                  i32.const 1
                  i32.or
                  i32.store offset=4
                  local.get 1
                  local.get 0
                  i32.add
                  local.get 0
                  i32.store
                  return
                end
                local.get 2
                i32.const -8
                i32.and
                local.get 0
                i32.add
                local.set 0
                block ;; label = @7
                  local.get 2
                  i32.const 255
                  i32.gt_u
                  br_if 0 (;@7;)
                  local.get 3
                  i32.load offset=8
                  local.tee 4
                  local.get 2
                  i32.const 3
                  i32.shr_u
                  local.tee 5
                  i32.const 3
                  i32.shl
                  i32.const 1055244
                  i32.add
                  local.tee 6
                  i32.eq
                  drop
                  block ;; label = @8
                    local.get 3
                    i32.load offset=12
                    local.tee 2
                    local.get 4
                    i32.ne
                    br_if 0 (;@8;)
                    i32.const 0
                    i32.const 0
                    i32.load offset=1055204
                    i32.const -2
                    local.get 5
                    i32.rotl
                    i32.and
                    i32.store offset=1055204
                    br 5 (;@3;)
                  end
                  local.get 2
                  local.get 6
                  i32.eq
                  drop
                  local.get 2
                  local.get 4
                  i32.store offset=8
                  local.get 4
                  local.get 2
                  i32.store offset=12
                  br 4 (;@3;)
                end
                local.get 3
                i32.load offset=24
                local.set 7
                block ;; label = @7
                  local.get 3
                  i32.load offset=12
                  local.tee 6
                  local.get 3
                  i32.eq
                  br_if 0 (;@7;)
                  local.get 3
                  i32.load offset=8
                  local.tee 2
                  i32.const 0
                  i32.load offset=1055220
                  i32.lt_u
                  drop
                  local.get 6
                  local.get 2
                  i32.store offset=8
                  local.get 2
                  local.get 6
                  i32.store offset=12
                  br 3 (;@4;)
                end
                block ;; label = @7
                  local.get 3
                  i32.const 20
                  i32.add
                  local.tee 4
                  i32.load
                  local.tee 2
                  br_if 0 (;@7;)
                  local.get 3
                  i32.load offset=16
                  local.tee 2
                  i32.eqz
                  br_if 2 (;@5;)
                  local.get 3
                  i32.const 16
                  i32.add
                  local.set 4
                end
                loop ;; label = @7
                  local.get 4
                  local.set 5
                  local.get 2
                  local.tee 6
                  i32.const 20
                  i32.add
                  local.tee 4
                  i32.load
                  local.tee 2
                  br_if 0 (;@7;)
                  local.get 6
                  i32.const 16
                  i32.add
                  local.set 4
                  local.get 6
                  i32.load offset=16
                  local.tee 2
                  br_if 0 (;@7;)
                end
                local.get 5
                i32.const 0
                i32.store
                br 2 (;@4;)
              end
              local.get 3
              local.get 2
              i32.const -2
              i32.and
              i32.store offset=4
              local.get 1
              local.get 0
              i32.add
              local.get 0
              i32.store
              local.get 1
              local.get 0
              i32.const 1
              i32.or
              i32.store offset=4
              br 3 (;@2;)
            end
            i32.const 0
            local.set 6
          end
          local.get 7
          i32.eqz
          br_if 0 (;@3;)
          block ;; label = @4
            block ;; label = @5
              local.get 3
              local.get 3
              i32.load offset=28
              local.tee 4
              i32.const 2
              i32.shl
              i32.const 1055508
              i32.add
              local.tee 2
              i32.load
              i32.ne
              br_if 0 (;@5;)
              local.get 2
              local.get 6
              i32.store
              local.get 6
              br_if 1 (;@4;)
              i32.const 0
              i32.const 0
              i32.load offset=1055208
              i32.const -2
              local.get 4
              i32.rotl
              i32.and
              i32.store offset=1055208
              br 2 (;@3;)
            end
            local.get 7
            i32.const 16
            i32.const 20
            local.get 7
            i32.load offset=16
            local.get 3
            i32.eq
            select
            i32.add
            local.get 6
            i32.store
            local.get 6
            i32.eqz
            br_if 1 (;@3;)
          end
          local.get 6
          local.get 7
          i32.store offset=24
          block ;; label = @4
            local.get 3
            i32.load offset=16
            local.tee 2
            i32.eqz
            br_if 0 (;@4;)
            local.get 6
            local.get 2
            i32.store offset=16
            local.get 2
            local.get 6
            i32.store offset=24
          end
          local.get 3
          i32.const 20
          i32.add
          i32.load
          local.tee 2
          i32.eqz
          br_if 0 (;@3;)
          local.get 6
          i32.const 20
          i32.add
          local.get 2
          i32.store
          local.get 2
          local.get 6
          i32.store offset=24
        end
        local.get 1
        local.get 0
        i32.add
        local.get 0
        i32.store
        local.get 1
        local.get 0
        i32.const 1
        i32.or
        i32.store offset=4
        local.get 1
        i32.const 0
        i32.load offset=1055224
        i32.ne
        br_if 0 (;@2;)
        i32.const 0
        local.get 0
        i32.store offset=1055212
        return
      end
      block ;; label = @2
        local.get 0
        i32.const 255
        i32.gt_u
        br_if 0 (;@2;)
        local.get 0
        i32.const -8
        i32.and
        i32.const 1055244
        i32.add
        local.set 2
        block ;; label = @3
          block ;; label = @4
            i32.const 0
            i32.load offset=1055204
            local.tee 4
            i32.const 1
            local.get 0
            i32.const 3
            i32.shr_u
            i32.shl
            local.tee 0
            i32.and
            br_if 0 (;@4;)
            i32.const 0
            local.get 4
            local.get 0
            i32.or
            i32.store offset=1055204
            local.get 2
            local.set 0
            br 1 (;@3;)
          end
          local.get 2
          i32.load offset=8
          local.set 0
        end
        local.get 0
        local.get 1
        i32.store offset=12
        local.get 2
        local.get 1
        i32.store offset=8
        local.get 1
        local.get 2
        i32.store offset=12
        local.get 1
        local.get 0
        i32.store offset=8
        return
      end
      i32.const 31
      local.set 2
      block ;; label = @2
        local.get 0
        i32.const 16777215
        i32.gt_u
        br_if 0 (;@2;)
        local.get 0
        i32.const 38
        local.get 0
        i32.const 8
        i32.shr_u
        i32.clz
        local.tee 2
        i32.sub
        i32.shr_u
        i32.const 1
        i32.and
        local.get 2
        i32.const 1
        i32.shl
        i32.sub
        i32.const 62
        i32.add
        local.set 2
      end
      local.get 1
      local.get 2
      i32.store offset=28
      local.get 1
      i64.const 0
      i64.store offset=16 align=4
      local.get 2
      i32.const 2
      i32.shl
      i32.const 1055508
      i32.add
      local.set 4
      block ;; label = @2
        block ;; label = @3
          i32.const 0
          i32.load offset=1055208
          local.tee 6
          i32.const 1
          local.get 2
          i32.shl
          local.tee 3
          i32.and
          br_if 0 (;@3;)
          local.get 4
          local.get 1
          i32.store
          i32.const 0
          local.get 6
          local.get 3
          i32.or
          i32.store offset=1055208
          local.get 1
          local.get 4
          i32.store offset=24
          local.get 1
          local.get 1
          i32.store offset=8
          local.get 1
          local.get 1
          i32.store offset=12
          br 1 (;@2;)
        end
        local.get 0
        i32.const 0
        i32.const 25
        local.get 2
        i32.const 1
        i32.shr_u
        i32.sub
        local.get 2
        i32.const 31
        i32.eq
        select
        i32.shl
        local.set 2
        local.get 4
        i32.load
        local.set 6
        block ;; label = @3
          loop ;; label = @4
            local.get 6
            local.tee 4
            i32.load offset=4
            i32.const -8
            i32.and
            local.get 0
            i32.eq
            br_if 1 (;@3;)
            local.get 2
            i32.const 29
            i32.shr_u
            local.set 6
            local.get 2
            i32.const 1
            i32.shl
            local.set 2
            local.get 4
            local.get 6
            i32.const 4
            i32.and
            i32.add
            i32.const 16
            i32.add
            local.tee 3
            i32.load
            local.tee 6
            br_if 0 (;@4;)
          end
          local.get 3
          local.get 1
          i32.store
          local.get 1
          local.get 4
          i32.store offset=24
          local.get 1
          local.get 1
          i32.store offset=12
          local.get 1
          local.get 1
          i32.store offset=8
          br 1 (;@2;)
        end
        local.get 4
        i32.load offset=8
        local.tee 0
        local.get 1
        i32.store offset=12
        local.get 4
        local.get 1
        i32.store offset=8
        local.get 1
        i32.const 0
        i32.store offset=24
        local.get 1
        local.get 4
        i32.store offset=12
        local.get 1
        local.get 0
        i32.store offset=8
      end
      i32.const 0
      i32.const 0
      i32.load offset=1055236
      i32.const -1
      i32.add
      local.tee 1
      i32.const -1
      local.get 1
      select
      i32.store offset=1055236
    end
  )
  (func $calloc (;91;) (type 2) (param i32 i32) (result i32)
    (local i32 i64)
    block ;; label = @1
      block ;; label = @2
        local.get 0
        br_if 0 (;@2;)
        i32.const 0
        local.set 2
        br 1 (;@1;)
      end
      local.get 0
      i64.extend_i32_u
      local.get 1
      i64.extend_i32_u
      i64.mul
      local.tee 3
      i32.wrap_i64
      local.set 2
      local.get 1
      local.get 0
      i32.or
      i32.const 65536
      i32.lt_u
      br_if 0 (;@1;)
      i32.const -1
      local.get 2
      local.get 3
      i64.const 32
      i64.shr_u
      i32.wrap_i64
      i32.const 0
      i32.ne
      select
      local.set 2
    end
    block ;; label = @1
      local.get 2
      call $dlmalloc
      local.tee 0
      i32.eqz
      br_if 0 (;@1;)
      local.get 0
      i32.const -4
      i32.add
      i32.load8_u
      i32.const 3
      i32.and
      i32.eqz
      br_if 0 (;@1;)
      local.get 0
      i32.const 0
      local.get 2
      call $memset
      drop
    end
    local.get 0
  )
  (func $realloc (;92;) (type 2) (param i32 i32) (result i32)
    (local i32 i32 i32 i32 i32 i32 i32 i32 i32 i32 i32)
    block ;; label = @1
      local.get 0
      br_if 0 (;@1;)
      local.get 1
      call $dlmalloc
      return
    end
    block ;; label = @1
      local.get 1
      i32.const -64
      i32.lt_u
      br_if 0 (;@1;)
      i32.const 0
      i32.const 48
      i32.store offset=1055700
      i32.const 0
      return
    end
    i32.const 16
    local.get 1
    i32.const 19
    i32.add
    i32.const -16
    i32.and
    local.get 1
    i32.const 11
    i32.lt_u
    select
    local.set 2
    local.get 0
    i32.const -4
    i32.add
    local.tee 3
    i32.load
    local.tee 4
    i32.const -8
    i32.and
    local.set 5
    block ;; label = @1
      block ;; label = @2
        block ;; label = @3
          local.get 4
          i32.const 3
          i32.and
          br_if 0 (;@3;)
          local.get 2
          i32.const 256
          i32.lt_u
          br_if 1 (;@2;)
          local.get 5
          local.get 2
          i32.const 4
          i32.or
          i32.lt_u
          br_if 1 (;@2;)
          local.get 5
          local.get 2
          i32.sub
          i32.const 0
          i32.load offset=1055684
          i32.const 1
          i32.shl
          i32.le_u
          br_if 2 (;@1;)
          br 1 (;@2;)
        end
        local.get 0
        i32.const -8
        i32.add
        local.tee 6
        local.get 5
        i32.add
        local.set 7
        block ;; label = @3
          local.get 5
          local.get 2
          i32.lt_u
          br_if 0 (;@3;)
          local.get 5
          local.get 2
          i32.sub
          local.tee 1
          i32.const 16
          i32.lt_u
          br_if 2 (;@1;)
          local.get 3
          local.get 2
          local.get 4
          i32.const 1
          i32.and
          i32.or
          i32.const 2
          i32.or
          i32.store
          local.get 6
          local.get 2
          i32.add
          local.tee 2
          local.get 1
          i32.const 3
          i32.or
          i32.store offset=4
          local.get 7
          local.get 7
          i32.load offset=4
          i32.const 1
          i32.or
          i32.store offset=4
          local.get 2
          local.get 1
          call $dispose_chunk
          local.get 0
          return
        end
        block ;; label = @3
          local.get 7
          i32.const 0
          i32.load offset=1055228
          i32.ne
          br_if 0 (;@3;)
          i32.const 0
          i32.load offset=1055216
          local.get 5
          i32.add
          local.tee 5
          local.get 2
          i32.le_u
          br_if 1 (;@2;)
          local.get 3
          local.get 2
          local.get 4
          i32.const 1
          i32.and
          i32.or
          i32.const 2
          i32.or
          i32.store
          i32.const 0
          local.get 6
          local.get 2
          i32.add
          local.tee 1
          i32.store offset=1055228
          i32.const 0
          local.get 5
          local.get 2
          i32.sub
          local.tee 2
          i32.store offset=1055216
          local.get 1
          local.get 2
          i32.const 1
          i32.or
          i32.store offset=4
          local.get 0
          return
        end
        block ;; label = @3
          local.get 7
          i32.const 0
          i32.load offset=1055224
          i32.ne
          br_if 0 (;@3;)
          i32.const 0
          i32.load offset=1055212
          local.get 5
          i32.add
          local.tee 5
          local.get 2
          i32.lt_u
          br_if 1 (;@2;)
          block ;; label = @4
            block ;; label = @5
              local.get 5
              local.get 2
              i32.sub
              local.tee 1
              i32.const 16
              i32.lt_u
              br_if 0 (;@5;)
              local.get 3
              local.get 2
              local.get 4
              i32.const 1
              i32.and
              i32.or
              i32.const 2
              i32.or
              i32.store
              local.get 6
              local.get 2
              i32.add
              local.tee 2
              local.get 1
              i32.const 1
              i32.or
              i32.store offset=4
              local.get 6
              local.get 5
              i32.add
              local.tee 5
              local.get 1
              i32.store
              local.get 5
              local.get 5
              i32.load offset=4
              i32.const -2
              i32.and
              i32.store offset=4
              br 1 (;@4;)
            end
            local.get 3
            local.get 4
            i32.const 1
            i32.and
            local.get 5
            i32.or
            i32.const 2
            i32.or
            i32.store
            local.get 6
            local.get 5
            i32.add
            local.tee 1
            local.get 1
            i32.load offset=4
            i32.const 1
            i32.or
            i32.store offset=4
            i32.const 0
            local.set 1
            i32.const 0
            local.set 2
          end
          i32.const 0
          local.get 2
          i32.store offset=1055224
          i32.const 0
          local.get 1
          i32.store offset=1055212
          local.get 0
          return
        end
        local.get 7
        i32.load offset=4
        local.tee 8
        i32.const 2
        i32.and
        br_if 0 (;@2;)
        local.get 8
        i32.const -8
        i32.and
        local.get 5
        i32.add
        local.tee 9
        local.get 2
        i32.lt_u
        br_if 0 (;@2;)
        local.get 9
        local.get 2
        i32.sub
        local.set 10
        block ;; label = @3
          block ;; label = @4
            local.get 8
            i32.const 255
            i32.gt_u
            br_if 0 (;@4;)
            local.get 7
            i32.load offset=8
            local.tee 1
            local.get 8
            i32.const 3
            i32.shr_u
            local.tee 11
            i32.const 3
            i32.shl
            i32.const 1055244
            i32.add
            local.tee 8
            i32.eq
            drop
            block ;; label = @5
              local.get 7
              i32.load offset=12
              local.tee 5
              local.get 1
              i32.ne
              br_if 0 (;@5;)
              i32.const 0
              i32.const 0
              i32.load offset=1055204
              i32.const -2
              local.get 11
              i32.rotl
              i32.and
              i32.store offset=1055204
              br 2 (;@3;)
            end
            local.get 5
            local.get 8
            i32.eq
            drop
            local.get 5
            local.get 1
            i32.store offset=8
            local.get 1
            local.get 5
            i32.store offset=12
            br 1 (;@3;)
          end
          local.get 7
          i32.load offset=24
          local.set 12
          block ;; label = @4
            block ;; label = @5
              local.get 7
              i32.load offset=12
              local.tee 8
              local.get 7
              i32.eq
              br_if 0 (;@5;)
              local.get 7
              i32.load offset=8
              local.tee 1
              i32.const 0
              i32.load offset=1055220
              i32.lt_u
              drop
              local.get 8
              local.get 1
              i32.store offset=8
              local.get 1
              local.get 8
              i32.store offset=12
              br 1 (;@4;)
            end
            block ;; label = @5
              block ;; label = @6
                local.get 7
                i32.const 20
                i32.add
                local.tee 5
                i32.load
                local.tee 1
                br_if 0 (;@6;)
                local.get 7
                i32.load offset=16
                local.tee 1
                i32.eqz
                br_if 1 (;@5;)
                local.get 7
                i32.const 16
                i32.add
                local.set 5
              end
              loop ;; label = @6
                local.get 5
                local.set 11
                local.get 1
                local.tee 8
                i32.const 20
                i32.add
                local.tee 5
                i32.load
                local.tee 1
                br_if 0 (;@6;)
                local.get 8
                i32.const 16
                i32.add
                local.set 5
                local.get 8
                i32.load offset=16
                local.tee 1
                br_if 0 (;@6;)
              end
              local.get 11
              i32.const 0
              i32.store
              br 1 (;@4;)
            end
            i32.const 0
            local.set 8
          end
          local.get 12
          i32.eqz
          br_if 0 (;@3;)
          block ;; label = @4
            block ;; label = @5
              local.get 7
              local.get 7
              i32.load offset=28
              local.tee 5
              i32.const 2
              i32.shl
              i32.const 1055508
              i32.add
              local.tee 1
              i32.load
              i32.ne
              br_if 0 (;@5;)
              local.get 1
              local.get 8
              i32.store
              local.get 8
              br_if 1 (;@4;)
              i32.const 0
              i32.const 0
              i32.load offset=1055208
              i32.const -2
              local.get 5
              i32.rotl
              i32.and
              i32.store offset=1055208
              br 2 (;@3;)
            end
            local.get 12
            i32.const 16
            i32.const 20
            local.get 12
            i32.load offset=16
            local.get 7
            i32.eq
            select
            i32.add
            local.get 8
            i32.store
            local.get 8
            i32.eqz
            br_if 1 (;@3;)
          end
          local.get 8
          local.get 12
          i32.store offset=24
          block ;; label = @4
            local.get 7
            i32.load offset=16
            local.tee 1
            i32.eqz
            br_if 0 (;@4;)
            local.get 8
            local.get 1
            i32.store offset=16
            local.get 1
            local.get 8
            i32.store offset=24
          end
          local.get 7
          i32.const 20
          i32.add
          i32.load
          local.tee 1
          i32.eqz
          br_if 0 (;@3;)
          local.get 8
          i32.const 20
          i32.add
          local.get 1
          i32.store
          local.get 1
          local.get 8
          i32.store offset=24
        end
        block ;; label = @3
          local.get 10
          i32.const 15
          i32.gt_u
          br_if 0 (;@3;)
          local.get 3
          local.get 4
          i32.const 1
          i32.and
          local.get 9
          i32.or
          i32.const 2
          i32.or
          i32.store
          local.get 6
          local.get 9
          i32.add
          local.tee 1
          local.get 1
          i32.load offset=4
          i32.const 1
          i32.or
          i32.store offset=4
          local.get 0
          return
        end
        local.get 3
        local.get 2
        local.get 4
        i32.const 1
        i32.and
        i32.or
        i32.const 2
        i32.or
        i32.store
        local.get 6
        local.get 2
        i32.add
        local.tee 1
        local.get 10
        i32.const 3
        i32.or
        i32.store offset=4
        local.get 6
        local.get 9
        i32.add
        local.tee 2
        local.get 2
        i32.load offset=4
        i32.const 1
        i32.or
        i32.store offset=4
        local.get 1
        local.get 10
        call $dispose_chunk
        local.get 0
        return
      end
      block ;; label = @2
        local.get 1
        call $dlmalloc
        local.tee 2
        br_if 0 (;@2;)
        i32.const 0
        return
      end
      local.get 2
      local.get 0
      i32.const -4
      i32.const -8
      local.get 3
      i32.load
      local.tee 5
      i32.const 3
      i32.and
      select
      local.get 5
      i32.const -8
      i32.and
      i32.add
      local.tee 5
      local.get 1
      local.get 5
      local.get 1
      i32.lt_u
      select
      call $memcpy
      local.set 1
      local.get 0
      call $dlfree
      local.get 1
      local.set 0
    end
    local.get 0
  )
  (func $dispose_chunk (;93;) (type 1) (param i32 i32)
    (local i32 i32 i32 i32 i32 i32)
    local.get 0
    local.get 1
    i32.add
    local.set 2
    block ;; label = @1
      block ;; label = @2
        local.get 0
        i32.load offset=4
        local.tee 3
        i32.const 1
        i32.and
        br_if 0 (;@2;)
        local.get 3
        i32.const 2
        i32.and
        i32.eqz
        br_if 1 (;@1;)
        local.get 0
        i32.load
        local.tee 3
        local.get 1
        i32.add
        local.set 1
        block ;; label = @3
          block ;; label = @4
            block ;; label = @5
              block ;; label = @6
                local.get 0
                local.get 3
                i32.sub
                local.tee 0
                i32.const 0
                i32.load offset=1055224
                i32.eq
                br_if 0 (;@6;)
                block ;; label = @7
                  local.get 3
                  i32.const 255
                  i32.gt_u
                  br_if 0 (;@7;)
                  local.get 0
                  i32.load offset=8
                  local.tee 4
                  local.get 3
                  i32.const 3
                  i32.shr_u
                  local.tee 5
                  i32.const 3
                  i32.shl
                  i32.const 1055244
                  i32.add
                  local.tee 6
                  i32.eq
                  drop
                  local.get 0
                  i32.load offset=12
                  local.tee 3
                  local.get 4
                  i32.ne
                  br_if 2 (;@5;)
                  i32.const 0
                  i32.const 0
                  i32.load offset=1055204
                  i32.const -2
                  local.get 5
                  i32.rotl
                  i32.and
                  i32.store offset=1055204
                  br 5 (;@2;)
                end
                local.get 0
                i32.load offset=24
                local.set 7
                block ;; label = @7
                  local.get 0
                  i32.load offset=12
                  local.tee 6
                  local.get 0
                  i32.eq
                  br_if 0 (;@7;)
                  local.get 0
                  i32.load offset=8
                  local.tee 3
                  i32.const 0
                  i32.load offset=1055220
                  i32.lt_u
                  drop
                  local.get 6
                  local.get 3
                  i32.store offset=8
                  local.get 3
                  local.get 6
                  i32.store offset=12
                  br 4 (;@3;)
                end
                block ;; label = @7
                  local.get 0
                  i32.const 20
                  i32.add
                  local.tee 4
                  i32.load
                  local.tee 3
                  br_if 0 (;@7;)
                  local.get 0
                  i32.load offset=16
                  local.tee 3
                  i32.eqz
                  br_if 3 (;@4;)
                  local.get 0
                  i32.const 16
                  i32.add
                  local.set 4
                end
                loop ;; label = @7
                  local.get 4
                  local.set 5
                  local.get 3
                  local.tee 6
                  i32.const 20
                  i32.add
                  local.tee 4
                  i32.load
                  local.tee 3
                  br_if 0 (;@7;)
                  local.get 6
                  i32.const 16
                  i32.add
                  local.set 4
                  local.get 6
                  i32.load offset=16
                  local.tee 3
                  br_if 0 (;@7;)
                end
                local.get 5
                i32.const 0
                i32.store
                br 3 (;@3;)
              end
              local.get 2
              i32.load offset=4
              local.tee 3
              i32.const 3
              i32.and
              i32.const 3
              i32.ne
              br_if 3 (;@2;)
              local.get 2
              local.get 3
              i32.const -2
              i32.and
              i32.store offset=4
              i32.const 0
              local.get 1
              i32.store offset=1055212
              local.get 2
              local.get 1
              i32.store
              local.get 0
              local.get 1
              i32.const 1
              i32.or
              i32.store offset=4
              return
            end
            local.get 3
            local.get 6
            i32.eq
            drop
            local.get 3
            local.get 4
            i32.store offset=8
            local.get 4
            local.get 3
            i32.store offset=12
            br 2 (;@2;)
          end
          i32.const 0
          local.set 6
        end
        local.get 7
        i32.eqz
        br_if 0 (;@2;)
        block ;; label = @3
          block ;; label = @4
            local.get 0
            local.get 0
            i32.load offset=28
            local.tee 4
            i32.const 2
            i32.shl
            i32.const 1055508
            i32.add
            local.tee 3
            i32.load
            i32.ne
            br_if 0 (;@4;)
            local.get 3
            local.get 6
            i32.store
            local.get 6
            br_if 1 (;@3;)
            i32.const 0
            i32.const 0
            i32.load offset=1055208
            i32.const -2
            local.get 4
            i32.rotl
            i32.and
            i32.store offset=1055208
            br 2 (;@2;)
          end
          local.get 7
          i32.const 16
          i32.const 20
          local.get 7
          i32.load offset=16
          local.get 0
          i32.eq
          select
          i32.add
          local.get 6
          i32.store
          local.get 6
          i32.eqz
          br_if 1 (;@2;)
        end
        local.get 6
        local.get 7
        i32.store offset=24
        block ;; label = @3
          local.get 0
          i32.load offset=16
          local.tee 3
          i32.eqz
          br_if 0 (;@3;)
          local.get 6
          local.get 3
          i32.store offset=16
          local.get 3
          local.get 6
          i32.store offset=24
        end
        local.get 0
        i32.const 20
        i32.add
        i32.load
        local.tee 3
        i32.eqz
        br_if 0 (;@2;)
        local.get 6
        i32.const 20
        i32.add
        local.get 3
        i32.store
        local.get 3
        local.get 6
        i32.store offset=24
      end
      block ;; label = @2
        block ;; label = @3
          block ;; label = @4
            block ;; label = @5
              block ;; label = @6
                local.get 2
                i32.load offset=4
                local.tee 3
                i32.const 2
                i32.and
                br_if 0 (;@6;)
                block ;; label = @7
                  local.get 2
                  i32.const 0
                  i32.load offset=1055228
                  i32.ne
                  br_if 0 (;@7;)
                  i32.const 0
                  local.get 0
                  i32.store offset=1055228
                  i32.const 0
                  i32.const 0
                  i32.load offset=1055216
                  local.get 1
                  i32.add
                  local.tee 1
                  i32.store offset=1055216
                  local.get 0
                  local.get 1
                  i32.const 1
                  i32.or
                  i32.store offset=4
                  local.get 0
                  i32.const 0
                  i32.load offset=1055224
                  i32.ne
                  br_if 6 (;@1;)
                  i32.const 0
                  i32.const 0
                  i32.store offset=1055212
                  i32.const 0
                  i32.const 0
                  i32.store offset=1055224
                  return
                end
                block ;; label = @7
                  local.get 2
                  i32.const 0
                  i32.load offset=1055224
                  i32.ne
                  br_if 0 (;@7;)
                  i32.const 0
                  local.get 0
                  i32.store offset=1055224
                  i32.const 0
                  i32.const 0
                  i32.load offset=1055212
                  local.get 1
                  i32.add
                  local.tee 1
                  i32.store offset=1055212
                  local.get 0
                  local.get 1
                  i32.const 1
                  i32.or
                  i32.store offset=4
                  local.get 0
                  local.get 1
                  i32.add
                  local.get 1
                  i32.store
                  return
                end
                local.get 3
                i32.const -8
                i32.and
                local.get 1
                i32.add
                local.set 1
                block ;; label = @7
                  local.get 3
                  i32.const 255
                  i32.gt_u
                  br_if 0 (;@7;)
                  local.get 2
                  i32.load offset=8
                  local.tee 4
                  local.get 3
                  i32.const 3
                  i32.shr_u
                  local.tee 5
                  i32.const 3
                  i32.shl
                  i32.const 1055244
                  i32.add
                  local.tee 6
                  i32.eq
                  drop
                  block ;; label = @8
                    local.get 2
                    i32.load offset=12
                    local.tee 3
                    local.get 4
                    i32.ne
                    br_if 0 (;@8;)
                    i32.const 0
                    i32.const 0
                    i32.load offset=1055204
                    i32.const -2
                    local.get 5
                    i32.rotl
                    i32.and
                    i32.store offset=1055204
                    br 5 (;@3;)
                  end
                  local.get 3
                  local.get 6
                  i32.eq
                  drop
                  local.get 3
                  local.get 4
                  i32.store offset=8
                  local.get 4
                  local.get 3
                  i32.store offset=12
                  br 4 (;@3;)
                end
                local.get 2
                i32.load offset=24
                local.set 7
                block ;; label = @7
                  local.get 2
                  i32.load offset=12
                  local.tee 6
                  local.get 2
                  i32.eq
                  br_if 0 (;@7;)
                  local.get 2
                  i32.load offset=8
                  local.tee 3
                  i32.const 0
                  i32.load offset=1055220
                  i32.lt_u
                  drop
                  local.get 6
                  local.get 3
                  i32.store offset=8
                  local.get 3
                  local.get 6
                  i32.store offset=12
                  br 3 (;@4;)
                end
                block ;; label = @7
                  local.get 2
                  i32.const 20
                  i32.add
                  local.tee 4
                  i32.load
                  local.tee 3
                  br_if 0 (;@7;)
                  local.get 2
                  i32.load offset=16
                  local.tee 3
                  i32.eqz
                  br_if 2 (;@5;)
                  local.get 2
                  i32.const 16
                  i32.add
                  local.set 4
                end
                loop ;; label = @7
                  local.get 4
                  local.set 5
                  local.get 3
                  local.tee 6
                  i32.const 20
                  i32.add
                  local.tee 4
                  i32.load
                  local.tee 3
                  br_if 0 (;@7;)
                  local.get 6
                  i32.const 16
                  i32.add
                  local.set 4
                  local.get 6
                  i32.load offset=16
                  local.tee 3
                  br_if 0 (;@7;)
                end
                local.get 5
                i32.const 0
                i32.store
                br 2 (;@4;)
              end
              local.get 2
              local.get 3
              i32.const -2
              i32.and
              i32.store offset=4
              local.get 0
              local.get 1
              i32.add
              local.get 1
              i32.store
              local.get 0
              local.get 1
              i32.const 1
              i32.or
              i32.store offset=4
              br 3 (;@2;)
            end
            i32.const 0
            local.set 6
          end
          local.get 7
          i32.eqz
          br_if 0 (;@3;)
          block ;; label = @4
            block ;; label = @5
              local.get 2
              local.get 2
              i32.load offset=28
              local.tee 4
              i32.const 2
              i32.shl
              i32.const 1055508
              i32.add
              local.tee 3
              i32.load
              i32.ne
              br_if 0 (;@5;)
              local.get 3
              local.get 6
              i32.store
              local.get 6
              br_if 1 (;@4;)
              i32.const 0
              i32.const 0
              i32.load offset=1055208
              i32.const -2
              local.get 4
              i32.rotl
              i32.and
              i32.store offset=1055208
              br 2 (;@3;)
            end
            local.get 7
            i32.const 16
            i32.const 20
            local.get 7
            i32.load offset=16
            local.get 2
            i32.eq
            select
            i32.add
            local.get 6
            i32.store
            local.get 6
            i32.eqz
            br_if 1 (;@3;)
          end
          local.get 6
          local.get 7
          i32.store offset=24
          block ;; label = @4
            local.get 2
            i32.load offset=16
            local.tee 3
            i32.eqz
            br_if 0 (;@4;)
            local.get 6
            local.get 3
            i32.store offset=16
            local.get 3
            local.get 6
            i32.store offset=24
          end
          local.get 2
          i32.const 20
          i32.add
          i32.load
          local.tee 3
          i32.eqz
          br_if 0 (;@3;)
          local.get 6
          i32.const 20
          i32.add
          local.get 3
          i32.store
          local.get 3
          local.get 6
          i32.store offset=24
        end
        local.get 0
        local.get 1
        i32.add
        local.get 1
        i32.store
        local.get 0
        local.get 1
        i32.const 1
        i32.or
        i32.store offset=4
        local.get 0
        i32.const 0
        i32.load offset=1055224
        i32.ne
        br_if 0 (;@2;)
        i32.const 0
        local.get 1
        i32.store offset=1055212
        return
      end
      block ;; label = @2
        local.get 1
        i32.const 255
        i32.gt_u
        br_if 0 (;@2;)
        local.get 1
        i32.const -8
        i32.and
        i32.const 1055244
        i32.add
        local.set 3
        block ;; label = @3
          block ;; label = @4
            i32.const 0
            i32.load offset=1055204
            local.tee 4
            i32.const 1
            local.get 1
            i32.const 3
            i32.shr_u
            i32.shl
            local.tee 1
            i32.and
            br_if 0 (;@4;)
            i32.const 0
            local.get 4
            local.get 1
            i32.or
            i32.store offset=1055204
            local.get 3
            local.set 1
            br 1 (;@3;)
          end
          local.get 3
          i32.load offset=8
          local.set 1
        end
        local.get 1
        local.get 0
        i32.store offset=12
        local.get 3
        local.get 0
        i32.store offset=8
        local.get 0
        local.get 3
        i32.store offset=12
        local.get 0
        local.get 1
        i32.store offset=8
        return
      end
      i32.const 31
      local.set 3
      block ;; label = @2
        local.get 1
        i32.const 16777215
        i32.gt_u
        br_if 0 (;@2;)
        local.get 1
        i32.const 38
        local.get 1
        i32.const 8
        i32.shr_u
        i32.clz
        local.tee 3
        i32.sub
        i32.shr_u
        i32.const 1
        i32.and
        local.get 3
        i32.const 1
        i32.shl
        i32.sub
        i32.const 62
        i32.add
        local.set 3
      end
      local.get 0
      local.get 3
      i32.store offset=28
      local.get 0
      i64.const 0
      i64.store offset=16 align=4
      local.get 3
      i32.const 2
      i32.shl
      i32.const 1055508
      i32.add
      local.set 4
      block ;; label = @2
        i32.const 0
        i32.load offset=1055208
        local.tee 6
        i32.const 1
        local.get 3
        i32.shl
        local.tee 2
        i32.and
        br_if 0 (;@2;)
        local.get 4
        local.get 0
        i32.store
        i32.const 0
        local.get 6
        local.get 2
        i32.or
        i32.store offset=1055208
        local.get 0
        local.get 4
        i32.store offset=24
        local.get 0
        local.get 0
        i32.store offset=8
        local.get 0
        local.get 0
        i32.store offset=12
        return
      end
      local.get 1
      i32.const 0
      i32.const 25
      local.get 3
      i32.const 1
      i32.shr_u
      i32.sub
      local.get 3
      i32.const 31
      i32.eq
      select
      i32.shl
      local.set 3
      local.get 4
      i32.load
      local.set 6
      block ;; label = @2
        loop ;; label = @3
          local.get 6
          local.tee 4
          i32.load offset=4
          i32.const -8
          i32.and
          local.get 1
          i32.eq
          br_if 1 (;@2;)
          local.get 3
          i32.const 29
          i32.shr_u
          local.set 6
          local.get 3
          i32.const 1
          i32.shl
          local.set 3
          local.get 4
          local.get 6
          i32.const 4
          i32.and
          i32.add
          i32.const 16
          i32.add
          local.tee 2
          i32.load
          local.tee 6
          br_if 0 (;@3;)
        end
        local.get 2
        local.get 0
        i32.store
        local.get 0
        local.get 4
        i32.store offset=24
        local.get 0
        local.get 0
        i32.store offset=12
        local.get 0
        local.get 0
        i32.store offset=8
        return
      end
      local.get 4
      i32.load offset=8
      local.tee 1
      local.get 0
      i32.store offset=12
      local.get 4
      local.get 0
      i32.store offset=8
      local.get 0
      i32.const 0
      i32.store offset=24
      local.get 0
      local.get 4
      i32.store offset=12
      local.get 0
      local.get 1
      i32.store offset=8
    end
  )
  (func $posix_memalign (;94;) (type 3) (param i32 i32 i32) (result i32)
    (local i32 i32)
    block ;; label = @1
      block ;; label = @2
        block ;; label = @3
          local.get 1
          i32.const 16
          i32.ne
          br_if 0 (;@3;)
          local.get 2
          call $dlmalloc
          local.set 1
          br 1 (;@2;)
        end
        i32.const 28
        local.set 3
        local.get 1
        i32.const 4
        i32.lt_u
        br_if 1 (;@1;)
        local.get 1
        i32.const 3
        i32.and
        br_if 1 (;@1;)
        local.get 1
        i32.const 2
        i32.shr_u
        local.tee 4
        local.get 4
        i32.const -1
        i32.add
        i32.and
        br_if 1 (;@1;)
        i32.const 48
        local.set 3
        i32.const -64
        local.get 1
        i32.sub
        local.get 2
        i32.lt_u
        br_if 1 (;@1;)
        local.get 1
        i32.const 16
        local.get 1
        i32.const 16
        i32.gt_u
        select
        local.get 2
        call $internal_memalign
        local.set 1
      end
      block ;; label = @2
        local.get 1
        br_if 0 (;@2;)
        i32.const 48
        return
      end
      local.get 0
      local.get 1
      i32.store
      i32.const 0
      local.set 3
    end
    local.get 3
  )
  (func $internal_memalign (;95;) (type 2) (param i32 i32) (result i32)
    (local i32 i32 i32 i32 i32)
    block ;; label = @1
      block ;; label = @2
        local.get 0
        i32.const 16
        local.get 0
        i32.const 16
        i32.gt_u
        select
        local.tee 2
        local.get 2
        i32.const -1
        i32.add
        i32.and
        br_if 0 (;@2;)
        local.get 2
        local.set 0
        br 1 (;@1;)
      end
      i32.const 32
      local.set 3
      loop ;; label = @2
        local.get 3
        local.tee 0
        i32.const 1
        i32.shl
        local.set 3
        local.get 0
        local.get 2
        i32.lt_u
        br_if 0 (;@2;)
      end
    end
    block ;; label = @1
      i32.const -64
      local.get 0
      i32.sub
      local.get 1
      i32.gt_u
      br_if 0 (;@1;)
      i32.const 0
      i32.const 48
      i32.store offset=1055700
      i32.const 0
      return
    end
    block ;; label = @1
      local.get 0
      i32.const 16
      local.get 1
      i32.const 19
      i32.add
      i32.const -16
      i32.and
      local.get 1
      i32.const 11
      i32.lt_u
      select
      local.tee 1
      i32.add
      i32.const 12
      i32.add
      call $dlmalloc
      local.tee 3
      br_if 0 (;@1;)
      i32.const 0
      return
    end
    local.get 3
    i32.const -8
    i32.add
    local.set 2
    block ;; label = @1
      block ;; label = @2
        local.get 0
        i32.const -1
        i32.add
        local.get 3
        i32.and
        br_if 0 (;@2;)
        local.get 2
        local.set 0
        br 1 (;@1;)
      end
      local.get 3
      i32.const -4
      i32.add
      local.tee 4
      i32.load
      local.tee 5
      i32.const -8
      i32.and
      local.get 3
      local.get 0
      i32.add
      i32.const -1
      i32.add
      i32.const 0
      local.get 0
      i32.sub
      i32.and
      i32.const -8
      i32.add
      local.tee 3
      i32.const 0
      local.get 0
      local.get 3
      local.get 2
      i32.sub
      i32.const 15
      i32.gt_u
      select
      i32.add
      local.tee 0
      local.get 2
      i32.sub
      local.tee 3
      i32.sub
      local.set 6
      block ;; label = @2
        local.get 5
        i32.const 3
        i32.and
        br_if 0 (;@2;)
        local.get 0
        local.get 6
        i32.store offset=4
        local.get 0
        local.get 2
        i32.load
        local.get 3
        i32.add
        i32.store
        br 1 (;@1;)
      end
      local.get 0
      local.get 6
      local.get 0
      i32.load offset=4
      i32.const 1
      i32.and
      i32.or
      i32.const 2
      i32.or
      i32.store offset=4
      local.get 0
      local.get 6
      i32.add
      local.tee 6
      local.get 6
      i32.load offset=4
      i32.const 1
      i32.or
      i32.store offset=4
      local.get 4
      local.get 3
      local.get 4
      i32.load
      i32.const 1
      i32.and
      i32.or
      i32.const 2
      i32.or
      i32.store
      local.get 2
      local.get 3
      i32.add
      local.tee 6
      local.get 6
      i32.load offset=4
      i32.const 1
      i32.or
      i32.store offset=4
      local.get 2
      local.get 3
      call $dispose_chunk
    end
    block ;; label = @1
      local.get 0
      i32.load offset=4
      local.tee 3
      i32.const 3
      i32.and
      i32.eqz
      br_if 0 (;@1;)
      local.get 3
      i32.const -8
      i32.and
      local.tee 2
      local.get 1
      i32.const 16
      i32.add
      i32.le_u
      br_if 0 (;@1;)
      local.get 0
      local.get 1
      local.get 3
      i32.const 1
      i32.and
      i32.or
      i32.const 2
      i32.or
      i32.store offset=4
      local.get 0
      local.get 1
      i32.add
      local.tee 3
      local.get 2
      local.get 1
      i32.sub
      local.tee 1
      i32.const 3
      i32.or
      i32.store offset=4
      local.get 0
      local.get 2
      i32.add
      local.tee 2
      local.get 2
      i32.load offset=4
      i32.const 1
      i32.or
      i32.store offset=4
      local.get 3
      local.get 1
      call $dispose_chunk
    end
    local.get 0
    i32.const 8
    i32.add
  )
  (func $_Exit (;96;) (type 0) (param i32)
    local.get 0
    call $__wasi_proc_exit
    unreachable
  )
  (func $__wasilibc_ensure_environ (;97;) (type 9)
    block ;; label = @1
      i32.const 0
      i32.load offset=1055104
      i32.const -1
      i32.ne
      br_if 0 (;@1;)
      call $__wasilibc_initialize_environ
    end
  )
  (func $__wasilibc_initialize_environ (;98;) (type 9)
    (local i32 i32 i32)
    global.get $__stack_pointer
    i32.const 16
    i32.sub
    local.tee 0
    global.set $__stack_pointer
    block ;; label = @1
      block ;; label = @2
        local.get 0
        i32.const 12
        i32.add
        local.get 0
        i32.const 8
        i32.add
        call $__wasi_environ_sizes_get
        br_if 0 (;@2;)
        block ;; label = @3
          local.get 0
          i32.load offset=12
          local.tee 1
          br_if 0 (;@3;)
          i32.const 1055704
          local.set 1
          br 2 (;@1;)
        end
        block ;; label = @3
          block ;; label = @4
            local.get 1
            i32.const 1
            i32.add
            local.tee 1
            i32.eqz
            br_if 0 (;@4;)
            local.get 0
            i32.load offset=8
            call $malloc
            local.tee 2
            i32.eqz
            br_if 0 (;@4;)
            local.get 1
            i32.const 4
            call $calloc
            local.tee 1
            br_if 1 (;@3;)
            local.get 2
            call $free
          end
          i32.const 70
          call $_Exit
          unreachable
        end
        local.get 1
        local.get 2
        call $__wasi_environ_get
        i32.eqz
        br_if 1 (;@1;)
        local.get 2
        call $free
        local.get 1
        call $free
      end
      i32.const 71
      call $_Exit
      unreachable
    end
    i32.const 0
    local.get 1
    i32.store offset=1055104
    local.get 0
    i32.const 16
    i32.add
    global.set $__stack_pointer
  )
  (func $__wasi_environ_get (;99;) (type 2) (param i32 i32) (result i32)
    local.get 0
    local.get 1
    call $__imported_wasi_snapshot_preview1_environ_get
    i32.const 65535
    i32.and
  )
  (func $__wasi_environ_sizes_get (;100;) (type 2) (param i32 i32) (result i32)
    local.get 0
    local.get 1
    call $__imported_wasi_snapshot_preview1_environ_sizes_get
    i32.const 65535
    i32.and
  )
  (func $__wasi_proc_exit (;101;) (type 0) (param i32)
    local.get 0
    call $__imported_wasi_snapshot_preview1_proc_exit
    unreachable
  )
  (func $abort (;102;) (type 9)
    unreachable
    unreachable
  )
  (func $getcwd (;103;) (type 2) (param i32 i32) (result i32)
    (local i32)
    i32.const 0
    i32.load offset=1055108
    local.set 2
    block ;; label = @1
      block ;; label = @2
        local.get 0
        br_if 0 (;@2;)
        local.get 2
        call $strdup
        local.tee 0
        br_if 1 (;@1;)
        i32.const 0
        i32.const 48
        i32.store offset=1055700
        i32.const 0
        return
      end
      block ;; label = @2
        local.get 2
        call $strlen
        i32.const 1
        i32.add
        local.get 1
        i32.le_u
        br_if 0 (;@2;)
        i32.const 0
        i32.const 68
        i32.store offset=1055700
        i32.const 0
        return
      end
      local.get 0
      local.get 2
      call $strcpy
      local.set 0
    end
    local.get 0
  )
  (func $sbrk (;104;) (type 8) (param i32) (result i32)
    block ;; label = @1
      local.get 0
      br_if 0 (;@1;)
      memory.size
      i32.const 16
      i32.shl
      return
    end
    block ;; label = @1
      local.get 0
      i32.const 65535
      i32.and
      br_if 0 (;@1;)
      local.get 0
      i32.const -1
      i32.le_s
      br_if 0 (;@1;)
      block ;; label = @2
        local.get 0
        i32.const 16
        i32.shr_u
        memory.grow
        local.tee 0
        i32.const -1
        i32.ne
        br_if 0 (;@2;)
        i32.const 0
        i32.const 48
        i32.store offset=1055700
        i32.const -1
        return
      end
      local.get 0
      i32.const 16
      i32.shl
      return
    end
    call $abort
    unreachable
  )
  (func $getenv (;105;) (type 8) (param i32) (result i32)
    (local i32 i32 i32 i32)
    call $__wasilibc_ensure_environ
    block ;; label = @1
      local.get 0
      i32.const 61
      call $__strchrnul
      local.tee 1
      local.get 0
      i32.ne
      br_if 0 (;@1;)
      i32.const 0
      return
    end
    i32.const 0
    local.set 2
    block ;; label = @1
      local.get 0
      local.get 1
      local.get 0
      i32.sub
      local.tee 3
      i32.add
      i32.load8_u
      br_if 0 (;@1;)
      i32.const 0
      i32.load offset=1055104
      local.tee 4
      i32.eqz
      br_if 0 (;@1;)
      local.get 4
      i32.load
      local.tee 1
      i32.eqz
      br_if 0 (;@1;)
      local.get 4
      i32.const 4
      i32.add
      local.set 4
      block ;; label = @2
        loop ;; label = @3
          block ;; label = @4
            local.get 0
            local.get 1
            local.get 3
            call $strncmp
            br_if 0 (;@4;)
            local.get 1
            local.get 3
            i32.add
            local.tee 1
            i32.load8_u
            i32.const 61
            i32.eq
            br_if 2 (;@2;)
          end
          local.get 4
          i32.load
          local.set 1
          local.get 4
          i32.const 4
          i32.add
          local.set 4
          local.get 1
          br_if 0 (;@3;)
          br 2 (;@1;)
        end
      end
      local.get 1
      i32.const 1
      i32.add
      local.set 2
    end
    local.get 2
  )
  (func $dummy (;106;) (type 9))
  (func $__wasm_call_dtors (;107;) (type 9)
    call $dummy
    call $dummy
  )
  (func $memcmp (;108;) (type 3) (param i32 i32 i32) (result i32)
    (local i32 i32 i32)
    i32.const 0
    local.set 3
    block ;; label = @1
      local.get 2
      i32.eqz
      br_if 0 (;@1;)
      block ;; label = @2
        loop ;; label = @3
          local.get 0
          i32.load8_u
          local.tee 4
          local.get 1
          i32.load8_u
          local.tee 5
          i32.ne
          br_if 1 (;@2;)
          local.get 1
          i32.const 1
          i32.add
          local.set 1
          local.get 0
          i32.const 1
          i32.add
          local.set 0
          local.get 2
          i32.const -1
          i32.add
          local.tee 2
          br_if 0 (;@3;)
          br 2 (;@1;)
        end
      end
      local.get 4
      local.get 5
      i32.sub
      local.set 3
    end
    local.get 3
  )
  (func $memcpy (;109;) (type 3) (param i32 i32 i32) (result i32)
    (local i32 i32 i32 i32)
    block ;; label = @1
      block ;; label = @2
        block ;; label = @3
          local.get 2
          i32.const 32
          i32.gt_u
          br_if 0 (;@3;)
          local.get 1
          i32.const 3
          i32.and
          i32.eqz
          br_if 1 (;@2;)
          local.get 2
          i32.eqz
          br_if 1 (;@2;)
          local.get 0
          local.get 1
          i32.load8_u
          i32.store8
          local.get 2
          i32.const -1
          i32.add
          local.set 3
          local.get 0
          i32.const 1
          i32.add
          local.set 4
          local.get 1
          i32.const 1
          i32.add
          local.tee 5
          i32.const 3
          i32.and
          i32.eqz
          br_if 2 (;@1;)
          local.get 3
          i32.eqz
          br_if 2 (;@1;)
          local.get 0
          local.get 1
          i32.load8_u offset=1
          i32.store8 offset=1
          local.get 2
          i32.const -2
          i32.add
          local.set 3
          local.get 0
          i32.const 2
          i32.add
          local.set 4
          local.get 1
          i32.const 2
          i32.add
          local.tee 5
          i32.const 3
          i32.and
          i32.eqz
          br_if 2 (;@1;)
          local.get 3
          i32.eqz
          br_if 2 (;@1;)
          local.get 0
          local.get 1
          i32.load8_u offset=2
          i32.store8 offset=2
          local.get 2
          i32.const -3
          i32.add
          local.set 3
          local.get 0
          i32.const 3
          i32.add
          local.set 4
          local.get 1
          i32.const 3
          i32.add
          local.tee 5
          i32.const 3
          i32.and
          i32.eqz
          br_if 2 (;@1;)
          local.get 3
          i32.eqz
          br_if 2 (;@1;)
          local.get 0
          local.get 1
          i32.load8_u offset=3
          i32.store8 offset=3
          local.get 2
          i32.const -4
          i32.add
          local.set 3
          local.get 0
          i32.const 4
          i32.add
          local.set 4
          local.get 1
          i32.const 4
          i32.add
          local.set 5
          br 2 (;@1;)
        end
        local.get 0
        local.get 1
        local.get 2
        memory.copy
        local.get 0
        return
      end
      local.get 2
      local.set 3
      local.get 0
      local.set 4
      local.get 1
      local.set 5
    end
    block ;; label = @1
      block ;; label = @2
        local.get 4
        i32.const 3
        i32.and
        local.tee 2
        br_if 0 (;@2;)
        block ;; label = @3
          block ;; label = @4
            local.get 3
            i32.const 16
            i32.ge_u
            br_if 0 (;@4;)
            local.get 3
            local.set 2
            br 1 (;@3;)
          end
          block ;; label = @4
            local.get 3
            i32.const -16
            i32.add
            local.tee 2
            i32.const 16
            i32.and
            br_if 0 (;@4;)
            local.get 4
            local.get 5
            i64.load align=4
            i64.store align=4
            local.get 4
            local.get 5
            i64.load offset=8 align=4
            i64.store offset=8 align=4
            local.get 4
            i32.const 16
            i32.add
            local.set 4
            local.get 5
            i32.const 16
            i32.add
            local.set 5
            local.get 2
            local.set 3
          end
          local.get 2
          i32.const 16
          i32.lt_u
          br_if 0 (;@3;)
          local.get 3
          local.set 2
          loop ;; label = @4
            local.get 4
            local.get 5
            i64.load align=4
            i64.store align=4
            local.get 4
            local.get 5
            i64.load offset=8 align=4
            i64.store offset=8 align=4
            local.get 4
            local.get 5
            i64.load offset=16 align=4
            i64.store offset=16 align=4
            local.get 4
            local.get 5
            i64.load offset=24 align=4
            i64.store offset=24 align=4
            local.get 4
            i32.const 32
            i32.add
            local.set 4
            local.get 5
            i32.const 32
            i32.add
            local.set 5
            local.get 2
            i32.const -32
            i32.add
            local.tee 2
            i32.const 15
            i32.gt_u
            br_if 0 (;@4;)
          end
        end
        block ;; label = @3
          local.get 2
          i32.const 8
          i32.lt_u
          br_if 0 (;@3;)
          local.get 4
          local.get 5
          i64.load align=4
          i64.store align=4
          local.get 5
          i32.const 8
          i32.add
          local.set 5
          local.get 4
          i32.const 8
          i32.add
          local.set 4
        end
        block ;; label = @3
          local.get 2
          i32.const 4
          i32.and
          i32.eqz
          br_if 0 (;@3;)
          local.get 4
          local.get 5
          i32.load
          i32.store
          local.get 5
          i32.const 4
          i32.add
          local.set 5
          local.get 4
          i32.const 4
          i32.add
          local.set 4
        end
        block ;; label = @3
          local.get 2
          i32.const 2
          i32.and
          i32.eqz
          br_if 0 (;@3;)
          local.get 4
          local.get 5
          i32.load16_u align=1
          i32.store16 align=1
          local.get 4
          i32.const 2
          i32.add
          local.set 4
          local.get 5
          i32.const 2
          i32.add
          local.set 5
        end
        local.get 2
        i32.const 1
        i32.and
        i32.eqz
        br_if 1 (;@1;)
        local.get 4
        local.get 5
        i32.load8_u
        i32.store8
        local.get 0
        return
      end
      block ;; label = @2
        block ;; label = @3
          block ;; label = @4
            block ;; label = @5
              block ;; label = @6
                local.get 3
                i32.const 32
                i32.lt_u
                br_if 0 (;@6;)
                local.get 4
                local.get 5
                i32.load
                local.tee 3
                i32.store8
                block ;; label = @7
                  block ;; label = @8
                    local.get 2
                    i32.const -1
                    i32.add
                    br_table 3 (;@5;) 0 (;@8;) 1 (;@7;) 3 (;@5;)
                  end
                  local.get 4
                  local.get 3
                  i32.const 8
                  i32.shr_u
                  i32.store8 offset=1
                  local.get 4
                  local.get 5
                  i32.const 6
                  i32.add
                  i64.load align=2
                  i64.store offset=6 align=4
                  local.get 4
                  local.get 5
                  i32.load offset=4
                  i32.const 16
                  i32.shl
                  local.get 3
                  i32.const 16
                  i32.shr_u
                  i32.or
                  i32.store offset=2
                  local.get 4
                  i32.const 18
                  i32.add
                  local.set 2
                  local.get 5
                  i32.const 18
                  i32.add
                  local.set 1
                  i32.const 14
                  local.set 6
                  local.get 5
                  i32.const 14
                  i32.add
                  i32.load align=2
                  local.set 5
                  i32.const 14
                  local.set 3
                  br 3 (;@4;)
                end
                local.get 4
                local.get 5
                i32.const 5
                i32.add
                i64.load align=1
                i64.store offset=5 align=4
                local.get 4
                local.get 5
                i32.load offset=4
                i32.const 24
                i32.shl
                local.get 3
                i32.const 8
                i32.shr_u
                i32.or
                i32.store offset=1
                local.get 4
                i32.const 17
                i32.add
                local.set 2
                local.get 5
                i32.const 17
                i32.add
                local.set 1
                i32.const 13
                local.set 6
                local.get 5
                i32.const 13
                i32.add
                i32.load align=1
                local.set 5
                i32.const 15
                local.set 3
                br 2 (;@4;)
              end
              block ;; label = @6
                block ;; label = @7
                  local.get 3
                  i32.const 16
                  i32.ge_u
                  br_if 0 (;@7;)
                  local.get 4
                  local.set 2
                  local.get 5
                  local.set 1
                  br 1 (;@6;)
                end
                local.get 4
                local.get 5
                i32.load8_u
                i32.store8
                local.get 4
                local.get 5
                i32.load offset=1 align=1
                i32.store offset=1 align=1
                local.get 4
                local.get 5
                i64.load offset=5 align=1
                i64.store offset=5 align=1
                local.get 4
                local.get 5
                i32.load16_u offset=13 align=1
                i32.store16 offset=13 align=1
                local.get 4
                local.get 5
                i32.load8_u offset=15
                i32.store8 offset=15
                local.get 4
                i32.const 16
                i32.add
                local.set 2
                local.get 5
                i32.const 16
                i32.add
                local.set 1
              end
              local.get 3
              i32.const 8
              i32.and
              br_if 2 (;@3;)
              br 3 (;@2;)
            end
            local.get 4
            local.get 3
            i32.const 16
            i32.shr_u
            i32.store8 offset=2
            local.get 4
            local.get 3
            i32.const 8
            i32.shr_u
            i32.store8 offset=1
            local.get 4
            local.get 5
            i32.const 7
            i32.add
            i64.load align=1
            i64.store offset=7 align=4
            local.get 4
            local.get 5
            i32.load offset=4
            i32.const 8
            i32.shl
            local.get 3
            i32.const 24
            i32.shr_u
            i32.or
            i32.store offset=3
            local.get 4
            i32.const 19
            i32.add
            local.set 2
            local.get 5
            i32.const 19
            i32.add
            local.set 1
            i32.const 15
            local.set 6
            local.get 5
            i32.const 15
            i32.add
            i32.load align=1
            local.set 5
            i32.const 13
            local.set 3
          end
          local.get 4
          local.get 6
          i32.add
          local.get 5
          i32.store
        end
        local.get 2
        local.get 1
        i64.load align=1
        i64.store align=1
        local.get 2
        i32.const 8
        i32.add
        local.set 2
        local.get 1
        i32.const 8
        i32.add
        local.set 1
      end
      block ;; label = @2
        local.get 3
        i32.const 4
        i32.and
        i32.eqz
        br_if 0 (;@2;)
        local.get 2
        local.get 1
        i32.load align=1
        i32.store align=1
        local.get 2
        i32.const 4
        i32.add
        local.set 2
        local.get 1
        i32.const 4
        i32.add
        local.set 1
      end
      block ;; label = @2
        local.get 3
        i32.const 2
        i32.and
        i32.eqz
        br_if 0 (;@2;)
        local.get 2
        local.get 1
        i32.load16_u align=1
        i32.store16 align=1
        local.get 2
        i32.const 2
        i32.add
        local.set 2
        local.get 1
        i32.const 2
        i32.add
        local.set 1
      end
      local.get 3
      i32.const 1
      i32.and
      i32.eqz
      br_if 0 (;@1;)
      local.get 2
      local.get 1
      i32.load8_u
      i32.store8
    end
    local.get 0
  )
  (func $memmove (;110;) (type 3) (param i32 i32 i32) (result i32)
    (local i32 i32 i32 i32)
    block ;; label = @1
      block ;; label = @2
        block ;; label = @3
          local.get 2
          i32.const 33
          i32.ge_u
          br_if 0 (;@3;)
          local.get 0
          local.get 1
          i32.eq
          br_if 2 (;@1;)
          local.get 1
          local.get 0
          local.get 2
          i32.add
          local.tee 3
          i32.sub
          i32.const 0
          local.get 2
          i32.const 1
          i32.shl
          i32.sub
          i32.gt_u
          br_if 1 (;@2;)
        end
        local.get 0
        local.get 1
        local.get 2
        memory.copy
        br 1 (;@1;)
      end
      local.get 1
      local.get 0
      i32.xor
      i32.const 3
      i32.and
      local.set 4
      block ;; label = @2
        block ;; label = @3
          block ;; label = @4
            local.get 0
            local.get 1
            i32.ge_u
            br_if 0 (;@4;)
            block ;; label = @5
              local.get 4
              i32.eqz
              br_if 0 (;@5;)
              local.get 2
              local.set 5
              local.get 0
              local.set 3
              br 3 (;@2;)
            end
            block ;; label = @5
              local.get 0
              i32.const 3
              i32.and
              br_if 0 (;@5;)
              local.get 2
              local.set 5
              local.get 0
              local.set 3
              br 2 (;@3;)
            end
            local.get 2
            i32.eqz
            br_if 3 (;@1;)
            local.get 0
            local.get 1
            i32.load8_u
            i32.store8
            local.get 2
            i32.const -1
            i32.add
            local.set 5
            block ;; label = @5
              local.get 0
              i32.const 1
              i32.add
              local.tee 3
              i32.const 3
              i32.and
              br_if 0 (;@5;)
              local.get 1
              i32.const 1
              i32.add
              local.set 1
              br 2 (;@3;)
            end
            local.get 5
            i32.eqz
            br_if 3 (;@1;)
            local.get 0
            local.get 1
            i32.load8_u offset=1
            i32.store8 offset=1
            local.get 2
            i32.const -2
            i32.add
            local.set 5
            block ;; label = @5
              local.get 0
              i32.const 2
              i32.add
              local.tee 3
              i32.const 3
              i32.and
              br_if 0 (;@5;)
              local.get 1
              i32.const 2
              i32.add
              local.set 1
              br 2 (;@3;)
            end
            local.get 5
            i32.eqz
            br_if 3 (;@1;)
            local.get 0
            local.get 1
            i32.load8_u offset=2
            i32.store8 offset=2
            local.get 2
            i32.const -3
            i32.add
            local.set 5
            block ;; label = @5
              local.get 0
              i32.const 3
              i32.add
              local.tee 3
              i32.const 3
              i32.and
              br_if 0 (;@5;)
              local.get 1
              i32.const 3
              i32.add
              local.set 1
              br 2 (;@3;)
            end
            local.get 5
            i32.eqz
            br_if 3 (;@1;)
            local.get 0
            local.get 1
            i32.load8_u offset=3
            i32.store8 offset=3
            local.get 0
            i32.const 4
            i32.add
            local.set 3
            local.get 1
            i32.const 4
            i32.add
            local.set 1
            local.get 2
            i32.const -4
            i32.add
            local.set 5
            br 1 (;@3;)
          end
          block ;; label = @4
            local.get 4
            br_if 0 (;@4;)
            block ;; label = @5
              local.get 3
              i32.const 3
              i32.and
              i32.eqz
              br_if 0 (;@5;)
              local.get 2
              i32.eqz
              br_if 4 (;@1;)
              local.get 0
              local.get 2
              i32.const -1
              i32.add
              local.tee 3
              i32.add
              local.tee 4
              local.get 1
              local.get 3
              i32.add
              i32.load8_u
              i32.store8
              block ;; label = @6
                local.get 4
                i32.const 3
                i32.and
                br_if 0 (;@6;)
                local.get 3
                local.set 2
                br 1 (;@5;)
              end
              local.get 3
              i32.eqz
              br_if 4 (;@1;)
              local.get 0
              local.get 2
              i32.const -2
              i32.add
              local.tee 3
              i32.add
              local.tee 4
              local.get 1
              local.get 3
              i32.add
              i32.load8_u
              i32.store8
              block ;; label = @6
                local.get 4
                i32.const 3
                i32.and
                br_if 0 (;@6;)
                local.get 3
                local.set 2
                br 1 (;@5;)
              end
              local.get 3
              i32.eqz
              br_if 4 (;@1;)
              local.get 0
              local.get 2
              i32.const -3
              i32.add
              local.tee 3
              i32.add
              local.tee 4
              local.get 1
              local.get 3
              i32.add
              i32.load8_u
              i32.store8
              block ;; label = @6
                local.get 4
                i32.const 3
                i32.and
                br_if 0 (;@6;)
                local.get 3
                local.set 2
                br 1 (;@5;)
              end
              local.get 3
              i32.eqz
              br_if 4 (;@1;)
              local.get 0
              local.get 2
              i32.const -4
              i32.add
              local.tee 2
              i32.add
              local.get 1
              local.get 2
              i32.add
              i32.load8_u
              i32.store8
            end
            local.get 2
            i32.const 4
            i32.lt_u
            br_if 0 (;@4;)
            block ;; label = @5
              local.get 2
              i32.const -4
              i32.add
              local.tee 6
              i32.const 2
              i32.shr_u
              i32.const 1
              i32.add
              i32.const 3
              i32.and
              local.tee 3
              i32.eqz
              br_if 0 (;@5;)
              local.get 1
              i32.const -4
              i32.add
              local.set 4
              local.get 0
              i32.const -4
              i32.add
              local.set 5
              loop ;; label = @6
                local.get 5
                local.get 2
                i32.add
                local.get 4
                local.get 2
                i32.add
                i32.load
                i32.store
                local.get 2
                i32.const -4
                i32.add
                local.set 2
                local.get 3
                i32.const -1
                i32.add
                local.tee 3
                br_if 0 (;@6;)
              end
            end
            local.get 6
            i32.const 12
            i32.lt_u
            br_if 0 (;@4;)
            local.get 1
            i32.const -16
            i32.add
            local.set 5
            local.get 0
            i32.const -16
            i32.add
            local.set 6
            loop ;; label = @5
              local.get 6
              local.get 2
              i32.add
              local.tee 3
              i32.const 12
              i32.add
              local.get 5
              local.get 2
              i32.add
              local.tee 4
              i32.const 12
              i32.add
              i32.load
              i32.store
              local.get 3
              i32.const 8
              i32.add
              local.get 4
              i32.const 8
              i32.add
              i32.load
              i32.store
              local.get 3
              i32.const 4
              i32.add
              local.get 4
              i32.const 4
              i32.add
              i32.load
              i32.store
              local.get 3
              local.get 4
              i32.load
              i32.store
              local.get 2
              i32.const -16
              i32.add
              local.tee 2
              i32.const 3
              i32.gt_u
              br_if 0 (;@5;)
            end
          end
          local.get 2
          i32.eqz
          br_if 2 (;@1;)
          local.get 2
          local.set 3
          block ;; label = @4
            local.get 2
            i32.const 3
            i32.and
            local.tee 4
            i32.eqz
            br_if 0 (;@4;)
            local.get 1
            i32.const -1
            i32.add
            local.set 5
            local.get 0
            i32.const -1
            i32.add
            local.set 6
            local.get 2
            local.set 3
            loop ;; label = @5
              local.get 6
              local.get 3
              i32.add
              local.get 5
              local.get 3
              i32.add
              i32.load8_u
              i32.store8
              local.get 3
              i32.const -1
              i32.add
              local.set 3
              local.get 4
              i32.const -1
              i32.add
              local.tee 4
              br_if 0 (;@5;)
            end
          end
          local.get 2
          i32.const 4
          i32.lt_u
          br_if 2 (;@1;)
          local.get 1
          i32.const -4
          i32.add
          local.set 4
          local.get 0
          i32.const -4
          i32.add
          local.set 5
          loop ;; label = @4
            local.get 5
            local.get 3
            i32.add
            local.tee 1
            i32.const 3
            i32.add
            local.get 4
            local.get 3
            i32.add
            local.tee 2
            i32.const 3
            i32.add
            i32.load8_u
            i32.store8
            local.get 1
            i32.const 2
            i32.add
            local.get 2
            i32.const 2
            i32.add
            i32.load8_u
            i32.store8
            local.get 1
            i32.const 1
            i32.add
            local.get 2
            i32.const 1
            i32.add
            i32.load8_u
            i32.store8
            local.get 1
            local.get 2
            i32.load8_u
            i32.store8
            local.get 3
            i32.const -4
            i32.add
            local.tee 3
            br_if 0 (;@4;)
            br 3 (;@1;)
          end
        end
        local.get 5
        i32.const 4
        i32.lt_u
        br_if 0 (;@2;)
        block ;; label = @3
          local.get 5
          i32.const -4
          i32.add
          local.tee 4
          i32.const 2
          i32.shr_u
          i32.const 1
          i32.add
          i32.const 7
          i32.and
          local.tee 2
          i32.eqz
          br_if 0 (;@3;)
          local.get 5
          local.get 2
          i32.const 2
          i32.shl
          i32.sub
          local.set 5
          loop ;; label = @4
            local.get 3
            local.get 1
            i32.load
            i32.store
            local.get 1
            i32.const 4
            i32.add
            local.set 1
            local.get 3
            i32.const 4
            i32.add
            local.set 3
            local.get 2
            i32.const -1
            i32.add
            local.tee 2
            br_if 0 (;@4;)
          end
        end
        local.get 4
        i32.const 28
        i32.lt_u
        br_if 0 (;@2;)
        loop ;; label = @3
          local.get 3
          local.get 1
          i32.load
          i32.store
          local.get 3
          local.get 1
          i32.load offset=4
          i32.store offset=4
          local.get 3
          local.get 1
          i32.load offset=8
          i32.store offset=8
          local.get 3
          local.get 1
          i32.load offset=12
          i32.store offset=12
          local.get 3
          local.get 1
          i32.load offset=16
          i32.store offset=16
          local.get 3
          local.get 1
          i32.load offset=20
          i32.store offset=20
          local.get 3
          local.get 1
          i32.load offset=24
          i32.store offset=24
          local.get 3
          local.get 1
          i32.load offset=28
          i32.store offset=28
          local.get 1
          i32.const 32
          i32.add
          local.set 1
          local.get 3
          i32.const 32
          i32.add
          local.set 3
          local.get 5
          i32.const -32
          i32.add
          local.tee 5
          i32.const 3
          i32.gt_u
          br_if 0 (;@3;)
        end
      end
      local.get 5
      i32.eqz
      br_if 0 (;@1;)
      block ;; label = @2
        block ;; label = @3
          local.get 5
          i32.const 7
          i32.and
          local.tee 2
          br_if 0 (;@3;)
          local.get 5
          local.set 4
          br 1 (;@2;)
        end
        local.get 5
        i32.const -8
        i32.and
        local.set 4
        loop ;; label = @3
          local.get 3
          local.get 1
          i32.load8_u
          i32.store8
          local.get 3
          i32.const 1
          i32.add
          local.set 3
          local.get 1
          i32.const 1
          i32.add
          local.set 1
          local.get 2
          i32.const -1
          i32.add
          local.tee 2
          br_if 0 (;@3;)
        end
      end
      local.get 5
      i32.const 8
      i32.lt_u
      br_if 0 (;@1;)
      loop ;; label = @2
        local.get 3
        local.get 1
        i32.load8_u
        i32.store8
        local.get 3
        local.get 1
        i32.load8_u offset=1
        i32.store8 offset=1
        local.get 3
        local.get 1
        i32.load8_u offset=2
        i32.store8 offset=2
        local.get 3
        local.get 1
        i32.load8_u offset=3
        i32.store8 offset=3
        local.get 3
        local.get 1
        i32.load8_u offset=4
        i32.store8 offset=4
        local.get 3
        local.get 1
        i32.load8_u offset=5
        i32.store8 offset=5
        local.get 3
        local.get 1
        i32.load8_u offset=6
        i32.store8 offset=6
        local.get 3
        local.get 1
        i32.load8_u offset=7
        i32.store8 offset=7
        local.get 3
        i32.const 8
        i32.add
        local.set 3
        local.get 1
        i32.const 8
        i32.add
        local.set 1
        local.get 4
        i32.const -8
        i32.add
        local.tee 4
        br_if 0 (;@2;)
      end
    end
    local.get 0
  )
  (func $memset (;111;) (type 3) (param i32 i32 i32) (result i32)
    (local i32 i32 i32 i64)
    block ;; label = @1
      local.get 2
      i32.const 33
      i32.lt_u
      br_if 0 (;@1;)
      local.get 0
      local.get 1
      local.get 2
      memory.fill
      local.get 0
      return
    end
    block ;; label = @1
      local.get 2
      i32.eqz
      br_if 0 (;@1;)
      local.get 0
      local.get 1
      i32.store8
      local.get 0
      local.get 2
      i32.add
      local.tee 3
      i32.const -1
      i32.add
      local.get 1
      i32.store8
      local.get 2
      i32.const 3
      i32.lt_u
      br_if 0 (;@1;)
      local.get 0
      local.get 1
      i32.store8 offset=2
      local.get 0
      local.get 1
      i32.store8 offset=1
      local.get 3
      i32.const -3
      i32.add
      local.get 1
      i32.store8
      local.get 3
      i32.const -2
      i32.add
      local.get 1
      i32.store8
      local.get 2
      i32.const 7
      i32.lt_u
      br_if 0 (;@1;)
      local.get 0
      local.get 1
      i32.store8 offset=3
      local.get 3
      i32.const -4
      i32.add
      local.get 1
      i32.store8
      local.get 2
      i32.const 9
      i32.lt_u
      br_if 0 (;@1;)
      local.get 0
      i32.const 0
      local.get 0
      i32.sub
      i32.const 3
      i32.and
      local.tee 4
      i32.add
      local.tee 5
      local.get 1
      i32.const 255
      i32.and
      i32.const 16843009
      i32.mul
      local.tee 3
      i32.store
      local.get 5
      local.get 2
      local.get 4
      i32.sub
      i32.const -4
      i32.and
      local.tee 1
      i32.add
      local.tee 2
      i32.const -4
      i32.add
      local.get 3
      i32.store
      local.get 1
      i32.const 9
      i32.lt_u
      br_if 0 (;@1;)
      local.get 5
      local.get 3
      i32.store offset=8
      local.get 5
      local.get 3
      i32.store offset=4
      local.get 2
      i32.const -8
      i32.add
      local.get 3
      i32.store
      local.get 2
      i32.const -12
      i32.add
      local.get 3
      i32.store
      local.get 1
      i32.const 25
      i32.lt_u
      br_if 0 (;@1;)
      local.get 5
      local.get 3
      i32.store offset=24
      local.get 5
      local.get 3
      i32.store offset=20
      local.get 5
      local.get 3
      i32.store offset=16
      local.get 5
      local.get 3
      i32.store offset=12
      local.get 2
      i32.const -16
      i32.add
      local.get 3
      i32.store
      local.get 2
      i32.const -20
      i32.add
      local.get 3
      i32.store
      local.get 2
      i32.const -24
      i32.add
      local.get 3
      i32.store
      local.get 2
      i32.const -28
      i32.add
      local.get 3
      i32.store
      local.get 1
      local.get 5
      i32.const 4
      i32.and
      i32.const 24
      i32.or
      local.tee 2
      i32.sub
      local.tee 1
      i32.const 32
      i32.lt_u
      br_if 0 (;@1;)
      local.get 3
      i64.extend_i32_u
      i64.const 4294967297
      i64.mul
      local.set 6
      local.get 5
      local.get 2
      i32.add
      local.set 2
      loop ;; label = @2
        local.get 2
        local.get 6
        i64.store offset=24
        local.get 2
        local.get 6
        i64.store offset=16
        local.get 2
        local.get 6
        i64.store offset=8
        local.get 2
        local.get 6
        i64.store
        local.get 2
        i32.const 32
        i32.add
        local.set 2
        local.get 1
        i32.const -32
        i32.add
        local.tee 1
        i32.const 31
        i32.gt_u
        br_if 0 (;@2;)
      end
    end
    local.get 0
  )
  (func $__strchrnul (;112;) (type 2) (param i32 i32) (result i32)
    (local i32 i32 i32)
    block ;; label = @1
      block ;; label = @2
        block ;; label = @3
          block ;; label = @4
            local.get 1
            i32.const 255
            i32.and
            local.tee 2
            i32.eqz
            br_if 0 (;@4;)
            local.get 0
            i32.const 3
            i32.and
            i32.eqz
            br_if 2 (;@2;)
            block ;; label = @5
              local.get 0
              i32.load8_u
              local.tee 3
              br_if 0 (;@5;)
              local.get 0
              return
            end
            local.get 3
            local.get 1
            i32.const 255
            i32.and
            i32.ne
            br_if 1 (;@3;)
            local.get 0
            return
          end
          local.get 0
          local.get 0
          call $strlen
          i32.add
          return
        end
        block ;; label = @3
          local.get 0
          i32.const 1
          i32.add
          local.tee 3
          i32.const 3
          i32.and
          br_if 0 (;@3;)
          local.get 3
          local.set 0
          br 1 (;@2;)
        end
        local.get 3
        i32.load8_u
        local.tee 4
        i32.eqz
        br_if 1 (;@1;)
        local.get 4
        local.get 1
        i32.const 255
        i32.and
        i32.eq
        br_if 1 (;@1;)
        block ;; label = @3
          local.get 0
          i32.const 2
          i32.add
          local.tee 3
          i32.const 3
          i32.and
          br_if 0 (;@3;)
          local.get 3
          local.set 0
          br 1 (;@2;)
        end
        local.get 3
        i32.load8_u
        local.tee 4
        i32.eqz
        br_if 1 (;@1;)
        local.get 4
        local.get 1
        i32.const 255
        i32.and
        i32.eq
        br_if 1 (;@1;)
        block ;; label = @3
          local.get 0
          i32.const 3
          i32.add
          local.tee 3
          i32.const 3
          i32.and
          br_if 0 (;@3;)
          local.get 3
          local.set 0
          br 1 (;@2;)
        end
        local.get 3
        i32.load8_u
        local.tee 4
        i32.eqz
        br_if 1 (;@1;)
        local.get 4
        local.get 1
        i32.const 255
        i32.and
        i32.eq
        br_if 1 (;@1;)
        local.get 0
        i32.const 4
        i32.add
        local.set 0
      end
      block ;; label = @2
        local.get 0
        i32.load
        local.tee 3
        i32.const -1
        i32.xor
        local.get 3
        i32.const -16843009
        i32.add
        i32.and
        i32.const -2139062144
        i32.and
        br_if 0 (;@2;)
        local.get 2
        i32.const 16843009
        i32.mul
        local.set 2
        loop ;; label = @3
          local.get 3
          local.get 2
          i32.xor
          local.tee 3
          i32.const -1
          i32.xor
          local.get 3
          i32.const -16843009
          i32.add
          i32.and
          i32.const -2139062144
          i32.and
          br_if 1 (;@2;)
          local.get 0
          i32.const 4
          i32.add
          local.tee 0
          i32.load
          local.tee 3
          i32.const -1
          i32.xor
          local.get 3
          i32.const -16843009
          i32.add
          i32.and
          i32.const -2139062144
          i32.and
          i32.eqz
          br_if 0 (;@3;)
        end
      end
      local.get 0
      i32.const -1
      i32.add
      local.set 3
      local.get 1
      i32.const 255
      i32.and
      local.set 1
      loop ;; label = @2
        local.get 3
        i32.const 1
        i32.add
        local.tee 3
        i32.load8_u
        local.tee 0
        i32.eqz
        br_if 1 (;@1;)
        local.get 0
        local.get 1
        i32.ne
        br_if 0 (;@2;)
      end
    end
    local.get 3
  )
  (func $__stpcpy (;113;) (type 2) (param i32 i32) (result i32)
    (local i32 i32)
    block ;; label = @1
      block ;; label = @2
        block ;; label = @3
          local.get 1
          local.get 0
          i32.xor
          i32.const 3
          i32.and
          i32.eqz
          br_if 0 (;@3;)
          local.get 1
          i32.load8_u
          local.set 2
          br 1 (;@2;)
        end
        block ;; label = @3
          local.get 1
          i32.const 3
          i32.and
          i32.eqz
          br_if 0 (;@3;)
          local.get 0
          local.get 1
          i32.load8_u
          local.tee 2
          i32.store8
          block ;; label = @4
            local.get 2
            br_if 0 (;@4;)
            local.get 0
            return
          end
          local.get 0
          i32.const 1
          i32.add
          local.set 2
          block ;; label = @4
            local.get 1
            i32.const 1
            i32.add
            local.tee 3
            i32.const 3
            i32.and
            br_if 0 (;@4;)
            local.get 2
            local.set 0
            local.get 3
            local.set 1
            br 1 (;@3;)
          end
          local.get 2
          local.get 3
          i32.load8_u
          local.tee 3
          i32.store8
          local.get 3
          i32.eqz
          br_if 2 (;@1;)
          local.get 0
          i32.const 2
          i32.add
          local.set 2
          block ;; label = @4
            local.get 1
            i32.const 2
            i32.add
            local.tee 3
            i32.const 3
            i32.and
            br_if 0 (;@4;)
            local.get 2
            local.set 0
            local.get 3
            local.set 1
            br 1 (;@3;)
          end
          local.get 2
          local.get 3
          i32.load8_u
          local.tee 3
          i32.store8
          local.get 3
          i32.eqz
          br_if 2 (;@1;)
          local.get 0
          i32.const 3
          i32.add
          local.set 2
          block ;; label = @4
            local.get 1
            i32.const 3
            i32.add
            local.tee 3
            i32.const 3
            i32.and
            br_if 0 (;@4;)
            local.get 2
            local.set 0
            local.get 3
            local.set 1
            br 1 (;@3;)
          end
          local.get 2
          local.get 3
          i32.load8_u
          local.tee 3
          i32.store8
          local.get 3
          i32.eqz
          br_if 2 (;@1;)
          local.get 0
          i32.const 4
          i32.add
          local.set 0
          local.get 1
          i32.const 4
          i32.add
          local.set 1
        end
        local.get 1
        i32.load
        local.tee 2
        i32.const -1
        i32.xor
        local.get 2
        i32.const -16843009
        i32.add
        i32.and
        i32.const -2139062144
        i32.and
        br_if 0 (;@2;)
        loop ;; label = @3
          local.get 0
          local.get 2
          i32.store
          local.get 0
          i32.const 4
          i32.add
          local.set 0
          local.get 1
          i32.const 4
          i32.add
          local.tee 1
          i32.load
          local.tee 2
          i32.const -1
          i32.xor
          local.get 2
          i32.const -16843009
          i32.add
          i32.and
          i32.const -2139062144
          i32.and
          i32.eqz
          br_if 0 (;@3;)
        end
      end
      local.get 0
      local.get 2
      i32.store8
      block ;; label = @2
        local.get 2
        i32.const 255
        i32.and
        br_if 0 (;@2;)
        local.get 0
        return
      end
      local.get 1
      i32.const 1
      i32.add
      local.set 1
      local.get 0
      local.set 2
      loop ;; label = @2
        local.get 2
        local.get 1
        i32.load8_u
        local.tee 0
        i32.store8 offset=1
        local.get 1
        i32.const 1
        i32.add
        local.set 1
        local.get 2
        i32.const 1
        i32.add
        local.set 2
        local.get 0
        br_if 0 (;@2;)
      end
    end
    local.get 2
  )
  (func $strcpy (;114;) (type 2) (param i32 i32) (result i32)
    local.get 0
    local.get 1
    call $__stpcpy
    drop
    local.get 0
  )
  (func $strdup (;115;) (type 8) (param i32) (result i32)
    (local i32 i32)
    block ;; label = @1
      local.get 0
      call $strlen
      i32.const 1
      i32.add
      local.tee 1
      call $malloc
      local.tee 2
      i32.eqz
      br_if 0 (;@1;)
      local.get 2
      local.get 0
      local.get 1
      call $memcpy
      drop
    end
    local.get 2
  )
  (func $"#func116 dummy" (@name "dummy") (;116;) (type 2) (param i32 i32) (result i32)
    local.get 0
  )
  (func $__lctrans (;117;) (type 2) (param i32 i32) (result i32)
    local.get 0
    local.get 1
    call $"#func116 dummy"
  )
  (func $strerror (;118;) (type 8) (param i32) (result i32)
    (local i32)
    block ;; label = @1
      i32.const 0
      i32.load offset=1055732
      local.tee 1
      br_if 0 (;@1;)
      i32.const 1055708
      local.set 1
      i32.const 0
      i32.const 1055708
      i32.store offset=1055732
    end
    i32.const 0
    local.get 0
    local.get 0
    i32.const 76
    i32.gt_u
    select
    i32.const 1
    i32.shl
    i32.const 1053712
    i32.add
    i32.load16_u
    i32.const 1052146
    i32.add
    local.get 1
    i32.load offset=20
    call $__lctrans
  )
  (func $strerror_r (;119;) (type 3) (param i32 i32 i32) (result i32)
    (local i32)
    block ;; label = @1
      block ;; label = @2
        local.get 0
        call $strerror
        local.tee 0
        call $strlen
        local.tee 3
        local.get 2
        i32.lt_u
        br_if 0 (;@2;)
        i32.const 68
        local.set 3
        local.get 2
        i32.eqz
        br_if 1 (;@1;)
        local.get 1
        local.get 0
        local.get 2
        i32.const -1
        i32.add
        local.tee 2
        call $memcpy
        local.get 2
        i32.add
        i32.const 0
        i32.store8
        i32.const 68
        return
      end
      local.get 1
      local.get 0
      local.get 3
      i32.const 1
      i32.add
      call $memcpy
      drop
      i32.const 0
      local.set 3
    end
    local.get 3
  )
  (func $strlen (;120;) (type 8) (param i32) (result i32)
    (local i32 i32 i32)
    local.get 0
    local.set 1
    block ;; label = @1
      block ;; label = @2
        local.get 0
        i32.const 3
        i32.and
        i32.eqz
        br_if 0 (;@2;)
        block ;; label = @3
          local.get 0
          i32.load8_u
          br_if 0 (;@3;)
          local.get 0
          local.get 0
          i32.sub
          return
        end
        local.get 0
        i32.const 1
        i32.add
        local.tee 1
        i32.const 3
        i32.and
        i32.eqz
        br_if 0 (;@2;)
        local.get 1
        i32.load8_u
        i32.eqz
        br_if 1 (;@1;)
        local.get 0
        i32.const 2
        i32.add
        local.tee 1
        i32.const 3
        i32.and
        i32.eqz
        br_if 0 (;@2;)
        local.get 1
        i32.load8_u
        i32.eqz
        br_if 1 (;@1;)
        local.get 0
        i32.const 3
        i32.add
        local.tee 1
        i32.const 3
        i32.and
        i32.eqz
        br_if 0 (;@2;)
        local.get 1
        i32.load8_u
        i32.eqz
        br_if 1 (;@1;)
        local.get 0
        i32.const 4
        i32.add
        local.tee 1
        i32.const 3
        i32.and
        br_if 1 (;@1;)
      end
      local.get 1
      i32.const -4
      i32.add
      local.set 2
      local.get 1
      i32.const -5
      i32.add
      local.set 1
      loop ;; label = @2
        local.get 1
        i32.const 4
        i32.add
        local.set 1
        local.get 2
        i32.const 4
        i32.add
        local.tee 2
        i32.load
        local.tee 3
        i32.const -1
        i32.xor
        local.get 3
        i32.const -16843009
        i32.add
        i32.and
        i32.const -2139062144
        i32.and
        i32.eqz
        br_if 0 (;@2;)
      end
      loop ;; label = @2
        local.get 1
        i32.const 1
        i32.add
        local.set 1
        local.get 2
        i32.load8_u
        local.set 3
        local.get 2
        i32.const 1
        i32.add
        local.set 2
        local.get 3
        br_if 0 (;@2;)
      end
    end
    local.get 1
    local.get 0
    i32.sub
  )
  (func $strncmp (;121;) (type 3) (param i32 i32 i32) (result i32)
    (local i32 i32)
    block ;; label = @1
      local.get 2
      br_if 0 (;@1;)
      i32.const 0
      return
    end
    block ;; label = @1
      block ;; label = @2
        local.get 0
        i32.load8_u
        local.tee 3
        br_if 0 (;@2;)
        i32.const 0
        local.set 3
        br 1 (;@1;)
      end
      local.get 0
      i32.const 1
      i32.add
      local.set 0
      local.get 2
      i32.const -1
      i32.add
      local.set 2
      block ;; label = @2
        loop ;; label = @3
          local.get 3
          i32.const 255
          i32.and
          local.get 1
          i32.load8_u
          local.tee 4
          i32.ne
          br_if 1 (;@2;)
          local.get 4
          i32.eqz
          br_if 1 (;@2;)
          local.get 2
          i32.const 0
          i32.eq
          br_if 1 (;@2;)
          local.get 2
          i32.const -1
          i32.add
          local.set 2
          local.get 1
          i32.const 1
          i32.add
          local.set 1
          local.get 0
          i32.load8_u
          local.set 3
          local.get 0
          i32.const 1
          i32.add
          local.set 0
          local.get 3
          br_if 0 (;@3;)
        end
        i32.const 0
        local.set 3
      end
      local.get 3
      i32.const 255
      i32.and
      local.set 3
    end
    local.get 3
    local.get 1
    i32.load8_u
    i32.sub
  )
  (func $_ZN69_$LT$core..alloc..layout..LayoutError$u20$as$u20$core..fmt..Debug$GT$3fmt17h93e42309857f2ecbE (;122;) (type 2) (param i32 i32) (result i32)
    local.get 1
    i32.const 1053866
    i32.const 11
    call $_ZN4core3fmt9Formatter9write_str17h68a0391ec6917d15E
  )
  (func $_ZN5alloc7raw_vec17capacity_overflow17heccb960b7c4bc3d7E (;123;) (type 9)
    (local i32)
    global.get $__stack_pointer
    i32.const 32
    i32.sub
    local.tee 0
    global.set $__stack_pointer
    local.get 0
    i32.const 0
    i32.store offset=24
    local.get 0
    i32.const 1
    i32.store offset=12
    local.get 0
    i32.const 1053896
    i32.store offset=8
    local.get 0
    i64.const 4
    i64.store offset=16 align=4
    local.get 0
    i32.const 8
    i32.add
    i32.const 1053932
    call $_ZN4core9panicking9panic_fmt17hce5c13620e7e8ff3E
    unreachable
  )
  (func $_ZN5alloc7raw_vec12handle_error17hd1612f25636e3e3aE (;124;) (type 1) (param i32 i32)
    block ;; label = @1
      local.get 0
      br_if 0 (;@1;)
      call $_ZN5alloc7raw_vec17capacity_overflow17heccb960b7c4bc3d7E
      unreachable
    end
    local.get 0
    local.get 1
    call $_ZN5alloc5alloc18handle_alloc_error17h1f31372880ebae9dE
    unreachable
  )
  (func $_ZN5alloc7raw_vec11finish_grow17h2f153422ce926a03E (;125;) (type 7) (param i32 i32 i32 i32)
    (local i32 i32 i32)
    i32.const 1
    local.set 4
    i32.const 0
    local.set 5
    i32.const 4
    local.set 6
    block ;; label = @1
      local.get 1
      i32.eqz
      br_if 0 (;@1;)
      local.get 2
      i32.const 0
      i32.lt_s
      br_if 0 (;@1;)
      block ;; label = @2
        block ;; label = @3
          block ;; label = @4
            block ;; label = @5
              block ;; label = @6
                local.get 3
                i32.load offset=4
                i32.eqz
                br_if 0 (;@6;)
                block ;; label = @7
                  local.get 3
                  i32.load offset=8
                  local.tee 4
                  br_if 0 (;@7;)
                  block ;; label = @8
                    local.get 2
                    br_if 0 (;@8;)
                    i32.const 1
                    local.set 4
                    br 4 (;@4;)
                  end
                  i32.const 0
                  i32.load8_u offset=1055113
                  drop
                  local.get 2
                  i32.const 1
                  call $__rust_alloc
                  local.set 4
                  br 2 (;@5;)
                end
                local.get 3
                i32.load
                local.get 4
                i32.const 1
                local.get 2
                call $__rust_realloc
                local.set 4
                br 1 (;@5;)
              end
              block ;; label = @6
                local.get 2
                br_if 0 (;@6;)
                i32.const 1
                local.set 4
                br 2 (;@4;)
              end
              i32.const 0
              i32.load8_u offset=1055113
              drop
              local.get 2
              i32.const 1
              call $__rust_alloc
              local.set 4
            end
            local.get 4
            i32.eqz
            br_if 1 (;@3;)
          end
          local.get 0
          local.get 4
          i32.store offset=4
          i32.const 0
          local.set 4
          br 1 (;@2;)
        end
        i32.const 1
        local.set 4
        local.get 0
        i32.const 1
        i32.store offset=4
      end
      i32.const 8
      local.set 6
      local.get 2
      local.set 5
    end
    local.get 0
    local.get 6
    i32.add
    local.get 5
    i32.store
    local.get 0
    local.get 4
    i32.store
  )
  (func $_ZN5alloc5alloc18handle_alloc_error17h1f31372880ebae9dE (;126;) (type 1) (param i32 i32)
    local.get 1
    local.get 0
    call $__rust_alloc_error_handler
    unreachable
  )
  (func $_ZN72_$LT$$RF$str$u20$as$u20$alloc..ffi..c_str..CString..new..SpecNewImpl$GT$13spec_new_impl17ha45f8c01f2cfa1cfE (;127;) (type 4) (param i32 i32 i32)
    (local i32 i32 i32 i32)
    global.get $__stack_pointer
    i32.const 32
    i32.sub
    local.tee 3
    global.set $__stack_pointer
    block ;; label = @1
      block ;; label = @2
        block ;; label = @3
          block ;; label = @4
            local.get 2
            i32.const -1
            i32.eq
            br_if 0 (;@4;)
            i32.const 0
            local.set 4
            block ;; label = @5
              local.get 2
              i32.const 1
              i32.add
              local.tee 5
              i32.const 0
              i32.lt_s
              br_if 0 (;@5;)
              i32.const 0
              i32.load8_u offset=1055113
              drop
              i32.const 1
              local.set 4
              local.get 5
              i32.const 1
              call $__rust_alloc
              local.tee 6
              i32.eqz
              br_if 0 (;@5;)
              local.get 6
              local.get 1
              local.get 2
              call $memcpy
              local.set 4
              block ;; label = @6
                local.get 2
                i32.const 7
                i32.gt_u
                br_if 0 (;@6;)
                local.get 2
                i32.eqz
                br_if 3 (;@3;)
                block ;; label = @7
                  local.get 1
                  i32.load8_u
                  br_if 0 (;@7;)
                  i32.const 0
                  local.set 6
                  br 5 (;@2;)
                end
                i32.const 1
                local.set 6
                local.get 2
                i32.const 1
                i32.eq
                br_if 3 (;@3;)
                local.get 1
                i32.load8_u offset=1
                i32.eqz
                br_if 4 (;@2;)
                i32.const 2
                local.set 6
                local.get 2
                i32.const 2
                i32.eq
                br_if 3 (;@3;)
                local.get 1
                i32.load8_u offset=2
                i32.eqz
                br_if 4 (;@2;)
                i32.const 3
                local.set 6
                local.get 2
                i32.const 3
                i32.eq
                br_if 3 (;@3;)
                local.get 1
                i32.load8_u offset=3
                i32.eqz
                br_if 4 (;@2;)
                i32.const 4
                local.set 6
                local.get 2
                i32.const 4
                i32.eq
                br_if 3 (;@3;)
                local.get 1
                i32.load8_u offset=4
                i32.eqz
                br_if 4 (;@2;)
                i32.const 5
                local.set 6
                local.get 2
                i32.const 5
                i32.eq
                br_if 3 (;@3;)
                local.get 1
                i32.load8_u offset=5
                i32.eqz
                br_if 4 (;@2;)
                i32.const 6
                local.set 6
                local.get 2
                i32.const 6
                i32.eq
                br_if 3 (;@3;)
                local.get 1
                i32.load8_u offset=6
                i32.eqz
                br_if 4 (;@2;)
                br 3 (;@3;)
              end
              local.get 3
              i32.const 8
              i32.add
              i32.const 0
              local.get 1
              local.get 2
              call $_ZN4core5slice6memchr14memchr_aligned17h901cea4919202cedE
              local.get 3
              i32.load offset=8
              i32.eqz
              br_if 2 (;@3;)
              local.get 3
              i32.load offset=12
              local.set 6
              br 3 (;@2;)
            end
            local.get 4
            local.get 5
            call $_ZN5alloc7raw_vec12handle_error17hd1612f25636e3e3aE
            unreachable
          end
          i32.const 1053980
          call $_ZN4core6option13unwrap_failed17h9b66b7d25831bcc7E
          unreachable
        end
        local.get 3
        local.get 2
        i32.store offset=28
        local.get 3
        local.get 4
        i32.store offset=24
        local.get 3
        local.get 5
        i32.store offset=20
        local.get 3
        local.get 3
        i32.const 20
        i32.add
        call $_ZN5alloc3ffi5c_str7CString19_from_vec_unchecked17h8522387b1f5376f6E
        local.get 0
        local.get 3
        i64.load
        i64.store offset=4 align=4
        local.get 0
        i32.const -2147483648
        i32.store
        br 1 (;@1;)
      end
      local.get 0
      local.get 6
      i32.store offset=12
      local.get 0
      local.get 2
      i32.store offset=8
      local.get 0
      local.get 4
      i32.store offset=4
      local.get 0
      local.get 5
      i32.store
    end
    local.get 3
    i32.const 32
    i32.add
    global.set $__stack_pointer
  )
  (func $_ZN5alloc3ffi5c_str7CString19_from_vec_unchecked17h8522387b1f5376f6E (;128;) (type 1) (param i32 i32)
    (local i32 i32 i32 i32 i32)
    global.get $__stack_pointer
    i32.const 32
    i32.sub
    local.tee 2
    global.set $__stack_pointer
    block ;; label = @1
      local.get 1
      i32.load
      local.tee 3
      local.get 1
      i32.load offset=8
      local.tee 4
      i32.ne
      br_if 0 (;@1;)
      block ;; label = @2
        local.get 4
        i32.const -1
        i32.ne
        br_if 0 (;@2;)
        i32.const 0
        i32.const 0
        call $_ZN5alloc7raw_vec12handle_error17hd1612f25636e3e3aE
        unreachable
      end
      i32.const 1
      local.set 5
      local.get 4
      i32.const 1
      i32.add
      local.tee 3
      i32.const -1
      i32.xor
      i32.const 31
      i32.shr_u
      local.set 6
      block ;; label = @2
        block ;; label = @3
          local.get 4
          br_if 0 (;@3;)
          i32.const 0
          local.set 5
          br 1 (;@2;)
        end
        local.get 2
        local.get 4
        i32.store offset=28
        local.get 2
        local.get 1
        i32.load offset=4
        i32.store offset=20
      end
      local.get 2
      local.get 5
      i32.store offset=24
      local.get 2
      i32.const 8
      i32.add
      local.get 6
      local.get 3
      local.get 2
      i32.const 20
      i32.add
      call $_ZN5alloc7raw_vec11finish_grow17h2f153422ce926a03E
      block ;; label = @2
        local.get 2
        i32.load offset=8
        i32.eqz
        br_if 0 (;@2;)
        local.get 2
        i32.load offset=12
        local.get 2
        i32.load offset=16
        call $_ZN5alloc7raw_vec12handle_error17hd1612f25636e3e3aE
        unreachable
      end
      local.get 2
      i32.load offset=12
      local.set 5
      local.get 1
      local.get 3
      i32.store
      local.get 1
      local.get 5
      i32.store offset=4
    end
    local.get 1
    local.get 4
    i32.const 1
    i32.add
    local.tee 5
    i32.store offset=8
    local.get 1
    i32.load offset=4
    local.tee 1
    local.get 4
    i32.add
    i32.const 0
    i32.store8
    block ;; label = @1
      block ;; label = @2
        local.get 3
        local.get 5
        i32.gt_u
        br_if 0 (;@2;)
        local.get 1
        local.set 4
        br 1 (;@1;)
      end
      block ;; label = @2
        local.get 5
        br_if 0 (;@2;)
        i32.const 1
        local.set 4
        local.get 1
        local.get 3
        i32.const 1
        call $__rust_dealloc
        br 1 (;@1;)
      end
      local.get 1
      local.get 3
      i32.const 1
      local.get 5
      call $__rust_realloc
      local.tee 4
      br_if 0 (;@1;)
      i32.const 1
      local.get 5
      call $_ZN5alloc7raw_vec12handle_error17hd1612f25636e3e3aE
      unreachable
    end
    local.get 0
    local.get 5
    i32.store offset=4
    local.get 0
    local.get 4
    i32.store
    local.get 2
    i32.const 32
    i32.add
    global.set $__stack_pointer
  )
  (func $_ZN5alloc4sync32arcinner_layout_for_value_layout17hbf1ec92b4599578aE (;129;) (type 4) (param i32 i32 i32)
    (local i32 i32)
    global.get $__stack_pointer
    i32.const 16
    i32.sub
    local.tee 3
    global.set $__stack_pointer
    block ;; label = @1
      local.get 1
      i32.const 7
      i32.add
      i32.const 0
      local.get 1
      i32.sub
      i32.and
      local.tee 4
      i32.const 8
      i32.lt_u
      br_if 0 (;@1;)
      local.get 4
      local.get 2
      i32.add
      local.tee 2
      local.get 4
      i32.lt_u
      br_if 0 (;@1;)
      local.get 2
      i32.const -2147483648
      local.get 1
      i32.const 4
      local.get 1
      i32.const 4
      i32.gt_u
      select
      local.tee 1
      i32.sub
      i32.gt_u
      br_if 0 (;@1;)
      local.get 0
      local.get 1
      i32.store
      local.get 0
      local.get 1
      local.get 2
      i32.add
      i32.const -1
      i32.add
      i32.const 0
      local.get 1
      i32.sub
      i32.and
      i32.store offset=4
      local.get 3
      i32.const 16
      i32.add
      global.set $__stack_pointer
      return
    end
    i32.const 1054012
    i32.const 43
    local.get 3
    i32.const 15
    i32.add
    i32.const 1053996
    i32.const 1054080
    call $_ZN4core6result13unwrap_failed17hfa7aaa8b0a38a348E
    unreachable
  )
  (func $_ZN4core9panicking9panic_fmt17hce5c13620e7e8ff3E (;130;) (type 1) (param i32 i32)
    (local i32)
    global.get $__stack_pointer
    i32.const 32
    i32.sub
    local.tee 2
    global.set $__stack_pointer
    local.get 2
    i32.const 16
    i32.add
    local.get 0
    i32.const 16
    i32.add
    i64.load align=4
    i64.store
    local.get 2
    i32.const 8
    i32.add
    local.get 0
    i32.const 8
    i32.add
    i64.load align=4
    i64.store
    local.get 2
    i32.const 1
    i32.store16 offset=28
    local.get 2
    local.get 1
    i32.store offset=24
    local.get 2
    local.get 0
    i64.load align=4
    i64.store
    local.get 2
    call $rust_begin_unwind
    unreachable
  )
  (func $_ZN4core5slice5index26slice_start_index_len_fail17hf532ad17fbd34cfbE (;131;) (type 4) (param i32 i32 i32)
    local.get 0
    local.get 1
    local.get 2
    call $_ZN4core5slice5index29slice_start_index_len_fail_rt17h3772c61c8faabc38E
    unreachable
  )
  (func $_ZN4core5slice5index24slice_end_index_len_fail17hefffba3d17c3a383E (;132;) (type 4) (param i32 i32 i32)
    local.get 0
    local.get 1
    local.get 2
    call $_ZN4core5slice5index27slice_end_index_len_fail_rt17hf2ef66312e7815f2E
    unreachable
  )
  (func $_ZN4core3fmt9Formatter3pad17h66d3b3784a01202dE (;133;) (type 3) (param i32 i32 i32) (result i32)
    (local i32 i32 i32 i32 i32 i32)
    block ;; label = @1
      local.get 0
      i32.load
      local.tee 3
      local.get 0
      i32.load offset=8
      local.tee 4
      i32.or
      i32.eqz
      br_if 0 (;@1;)
      block ;; label = @2
        local.get 4
        i32.eqz
        br_if 0 (;@2;)
        local.get 1
        local.get 2
        i32.add
        local.set 5
        block ;; label = @3
          block ;; label = @4
            local.get 0
            i32.load offset=12
            local.tee 6
            br_if 0 (;@4;)
            i32.const 0
            local.set 7
            local.get 1
            local.set 8
            br 1 (;@3;)
          end
          i32.const 0
          local.set 7
          local.get 1
          local.set 8
          loop ;; label = @4
            local.get 8
            local.tee 4
            local.get 5
            i32.eq
            br_if 2 (;@2;)
            block ;; label = @5
              block ;; label = @6
                local.get 4
                i32.load8_s
                local.tee 8
                i32.const -1
                i32.le_s
                br_if 0 (;@6;)
                local.get 4
                i32.const 1
                i32.add
                local.set 8
                br 1 (;@5;)
              end
              block ;; label = @6
                local.get 8
                i32.const -32
                i32.ge_u
                br_if 0 (;@6;)
                local.get 4
                i32.const 2
                i32.add
                local.set 8
                br 1 (;@5;)
              end
              block ;; label = @6
                local.get 8
                i32.const -16
                i32.ge_u
                br_if 0 (;@6;)
                local.get 4
                i32.const 3
                i32.add
                local.set 8
                br 1 (;@5;)
              end
              local.get 4
              i32.const 4
              i32.add
              local.set 8
            end
            local.get 8
            local.get 4
            i32.sub
            local.get 7
            i32.add
            local.set 7
            local.get 6
            i32.const -1
            i32.add
            local.tee 6
            br_if 0 (;@4;)
          end
        end
        local.get 8
        local.get 5
        i32.eq
        br_if 0 (;@2;)
        block ;; label = @3
          local.get 8
          i32.load8_s
          local.tee 4
          i32.const -1
          i32.gt_s
          br_if 0 (;@3;)
          local.get 4
          i32.const -32
          i32.lt_u
          drop
        end
        block ;; label = @3
          block ;; label = @4
            local.get 7
            i32.eqz
            br_if 0 (;@4;)
            block ;; label = @5
              local.get 7
              local.get 2
              i32.ge_u
              br_if 0 (;@5;)
              i32.const 0
              local.set 4
              local.get 1
              local.get 7
              i32.add
              i32.load8_s
              i32.const -65
              i32.gt_s
              br_if 1 (;@4;)
              br 2 (;@3;)
            end
            i32.const 0
            local.set 4
            local.get 7
            local.get 2
            i32.ne
            br_if 1 (;@3;)
          end
          local.get 1
          local.set 4
        end
        local.get 7
        local.get 2
        local.get 4
        select
        local.set 2
        local.get 4
        local.get 1
        local.get 4
        select
        local.set 1
      end
      block ;; label = @2
        local.get 3
        br_if 0 (;@2;)
        local.get 0
        i32.load offset=20
        local.get 1
        local.get 2
        local.get 0
        i32.load offset=24
        i32.load offset=12
        call_indirect (type 3)
        return
      end
      local.get 0
      i32.load offset=4
      local.set 3
      block ;; label = @2
        block ;; label = @3
          local.get 2
          i32.const 16
          i32.lt_u
          br_if 0 (;@3;)
          local.get 1
          local.get 2
          call $_ZN4core3str5count14do_count_chars17hc54d16a2a4abdb8aE
          local.set 4
          br 1 (;@2;)
        end
        block ;; label = @3
          local.get 2
          br_if 0 (;@3;)
          i32.const 0
          local.set 4
          br 1 (;@2;)
        end
        local.get 2
        i32.const 3
        i32.and
        local.set 6
        block ;; label = @3
          block ;; label = @4
            local.get 2
            i32.const 4
            i32.ge_u
            br_if 0 (;@4;)
            i32.const 0
            local.set 4
            i32.const 0
            local.set 7
            br 1 (;@3;)
          end
          local.get 2
          i32.const 12
          i32.and
          local.set 5
          i32.const 0
          local.set 4
          i32.const 0
          local.set 7
          loop ;; label = @4
            local.get 4
            local.get 1
            local.get 7
            i32.add
            local.tee 8
            i32.load8_s
            i32.const -65
            i32.gt_s
            i32.add
            local.get 8
            i32.const 1
            i32.add
            i32.load8_s
            i32.const -65
            i32.gt_s
            i32.add
            local.get 8
            i32.const 2
            i32.add
            i32.load8_s
            i32.const -65
            i32.gt_s
            i32.add
            local.get 8
            i32.const 3
            i32.add
            i32.load8_s
            i32.const -65
            i32.gt_s
            i32.add
            local.set 4
            local.get 5
            local.get 7
            i32.const 4
            i32.add
            local.tee 7
            i32.ne
            br_if 0 (;@4;)
          end
        end
        local.get 6
        i32.eqz
        br_if 0 (;@2;)
        local.get 1
        local.get 7
        i32.add
        local.set 8
        loop ;; label = @3
          local.get 4
          local.get 8
          i32.load8_s
          i32.const -65
          i32.gt_s
          i32.add
          local.set 4
          local.get 8
          i32.const 1
          i32.add
          local.set 8
          local.get 6
          i32.const -1
          i32.add
          local.tee 6
          br_if 0 (;@3;)
        end
      end
      block ;; label = @2
        block ;; label = @3
          local.get 3
          local.get 4
          i32.le_u
          br_if 0 (;@3;)
          local.get 3
          local.get 4
          i32.sub
          local.set 5
          i32.const 0
          local.set 4
          block ;; label = @4
            block ;; label = @5
              block ;; label = @6
                local.get 0
                i32.load8_u offset=32
                br_table 2 (;@4;) 0 (;@6;) 1 (;@5;) 2 (;@4;) 2 (;@4;)
              end
              local.get 5
              local.set 4
              i32.const 0
              local.set 5
              br 1 (;@4;)
            end
            local.get 5
            i32.const 1
            i32.shr_u
            local.set 4
            local.get 5
            i32.const 1
            i32.add
            i32.const 1
            i32.shr_u
            local.set 5
          end
          local.get 4
          i32.const 1
          i32.add
          local.set 4
          local.get 0
          i32.load offset=16
          local.set 6
          local.get 0
          i32.load offset=24
          local.set 8
          local.get 0
          i32.load offset=20
          local.set 7
          loop ;; label = @4
            local.get 4
            i32.const -1
            i32.add
            local.tee 4
            i32.eqz
            br_if 2 (;@2;)
            local.get 7
            local.get 6
            local.get 8
            i32.load offset=16
            call_indirect (type 2)
            i32.eqz
            br_if 0 (;@4;)
          end
          i32.const 1
          return
        end
        local.get 0
        i32.load offset=20
        local.get 1
        local.get 2
        local.get 0
        i32.load offset=24
        i32.load offset=12
        call_indirect (type 3)
        return
      end
      i32.const 1
      local.set 4
      block ;; label = @2
        local.get 7
        local.get 1
        local.get 2
        local.get 8
        i32.load offset=12
        call_indirect (type 3)
        br_if 0 (;@2;)
        i32.const 0
        local.set 4
        block ;; label = @3
          loop ;; label = @4
            block ;; label = @5
              local.get 5
              local.get 4
              i32.ne
              br_if 0 (;@5;)
              local.get 5
              local.set 4
              br 2 (;@3;)
            end
            local.get 4
            i32.const 1
            i32.add
            local.set 4
            local.get 7
            local.get 6
            local.get 8
            i32.load offset=16
            call_indirect (type 2)
            i32.eqz
            br_if 0 (;@4;)
          end
          local.get 4
          i32.const -1
          i32.add
          local.set 4
        end
        local.get 4
        local.get 5
        i32.lt_u
        local.set 4
      end
      local.get 4
      return
    end
    local.get 0
    i32.load offset=20
    local.get 1
    local.get 2
    local.get 0
    i32.load offset=24
    i32.load offset=12
    call_indirect (type 3)
  )
  (func $_ZN4core9panicking5panic17hc01df023b5b232e2E (;134;) (type 4) (param i32 i32 i32)
    (local i32)
    global.get $__stack_pointer
    i32.const 32
    i32.sub
    local.tee 3
    global.set $__stack_pointer
    local.get 3
    i32.const 0
    i32.store offset=16
    local.get 3
    i32.const 1
    i32.store offset=4
    local.get 3
    i64.const 4
    i64.store offset=8 align=4
    local.get 3
    local.get 1
    i32.store offset=28
    local.get 3
    local.get 0
    i32.store offset=24
    local.get 3
    local.get 3
    i32.const 24
    i32.add
    i32.store
    local.get 3
    local.get 2
    call $_ZN4core9panicking9panic_fmt17hce5c13620e7e8ff3E
    unreachable
  )
  (func $_ZN4core3fmt3num3imp52_$LT$impl$u20$core..fmt..Display$u20$for$u20$u32$GT$3fmt17h069aaf0488591e89E (;135;) (type 2) (param i32 i32) (result i32)
    local.get 0
    i64.load32_u
    i32.const 1
    local.get 1
    call $_ZN4core3fmt3num3imp7fmt_u6417h5ff854e4b74b924eE
  )
  (func $_ZN4core3fmt5write17hdf77305f121672daE (;136;) (type 3) (param i32 i32 i32) (result i32)
    (local i32 i32 i32 i32 i32 i32 i32 i32 i32 i32)
    global.get $__stack_pointer
    i32.const 48
    i32.sub
    local.tee 3
    global.set $__stack_pointer
    local.get 3
    i32.const 3
    i32.store8 offset=44
    local.get 3
    i32.const 32
    i32.store offset=28
    i32.const 0
    local.set 4
    local.get 3
    i32.const 0
    i32.store offset=40
    local.get 3
    local.get 1
    i32.store offset=36
    local.get 3
    local.get 0
    i32.store offset=32
    local.get 3
    i32.const 0
    i32.store offset=20
    local.get 3
    i32.const 0
    i32.store offset=12
    block ;; label = @1
      block ;; label = @2
        block ;; label = @3
          block ;; label = @4
            block ;; label = @5
              local.get 2
              i32.load offset=16
              local.tee 5
              br_if 0 (;@5;)
              local.get 2
              i32.load offset=12
              local.tee 0
              i32.eqz
              br_if 1 (;@4;)
              local.get 2
              i32.load offset=8
              local.set 1
              local.get 0
              i32.const 3
              i32.shl
              local.set 6
              local.get 0
              i32.const -1
              i32.add
              i32.const 536870911
              i32.and
              i32.const 1
              i32.add
              local.set 4
              local.get 2
              i32.load
              local.set 0
              loop ;; label = @6
                block ;; label = @7
                  local.get 0
                  i32.const 4
                  i32.add
                  i32.load
                  local.tee 7
                  i32.eqz
                  br_if 0 (;@7;)
                  local.get 3
                  i32.load offset=32
                  local.get 0
                  i32.load
                  local.get 7
                  local.get 3
                  i32.load offset=36
                  i32.load offset=12
                  call_indirect (type 3)
                  br_if 4 (;@3;)
                end
                local.get 1
                i32.load
                local.get 3
                i32.const 12
                i32.add
                local.get 1
                i32.load offset=4
                call_indirect (type 2)
                br_if 3 (;@3;)
                local.get 1
                i32.const 8
                i32.add
                local.set 1
                local.get 0
                i32.const 8
                i32.add
                local.set 0
                local.get 6
                i32.const -8
                i32.add
                local.tee 6
                br_if 0 (;@6;)
                br 2 (;@4;)
              end
            end
            local.get 2
            i32.load offset=20
            local.tee 1
            i32.eqz
            br_if 0 (;@4;)
            local.get 1
            i32.const 5
            i32.shl
            local.set 8
            local.get 1
            i32.const -1
            i32.add
            i32.const 134217727
            i32.and
            i32.const 1
            i32.add
            local.set 4
            local.get 2
            i32.load offset=8
            local.set 9
            local.get 2
            i32.load
            local.set 0
            i32.const 0
            local.set 6
            loop ;; label = @5
              block ;; label = @6
                local.get 0
                i32.const 4
                i32.add
                i32.load
                local.tee 1
                i32.eqz
                br_if 0 (;@6;)
                local.get 3
                i32.load offset=32
                local.get 0
                i32.load
                local.get 1
                local.get 3
                i32.load offset=36
                i32.load offset=12
                call_indirect (type 3)
                br_if 3 (;@3;)
              end
              local.get 3
              local.get 5
              local.get 6
              i32.add
              local.tee 1
              i32.const 16
              i32.add
              i32.load
              i32.store offset=28
              local.get 3
              local.get 1
              i32.const 28
              i32.add
              i32.load8_u
              i32.store8 offset=44
              local.get 3
              local.get 1
              i32.const 24
              i32.add
              i32.load
              i32.store offset=40
              local.get 1
              i32.const 12
              i32.add
              i32.load
              local.set 7
              i32.const 0
              local.set 10
              i32.const 0
              local.set 11
              block ;; label = @6
                block ;; label = @7
                  block ;; label = @8
                    local.get 1
                    i32.const 8
                    i32.add
                    i32.load
                    br_table 1 (;@7;) 0 (;@8;) 2 (;@6;) 1 (;@7;)
                  end
                  local.get 7
                  i32.const 3
                  i32.shl
                  local.set 12
                  i32.const 0
                  local.set 11
                  local.get 9
                  local.get 12
                  i32.add
                  local.tee 12
                  i32.load offset=4
                  br_if 1 (;@6;)
                  local.get 12
                  i32.load
                  local.set 7
                end
                i32.const 1
                local.set 11
              end
              local.get 3
              local.get 7
              i32.store offset=16
              local.get 3
              local.get 11
              i32.store offset=12
              local.get 1
              i32.const 4
              i32.add
              i32.load
              local.set 7
              block ;; label = @6
                block ;; label = @7
                  block ;; label = @8
                    local.get 1
                    i32.load
                    br_table 1 (;@7;) 0 (;@8;) 2 (;@6;) 1 (;@7;)
                  end
                  local.get 7
                  i32.const 3
                  i32.shl
                  local.set 11
                  local.get 9
                  local.get 11
                  i32.add
                  local.tee 11
                  i32.load offset=4
                  br_if 1 (;@6;)
                  local.get 11
                  i32.load
                  local.set 7
                end
                i32.const 1
                local.set 10
              end
              local.get 3
              local.get 7
              i32.store offset=24
              local.get 3
              local.get 10
              i32.store offset=20
              local.get 9
              local.get 1
              i32.const 20
              i32.add
              i32.load
              i32.const 3
              i32.shl
              i32.add
              local.tee 1
              i32.load
              local.get 3
              i32.const 12
              i32.add
              local.get 1
              i32.load offset=4
              call_indirect (type 2)
              br_if 2 (;@3;)
              local.get 0
              i32.const 8
              i32.add
              local.set 0
              local.get 8
              local.get 6
              i32.const 32
              i32.add
              local.tee 6
              i32.ne
              br_if 0 (;@5;)
            end
          end
          local.get 4
          local.get 2
          i32.load offset=4
          i32.ge_u
          br_if 1 (;@2;)
          local.get 3
          i32.load offset=32
          local.get 2
          i32.load
          local.get 4
          i32.const 3
          i32.shl
          i32.add
          local.tee 1
          i32.load
          local.get 1
          i32.load offset=4
          local.get 3
          i32.load offset=36
          i32.load offset=12
          call_indirect (type 3)
          i32.eqz
          br_if 1 (;@2;)
        end
        i32.const 1
        local.set 1
        br 1 (;@1;)
      end
      i32.const 0
      local.set 1
    end
    local.get 3
    i32.const 48
    i32.add
    global.set $__stack_pointer
    local.get 1
  )
  (func $_ZN63_$LT$core..cell..BorrowMutError$u20$as$u20$core..fmt..Debug$GT$3fmt17hcd11db4dd5e62271E (;137;) (type 2) (param i32 i32) (result i32)
    local.get 1
    i32.load offset=20
    i32.const 1054097
    i32.const 14
    local.get 1
    i32.load offset=24
    i32.load offset=12
    call_indirect (type 3)
  )
  (func $_ZN4core4cell22panic_already_borrowed17hdd5b223adef5c9a0E (;138;) (type 0) (param i32)
    (local i32)
    global.get $__stack_pointer
    i32.const 48
    i32.sub
    local.tee 1
    global.set $__stack_pointer
    local.get 1
    i32.const 1
    i32.store offset=12
    local.get 1
    i32.const 1054132
    i32.store offset=8
    local.get 1
    i64.const 1
    i64.store offset=20 align=4
    local.get 1
    i32.const 44
    i64.extend_i32_u
    i64.const 32
    i64.shl
    local.get 1
    i32.const 47
    i32.add
    i64.extend_i32_u
    i64.or
    i64.store offset=32
    local.get 1
    local.get 1
    i32.const 32
    i32.add
    i32.store offset=16
    local.get 1
    i32.const 8
    i32.add
    local.get 0
    call $_ZN4core9panicking9panic_fmt17hce5c13620e7e8ff3E
    unreachable
  )
  (func $_ZN4core3ffi5c_str4CStr19from_bytes_with_nul17h6ac74320d187fdb6E (;139;) (type 4) (param i32 i32 i32)
    (local i32 i32 i32 i32)
    block ;; label = @1
      block ;; label = @2
        block ;; label = @3
          block ;; label = @4
            block ;; label = @5
              local.get 2
              i32.const 7
              i32.gt_u
              br_if 0 (;@5;)
              local.get 2
              i32.eqz
              br_if 3 (;@2;)
              local.get 1
              i32.load8_u
              br_if 1 (;@4;)
              i32.const 0
              local.set 3
              br 4 (;@1;)
            end
            block ;; label = @5
              block ;; label = @6
                local.get 1
                i32.const 3
                i32.add
                i32.const -4
                i32.and
                local.get 1
                i32.sub
                local.tee 4
                i32.eqz
                br_if 0 (;@6;)
                i32.const 0
                local.set 3
                loop ;; label = @7
                  local.get 1
                  local.get 3
                  i32.add
                  i32.load8_u
                  i32.eqz
                  br_if 6 (;@1;)
                  local.get 4
                  local.get 3
                  i32.const 1
                  i32.add
                  local.tee 3
                  i32.ne
                  br_if 0 (;@7;)
                end
                local.get 4
                local.get 2
                i32.const -8
                i32.add
                local.tee 5
                i32.le_u
                br_if 1 (;@5;)
                br 3 (;@3;)
              end
              local.get 2
              i32.const -8
              i32.add
              local.set 5
            end
            loop ;; label = @5
              local.get 1
              local.get 4
              i32.add
              local.tee 3
              i32.const 4
              i32.add
              i32.load
              local.tee 6
              i32.const -16843009
              i32.add
              local.get 6
              i32.const -1
              i32.xor
              i32.and
              local.get 3
              i32.load
              local.tee 3
              i32.const -16843009
              i32.add
              local.get 3
              i32.const -1
              i32.xor
              i32.and
              i32.or
              i32.const -2139062144
              i32.and
              br_if 2 (;@3;)
              local.get 4
              i32.const 8
              i32.add
              local.tee 4
              local.get 5
              i32.le_u
              br_if 0 (;@5;)
              br 2 (;@3;)
            end
          end
          i32.const 1
          local.set 3
          local.get 2
          i32.const 1
          i32.eq
          br_if 1 (;@2;)
          local.get 1
          i32.load8_u offset=1
          i32.eqz
          br_if 2 (;@1;)
          i32.const 2
          local.set 3
          local.get 2
          i32.const 2
          i32.eq
          br_if 1 (;@2;)
          local.get 1
          i32.load8_u offset=2
          i32.eqz
          br_if 2 (;@1;)
          i32.const 3
          local.set 3
          local.get 2
          i32.const 3
          i32.eq
          br_if 1 (;@2;)
          local.get 1
          i32.load8_u offset=3
          i32.eqz
          br_if 2 (;@1;)
          i32.const 4
          local.set 3
          local.get 2
          i32.const 4
          i32.eq
          br_if 1 (;@2;)
          local.get 1
          i32.load8_u offset=4
          i32.eqz
          br_if 2 (;@1;)
          i32.const 5
          local.set 3
          local.get 2
          i32.const 5
          i32.eq
          br_if 1 (;@2;)
          local.get 1
          i32.load8_u offset=5
          i32.eqz
          br_if 2 (;@1;)
          i32.const 6
          local.set 3
          local.get 2
          i32.const 6
          i32.eq
          br_if 1 (;@2;)
          local.get 1
          i32.load8_u offset=6
          i32.eqz
          br_if 2 (;@1;)
          br 1 (;@2;)
        end
        local.get 4
        local.get 2
        i32.eq
        br_if 0 (;@2;)
        loop ;; label = @3
          block ;; label = @4
            local.get 1
            local.get 4
            i32.add
            i32.load8_u
            br_if 0 (;@4;)
            local.get 4
            local.set 3
            br 3 (;@1;)
          end
          local.get 2
          local.get 4
          i32.const 1
          i32.add
          local.tee 4
          i32.ne
          br_if 0 (;@3;)
        end
      end
      local.get 0
      i32.const 1
      i32.store offset=4
      local.get 0
      i32.const 1
      i32.store
      return
    end
    block ;; label = @1
      local.get 3
      i32.const 1
      i32.add
      local.get 2
      i32.eq
      br_if 0 (;@1;)
      local.get 0
      local.get 3
      i32.store offset=8
      local.get 0
      i32.const 0
      i32.store offset=4
      local.get 0
      i32.const 1
      i32.store
      return
    end
    local.get 0
    local.get 2
    i32.store offset=8
    local.get 0
    local.get 1
    i32.store offset=4
    local.get 0
    i32.const 0
    i32.store
  )
  (func $_ZN4core3str8converts9from_utf817he17ab4aa096c6762E (;140;) (type 4) (param i32 i32 i32)
    (local i32 i32 i32 i32 i32 i64 i64 i32)
    block ;; label = @1
      local.get 2
      i32.eqz
      br_if 0 (;@1;)
      i32.const 0
      local.get 2
      i32.const -7
      i32.add
      local.tee 3
      local.get 3
      local.get 2
      i32.gt_u
      select
      local.set 4
      local.get 1
      i32.const 3
      i32.add
      i32.const -4
      i32.and
      local.get 1
      i32.sub
      local.set 5
      i32.const 0
      local.set 3
      loop ;; label = @2
        block ;; label = @3
          block ;; label = @4
            block ;; label = @5
              block ;; label = @6
                local.get 1
                local.get 3
                i32.add
                i32.load8_u
                local.tee 6
                i32.extend8_s
                local.tee 7
                i32.const 0
                i32.lt_s
                br_if 0 (;@6;)
                local.get 5
                local.get 3
                i32.sub
                i32.const 3
                i32.and
                br_if 1 (;@5;)
                local.get 3
                local.get 4
                i32.ge_u
                br_if 2 (;@4;)
                loop ;; label = @7
                  local.get 1
                  local.get 3
                  i32.add
                  local.tee 6
                  i32.const 4
                  i32.add
                  i32.load
                  local.get 6
                  i32.load
                  i32.or
                  i32.const -2139062144
                  i32.and
                  br_if 3 (;@4;)
                  local.get 3
                  i32.const 8
                  i32.add
                  local.tee 3
                  local.get 4
                  i32.lt_u
                  br_if 0 (;@7;)
                  br 3 (;@4;)
                end
              end
              i64.const 1099511627776
              local.set 8
              i64.const 4294967296
              local.set 9
              block ;; label = @6
                block ;; label = @7
                  block ;; label = @8
                    block ;; label = @9
                      block ;; label = @10
                        block ;; label = @11
                          block ;; label = @12
                            block ;; label = @13
                              block ;; label = @14
                                block ;; label = @15
                                  block ;; label = @16
                                    block ;; label = @17
                                      local.get 6
                                      i32.const 1054844
                                      i32.add
                                      i32.load8_u
                                      i32.const -2
                                      i32.add
                                      br_table 0 (;@17;) 1 (;@16;) 2 (;@15;) 10 (;@7;)
                                    end
                                    local.get 3
                                    i32.const 1
                                    i32.add
                                    local.tee 6
                                    local.get 2
                                    i32.lt_u
                                    br_if 2 (;@14;)
                                    i64.const 0
                                    local.set 8
                                    i64.const 0
                                    local.set 9
                                    br 9 (;@7;)
                                  end
                                  i64.const 0
                                  local.set 8
                                  local.get 3
                                  i32.const 1
                                  i32.add
                                  local.tee 10
                                  local.get 2
                                  i32.lt_u
                                  br_if 2 (;@13;)
                                  i64.const 0
                                  local.set 9
                                  br 8 (;@7;)
                                end
                                i64.const 0
                                local.set 8
                                local.get 3
                                i32.const 1
                                i32.add
                                local.tee 10
                                local.get 2
                                i32.lt_u
                                br_if 2 (;@12;)
                                i64.const 0
                                local.set 9
                                br 7 (;@7;)
                              end
                              i64.const 1099511627776
                              local.set 8
                              i64.const 4294967296
                              local.set 9
                              local.get 1
                              local.get 6
                              i32.add
                              i32.load8_s
                              i32.const -65
                              i32.gt_s
                              br_if 6 (;@7;)
                              br 7 (;@6;)
                            end
                            local.get 1
                            local.get 10
                            i32.add
                            i32.load8_s
                            local.set 10
                            block ;; label = @13
                              block ;; label = @14
                                block ;; label = @15
                                  local.get 6
                                  i32.const -224
                                  i32.add
                                  br_table 0 (;@15;) 2 (;@13;) 2 (;@13;) 2 (;@13;) 2 (;@13;) 2 (;@13;) 2 (;@13;) 2 (;@13;) 2 (;@13;) 2 (;@13;) 2 (;@13;) 2 (;@13;) 2 (;@13;) 1 (;@14;) 2 (;@13;)
                                end
                                local.get 10
                                i32.const -32
                                i32.and
                                i32.const -96
                                i32.eq
                                br_if 4 (;@10;)
                                br 3 (;@11;)
                              end
                              local.get 10
                              i32.const -97
                              i32.gt_s
                              br_if 2 (;@11;)
                              br 3 (;@10;)
                            end
                            block ;; label = @13
                              local.get 7
                              i32.const 31
                              i32.add
                              i32.const 255
                              i32.and
                              i32.const 12
                              i32.lt_u
                              br_if 0 (;@13;)
                              local.get 7
                              i32.const -2
                              i32.and
                              i32.const -18
                              i32.ne
                              br_if 2 (;@11;)
                              local.get 10
                              i32.const -64
                              i32.lt_s
                              br_if 3 (;@10;)
                              br 2 (;@11;)
                            end
                            local.get 10
                            i32.const -64
                            i32.lt_s
                            br_if 2 (;@10;)
                            br 1 (;@11;)
                          end
                          local.get 1
                          local.get 10
                          i32.add
                          i32.load8_s
                          local.set 10
                          block ;; label = @12
                            block ;; label = @13
                              block ;; label = @14
                                block ;; label = @15
                                  local.get 6
                                  i32.const -240
                                  i32.add
                                  br_table 1 (;@14;) 0 (;@15;) 0 (;@15;) 0 (;@15;) 2 (;@13;) 0 (;@15;)
                                end
                                local.get 7
                                i32.const 15
                                i32.add
                                i32.const 255
                                i32.and
                                i32.const 2
                                i32.gt_u
                                br_if 3 (;@11;)
                                local.get 10
                                i32.const -64
                                i32.ge_s
                                br_if 3 (;@11;)
                                br 2 (;@12;)
                              end
                              local.get 10
                              i32.const 112
                              i32.add
                              i32.const 255
                              i32.and
                              i32.const 48
                              i32.ge_u
                              br_if 2 (;@11;)
                              br 1 (;@12;)
                            end
                            local.get 10
                            i32.const -113
                            i32.gt_s
                            br_if 1 (;@11;)
                          end
                          block ;; label = @12
                            local.get 3
                            i32.const 2
                            i32.add
                            local.tee 6
                            local.get 2
                            i32.lt_u
                            br_if 0 (;@12;)
                            i64.const 0
                            local.set 9
                            br 5 (;@7;)
                          end
                          local.get 1
                          local.get 6
                          i32.add
                          i32.load8_s
                          i32.const -65
                          i32.gt_s
                          br_if 2 (;@9;)
                          i64.const 0
                          local.set 9
                          local.get 3
                          i32.const 3
                          i32.add
                          local.tee 6
                          local.get 2
                          i32.ge_u
                          br_if 4 (;@7;)
                          local.get 1
                          local.get 6
                          i32.add
                          i32.load8_s
                          i32.const -65
                          i32.le_s
                          br_if 5 (;@6;)
                          i64.const 3298534883328
                          local.set 8
                          br 3 (;@8;)
                        end
                        i64.const 1099511627776
                        local.set 8
                        br 2 (;@8;)
                      end
                      i64.const 0
                      local.set 9
                      local.get 3
                      i32.const 2
                      i32.add
                      local.tee 6
                      local.get 2
                      i32.ge_u
                      br_if 2 (;@7;)
                      local.get 1
                      local.get 6
                      i32.add
                      i32.load8_s
                      i32.const -65
                      i32.le_s
                      br_if 3 (;@6;)
                    end
                    i64.const 2199023255552
                    local.set 8
                  end
                  i64.const 4294967296
                  local.set 9
                end
                local.get 0
                local.get 8
                local.get 3
                i64.extend_i32_u
                i64.or
                local.get 9
                i64.or
                i64.store offset=4 align=4
                local.get 0
                i32.const 1
                i32.store
                return
              end
              local.get 6
              i32.const 1
              i32.add
              local.set 3
              br 2 (;@3;)
            end
            local.get 3
            i32.const 1
            i32.add
            local.set 3
            br 1 (;@3;)
          end
          local.get 3
          local.get 2
          i32.ge_u
          br_if 0 (;@3;)
          loop ;; label = @4
            local.get 1
            local.get 3
            i32.add
            i32.load8_s
            i32.const 0
            i32.lt_s
            br_if 1 (;@3;)
            local.get 2
            local.get 3
            i32.const 1
            i32.add
            local.tee 3
            i32.ne
            br_if 0 (;@4;)
            br 3 (;@1;)
          end
        end
        local.get 3
        local.get 2
        i32.lt_u
        br_if 0 (;@2;)
      end
    end
    local.get 0
    local.get 2
    i32.store offset=8
    local.get 0
    local.get 1
    i32.store offset=4
    local.get 0
    i32.const 0
    i32.store
  )
  (func $_ZN4core3fmt8builders11DebugStruct5field17h6c7ac6812dca23deE (;141;) (type 12) (param i32 i32 i32 i32 i32) (result i32)
    (local i32 i32 i32 i32 i32 i64)
    global.get $__stack_pointer
    i32.const 64
    i32.sub
    local.tee 5
    global.set $__stack_pointer
    i32.const 1
    local.set 6
    block ;; label = @1
      local.get 0
      i32.load8_u offset=4
      br_if 0 (;@1;)
      local.get 0
      i32.load8_u offset=5
      local.set 7
      block ;; label = @2
        local.get 0
        i32.load
        local.tee 8
        i32.load offset=28
        local.tee 9
        i32.const 4
        i32.and
        br_if 0 (;@2;)
        i32.const 1
        local.set 6
        local.get 8
        i32.load offset=20
        i32.const 1054411
        i32.const 1054408
        local.get 7
        i32.const 255
        i32.and
        local.tee 7
        select
        i32.const 2
        i32.const 3
        local.get 7
        select
        local.get 8
        i32.load offset=24
        i32.load offset=12
        call_indirect (type 3)
        br_if 1 (;@1;)
        i32.const 1
        local.set 6
        local.get 8
        i32.load offset=20
        local.get 1
        local.get 2
        local.get 8
        i32.load offset=24
        i32.load offset=12
        call_indirect (type 3)
        br_if 1 (;@1;)
        i32.const 1
        local.set 6
        local.get 8
        i32.load offset=20
        i32.const 1054360
        i32.const 2
        local.get 8
        i32.load offset=24
        i32.load offset=12
        call_indirect (type 3)
        br_if 1 (;@1;)
        local.get 3
        local.get 8
        local.get 4
        i32.load offset=12
        call_indirect (type 2)
        local.set 6
        br 1 (;@1;)
      end
      block ;; label = @2
        local.get 7
        i32.const 255
        i32.and
        br_if 0 (;@2;)
        i32.const 1
        local.set 6
        local.get 8
        i32.load offset=20
        i32.const 1054413
        i32.const 3
        local.get 8
        i32.load offset=24
        i32.load offset=12
        call_indirect (type 3)
        br_if 1 (;@1;)
        local.get 8
        i32.load offset=28
        local.set 9
      end
      i32.const 1
      local.set 6
      local.get 5
      i32.const 1
      i32.store8 offset=27
      local.get 5
      local.get 8
      i64.load offset=20 align=4
      i64.store offset=12 align=4
      local.get 5
      i32.const 1054380
      i32.store offset=52
      local.get 5
      local.get 5
      i32.const 27
      i32.add
      i32.store offset=20
      local.get 5
      local.get 8
      i64.load offset=8 align=4
      i64.store offset=36 align=4
      local.get 8
      i64.load align=4
      local.set 10
      local.get 5
      local.get 9
      i32.store offset=56
      local.get 5
      local.get 8
      i32.load offset=16
      i32.store offset=44
      local.get 5
      local.get 8
      i32.load8_u offset=32
      i32.store8 offset=60
      local.get 5
      local.get 10
      i64.store offset=28 align=4
      local.get 5
      local.get 5
      i32.const 12
      i32.add
      i32.store offset=48
      local.get 5
      i32.const 12
      i32.add
      local.get 1
      local.get 2
      call $_ZN68_$LT$core..fmt..builders..PadAdapter$u20$as$u20$core..fmt..Write$GT$9write_str17h5c8e036506c900b1E
      br_if 0 (;@1;)
      local.get 5
      i32.const 12
      i32.add
      i32.const 1054360
      i32.const 2
      call $_ZN68_$LT$core..fmt..builders..PadAdapter$u20$as$u20$core..fmt..Write$GT$9write_str17h5c8e036506c900b1E
      br_if 0 (;@1;)
      local.get 3
      local.get 5
      i32.const 28
      i32.add
      local.get 4
      i32.load offset=12
      call_indirect (type 2)
      br_if 0 (;@1;)
      local.get 5
      i32.load offset=48
      i32.const 1054416
      i32.const 2
      local.get 5
      i32.load offset=52
      i32.load offset=12
      call_indirect (type 3)
      local.set 6
    end
    local.get 0
    i32.const 1
    i32.store8 offset=5
    local.get 0
    local.get 6
    i32.store8 offset=4
    local.get 5
    i32.const 64
    i32.add
    global.set $__stack_pointer
    local.get 0
  )
  (func $_ZN4core3fmt3num3imp51_$LT$impl$u20$core..fmt..Display$u20$for$u20$u8$GT$3fmt17h2ec5687a705c837dE (;142;) (type 2) (param i32 i32) (result i32)
    local.get 0
    i64.load8_u
    i32.const 1
    local.get 1
    call $_ZN4core3fmt3num3imp7fmt_u6417h5ff854e4b74b924eE
  )
  (func $_ZN4core6result13unwrap_failed17hfa7aaa8b0a38a348E (;143;) (type 11) (param i32 i32 i32 i32 i32)
    (local i32)
    global.get $__stack_pointer
    i32.const 64
    i32.sub
    local.tee 5
    global.set $__stack_pointer
    local.get 5
    local.get 1
    i32.store offset=12
    local.get 5
    local.get 0
    i32.store offset=8
    local.get 5
    local.get 3
    i32.store offset=20
    local.get 5
    local.get 2
    i32.store offset=16
    local.get 5
    i32.const 2
    i32.store offset=28
    local.get 5
    i32.const 1054364
    i32.store offset=24
    local.get 5
    i64.const 2
    i64.store offset=36 align=4
    local.get 5
    i32.const 45
    i64.extend_i32_u
    i64.const 32
    i64.shl
    local.get 5
    i32.const 16
    i32.add
    i64.extend_i32_u
    i64.or
    i64.store offset=56
    local.get 5
    i32.const 46
    i64.extend_i32_u
    i64.const 32
    i64.shl
    local.get 5
    i32.const 8
    i32.add
    i64.extend_i32_u
    i64.or
    i64.store offset=48
    local.get 5
    local.get 5
    i32.const 48
    i32.add
    i32.store offset=32
    local.get 5
    i32.const 24
    i32.add
    local.get 4
    call $_ZN4core9panicking9panic_fmt17hce5c13620e7e8ff3E
    unreachable
  )
  (func $_ZN4core6option13unwrap_failed17h9b66b7d25831bcc7E (;144;) (type 0) (param i32)
    i32.const 1054149
    i32.const 43
    local.get 0
    call $_ZN4core9panicking5panic17hc01df023b5b232e2E
    unreachable
  )
  (func $_ZN4core6option13expect_failed17hd1b9773a78a223deE (;145;) (type 4) (param i32 i32 i32)
    (local i32)
    global.get $__stack_pointer
    i32.const 48
    i32.sub
    local.tee 3
    global.set $__stack_pointer
    local.get 3
    local.get 1
    i32.store offset=12
    local.get 3
    local.get 0
    i32.store offset=8
    local.get 3
    i32.const 1
    i32.store offset=20
    local.get 3
    i32.const 1054140
    i32.store offset=16
    local.get 3
    i64.const 1
    i64.store offset=28 align=4
    local.get 3
    i32.const 46
    i64.extend_i32_u
    i64.const 32
    i64.shl
    local.get 3
    i32.const 8
    i32.add
    i64.extend_i32_u
    i64.or
    i64.store offset=40
    local.get 3
    local.get 3
    i32.const 40
    i32.add
    i32.store offset=24
    local.get 3
    i32.const 16
    i32.add
    local.get 2
    call $_ZN4core9panicking9panic_fmt17hce5c13620e7e8ff3E
    unreachable
  )
  (func $_ZN44_$LT$$RF$T$u20$as$u20$core..fmt..Display$GT$3fmt17hf69fe573ba269e61E (;146;) (type 2) (param i32 i32) (result i32)
    local.get 1
    local.get 0
    i32.load
    local.get 0
    i32.load offset=4
    call $_ZN4core3fmt9Formatter3pad17h66d3b3784a01202dE
  )
  (func $_ZN70_$LT$core..panic..location..Location$u20$as$u20$core..fmt..Display$GT$3fmt17hc6c59974db3ea348E (;147;) (type 2) (param i32 i32) (result i32)
    (local i32 i64)
    global.get $__stack_pointer
    i32.const 48
    i32.sub
    local.tee 2
    global.set $__stack_pointer
    local.get 2
    i32.const 8
    i64.extend_i32_u
    i64.const 32
    i64.shl
    local.tee 3
    local.get 0
    i32.const 12
    i32.add
    i64.extend_i32_u
    i64.or
    i64.store offset=16
    local.get 2
    local.get 3
    local.get 0
    i32.const 8
    i32.add
    i64.extend_i32_u
    i64.or
    i64.store offset=8
    local.get 2
    i32.const 46
    i64.extend_i32_u
    i64.const 32
    i64.shl
    local.get 0
    i64.extend_i32_u
    i64.or
    i64.store
    local.get 1
    i32.load offset=20
    local.set 0
    local.get 1
    i32.load offset=24
    local.set 1
    local.get 2
    i64.const 3
    i64.store offset=36 align=4
    local.get 2
    i32.const 3
    i32.store offset=28
    local.get 2
    i32.const 1054192
    i32.store offset=24
    local.get 2
    local.get 2
    i32.store offset=32
    local.get 0
    local.get 1
    local.get 2
    i32.const 24
    i32.add
    call $_ZN4core3fmt5write17hdf77305f121672daE
    local.set 0
    local.get 2
    i32.const 48
    i32.add
    global.set $__stack_pointer
    local.get 0
  )
  (func $_ZN4core3fmt3num53_$LT$impl$u20$core..fmt..LowerHex$u20$for$u20$i32$GT$3fmt17hddd37732027b7b81E (;148;) (type 2) (param i32 i32) (result i32)
    (local i32 i32 i32)
    global.get $__stack_pointer
    i32.const 128
    i32.sub
    local.tee 2
    global.set $__stack_pointer
    local.get 0
    i32.load
    local.set 0
    i32.const 0
    local.set 3
    loop ;; label = @1
      local.get 2
      local.get 3
      i32.add
      i32.const 127
      i32.add
      local.get 0
      i32.const 15
      i32.and
      local.tee 4
      i32.const 48
      i32.or
      local.get 4
      i32.const 87
      i32.add
      local.get 4
      i32.const 10
      i32.lt_u
      select
      i32.store8
      local.get 3
      i32.const -1
      i32.add
      local.set 3
      local.get 0
      i32.const 16
      i32.lt_u
      local.set 4
      local.get 0
      i32.const 4
      i32.shr_u
      local.set 0
      local.get 4
      i32.eqz
      br_if 0 (;@1;)
    end
    block ;; label = @1
      local.get 3
      i32.const 128
      i32.add
      local.tee 0
      i32.const 129
      i32.lt_u
      br_if 0 (;@1;)
      local.get 0
      i32.const 128
      i32.const 1054452
      call $_ZN4core5slice5index26slice_start_index_len_fail17hf532ad17fbd34cfbE
      unreachable
    end
    local.get 1
    i32.const 1
    i32.const 1054468
    i32.const 2
    local.get 2
    local.get 3
    i32.add
    i32.const 128
    i32.add
    i32.const 0
    local.get 3
    i32.sub
    call $_ZN4core3fmt9Formatter12pad_integral17h06c5e6c32e3daed0E
    local.set 0
    local.get 2
    i32.const 128
    i32.add
    global.set $__stack_pointer
    local.get 0
  )
  (func $_ZN4core9panicking19assert_failed_inner17ha42957136f14c69fE (;149;) (type 13) (param i32 i32 i32 i32 i32 i32 i32)
    (local i32 i64)
    global.get $__stack_pointer
    i32.const 112
    i32.sub
    local.tee 7
    global.set $__stack_pointer
    local.get 7
    local.get 2
    i32.store offset=12
    local.get 7
    local.get 1
    i32.store offset=8
    local.get 7
    local.get 4
    i32.store offset=20
    local.get 7
    local.get 3
    i32.store offset=16
    block ;; label = @1
      block ;; label = @2
        block ;; label = @3
          block ;; label = @4
            local.get 0
            i32.const 255
            i32.and
            br_table 0 (;@4;) 1 (;@3;) 2 (;@2;) 0 (;@4;)
          end
          local.get 7
          i32.const 1054216
          i32.store offset=24
          i32.const 2
          local.set 2
          br 2 (;@1;)
        end
        local.get 7
        i32.const 1054218
        i32.store offset=24
        i32.const 2
        local.set 2
        br 1 (;@1;)
      end
      local.get 7
      i32.const 1054220
      i32.store offset=24
      i32.const 7
      local.set 2
    end
    local.get 7
    local.get 2
    i32.store offset=28
    block ;; label = @1
      local.get 5
      i32.load
      br_if 0 (;@1;)
      local.get 7
      i32.const 3
      i32.store offset=92
      local.get 7
      i32.const 1054276
      i32.store offset=88
      local.get 7
      i64.const 3
      i64.store offset=100 align=4
      local.get 7
      i32.const 45
      i64.extend_i32_u
      i64.const 32
      i64.shl
      local.tee 8
      local.get 7
      i32.const 16
      i32.add
      i64.extend_i32_u
      i64.or
      i64.store offset=72
      local.get 7
      local.get 8
      local.get 7
      i32.const 8
      i32.add
      i64.extend_i32_u
      i64.or
      i64.store offset=64
      local.get 7
      i32.const 46
      i64.extend_i32_u
      i64.const 32
      i64.shl
      local.get 7
      i32.const 24
      i32.add
      i64.extend_i32_u
      i64.or
      i64.store offset=56
      local.get 7
      local.get 7
      i32.const 56
      i32.add
      i32.store offset=96
      local.get 7
      i32.const 88
      i32.add
      local.get 6
      call $_ZN4core9panicking9panic_fmt17hce5c13620e7e8ff3E
      unreachable
    end
    local.get 7
    i32.const 32
    i32.add
    i32.const 16
    i32.add
    local.get 5
    i32.const 16
    i32.add
    i64.load align=4
    i64.store
    local.get 7
    i32.const 32
    i32.add
    i32.const 8
    i32.add
    local.get 5
    i32.const 8
    i32.add
    i64.load align=4
    i64.store
    local.get 7
    local.get 5
    i64.load align=4
    i64.store offset=32
    local.get 7
    i32.const 4
    i32.store offset=92
    local.get 7
    i32.const 1054328
    i32.store offset=88
    local.get 7
    i64.const 4
    i64.store offset=100 align=4
    local.get 7
    i32.const 45
    i64.extend_i32_u
    i64.const 32
    i64.shl
    local.tee 8
    local.get 7
    i32.const 16
    i32.add
    i64.extend_i32_u
    i64.or
    i64.store offset=80
    local.get 7
    local.get 8
    local.get 7
    i32.const 8
    i32.add
    i64.extend_i32_u
    i64.or
    i64.store offset=72
    local.get 7
    i32.const 47
    i64.extend_i32_u
    i64.const 32
    i64.shl
    local.get 7
    i32.const 32
    i32.add
    i64.extend_i32_u
    i64.or
    i64.store offset=64
    local.get 7
    i32.const 46
    i64.extend_i32_u
    i64.const 32
    i64.shl
    local.get 7
    i32.const 24
    i32.add
    i64.extend_i32_u
    i64.or
    i64.store offset=56
    local.get 7
    local.get 7
    i32.const 56
    i32.add
    i32.store offset=96
    local.get 7
    i32.const 88
    i32.add
    local.get 6
    call $_ZN4core9panicking9panic_fmt17hce5c13620e7e8ff3E
    unreachable
  )
  (func $_ZN42_$LT$$RF$T$u20$as$u20$core..fmt..Debug$GT$3fmt17h41ebbf57dea1d925E (;150;) (type 2) (param i32 i32) (result i32)
    local.get 0
    i32.load
    local.get 1
    local.get 0
    i32.load offset=4
    i32.load offset=12
    call_indirect (type 2)
  )
  (func $_ZN59_$LT$core..fmt..Arguments$u20$as$u20$core..fmt..Display$GT$3fmt17h29d428313702e69eE (;151;) (type 2) (param i32 i32) (result i32)
    local.get 1
    i32.load offset=20
    local.get 1
    i32.load offset=24
    local.get 0
    call $_ZN4core3fmt5write17hdf77305f121672daE
  )
  (func $_ZN68_$LT$core..fmt..builders..PadAdapter$u20$as$u20$core..fmt..Write$GT$9write_str17h5c8e036506c900b1E (;152;) (type 3) (param i32 i32 i32) (result i32)
    (local i32 i32 i32 i32 i32 i32 i32 i32 i32 i32 i32)
    local.get 1
    i32.const -1
    i32.add
    local.set 3
    local.get 0
    i32.load offset=4
    local.set 4
    local.get 0
    i32.load
    local.set 5
    local.get 0
    i32.load offset=8
    local.set 6
    i32.const 0
    local.set 7
    i32.const 0
    local.set 8
    loop ;; label = @1
      block ;; label = @2
        block ;; label = @3
          local.get 7
          local.get 2
          i32.gt_u
          br_if 0 (;@3;)
          loop ;; label = @4
            local.get 1
            local.get 7
            i32.add
            local.set 9
            block ;; label = @5
              block ;; label = @6
                block ;; label = @7
                  block ;; label = @8
                    local.get 2
                    local.get 7
                    i32.sub
                    local.tee 10
                    i32.const 7
                    i32.gt_u
                    br_if 0 (;@8;)
                    local.get 2
                    local.get 7
                    i32.ne
                    br_if 1 (;@7;)
                    local.get 2
                    local.set 7
                    br 5 (;@3;)
                  end
                  block ;; label = @8
                    block ;; label = @9
                      local.get 9
                      i32.const 3
                      i32.add
                      i32.const -4
                      i32.and
                      local.tee 11
                      local.get 9
                      i32.sub
                      local.tee 12
                      i32.eqz
                      br_if 0 (;@9;)
                      i32.const 0
                      local.set 0
                      loop ;; label = @10
                        local.get 9
                        local.get 0
                        i32.add
                        i32.load8_u
                        i32.const 10
                        i32.eq
                        br_if 5 (;@5;)
                        local.get 12
                        local.get 0
                        i32.const 1
                        i32.add
                        local.tee 0
                        i32.ne
                        br_if 0 (;@10;)
                      end
                      local.get 12
                      local.get 10
                      i32.const -8
                      i32.add
                      local.tee 13
                      i32.le_u
                      br_if 1 (;@8;)
                      br 3 (;@6;)
                    end
                    local.get 10
                    i32.const -8
                    i32.add
                    local.set 13
                  end
                  loop ;; label = @8
                    local.get 11
                    i32.const 4
                    i32.add
                    i32.load
                    local.tee 0
                    i32.const 168430090
                    i32.xor
                    i32.const -16843009
                    i32.add
                    local.get 0
                    i32.const -1
                    i32.xor
                    i32.and
                    local.get 11
                    i32.load
                    local.tee 0
                    i32.const 168430090
                    i32.xor
                    i32.const -16843009
                    i32.add
                    local.get 0
                    i32.const -1
                    i32.xor
                    i32.and
                    i32.or
                    i32.const -2139062144
                    i32.and
                    br_if 2 (;@6;)
                    local.get 11
                    i32.const 8
                    i32.add
                    local.set 11
                    local.get 12
                    i32.const 8
                    i32.add
                    local.tee 12
                    local.get 13
                    i32.le_u
                    br_if 0 (;@8;)
                    br 2 (;@6;)
                  end
                end
                i32.const 0
                local.set 0
                loop ;; label = @7
                  local.get 9
                  local.get 0
                  i32.add
                  i32.load8_u
                  i32.const 10
                  i32.eq
                  br_if 2 (;@5;)
                  local.get 10
                  local.get 0
                  i32.const 1
                  i32.add
                  local.tee 0
                  i32.ne
                  br_if 0 (;@7;)
                end
                local.get 2
                local.set 7
                br 3 (;@3;)
              end
              block ;; label = @6
                local.get 12
                local.get 10
                i32.ne
                br_if 0 (;@6;)
                local.get 2
                local.set 7
                br 3 (;@3;)
              end
              loop ;; label = @6
                block ;; label = @7
                  local.get 9
                  local.get 12
                  i32.add
                  i32.load8_u
                  i32.const 10
                  i32.ne
                  br_if 0 (;@7;)
                  local.get 12
                  local.set 0
                  br 2 (;@5;)
                end
                local.get 10
                local.get 12
                i32.const 1
                i32.add
                local.tee 12
                i32.ne
                br_if 0 (;@6;)
              end
              local.get 2
              local.set 7
              br 2 (;@3;)
            end
            local.get 0
            local.get 7
            i32.add
            local.tee 12
            i32.const 1
            i32.add
            local.set 7
            block ;; label = @5
              local.get 12
              local.get 2
              i32.ge_u
              br_if 0 (;@5;)
              local.get 9
              local.get 0
              i32.add
              i32.load8_u
              i32.const 10
              i32.ne
              br_if 0 (;@5;)
              i32.const 0
              local.set 9
              local.get 7
              local.set 11
              local.get 7
              local.set 0
              br 3 (;@2;)
            end
            local.get 7
            local.get 2
            i32.le_u
            br_if 0 (;@4;)
          end
        end
        i32.const 1
        local.set 9
        local.get 8
        local.set 11
        local.get 2
        local.set 0
        local.get 8
        local.get 2
        i32.ne
        br_if 0 (;@2;)
        i32.const 0
        return
      end
      block ;; label = @2
        local.get 6
        i32.load8_u
        i32.eqz
        br_if 0 (;@2;)
        local.get 5
        i32.const 1054404
        i32.const 4
        local.get 4
        i32.load offset=12
        call_indirect (type 3)
        i32.eqz
        br_if 0 (;@2;)
        i32.const 1
        return
      end
      local.get 0
      local.get 8
      i32.sub
      local.set 10
      i32.const 0
      local.set 12
      block ;; label = @2
        local.get 0
        local.get 8
        i32.eq
        br_if 0 (;@2;)
        local.get 3
        local.get 0
        i32.add
        i32.load8_u
        i32.const 10
        i32.eq
        local.set 12
      end
      local.get 1
      local.get 8
      i32.add
      local.set 0
      local.get 6
      local.get 12
      i32.store8
      local.get 11
      local.set 8
      local.get 5
      local.get 0
      local.get 10
      local.get 4
      i32.load offset=12
      call_indirect (type 3)
      local.tee 0
      local.get 9
      i32.or
      i32.eqz
      br_if 0 (;@1;)
    end
    local.get 0
  )
  (func $_ZN68_$LT$core..fmt..builders..PadAdapter$u20$as$u20$core..fmt..Write$GT$10write_char17h52a6b8053b63ead6E (;153;) (type 2) (param i32 i32) (result i32)
    (local i32 i32)
    local.get 0
    i32.load offset=4
    local.set 2
    local.get 0
    i32.load
    local.set 3
    block ;; label = @1
      local.get 0
      i32.load offset=8
      local.tee 0
      i32.load8_u
      i32.eqz
      br_if 0 (;@1;)
      local.get 3
      i32.const 1054404
      i32.const 4
      local.get 2
      i32.load offset=12
      call_indirect (type 3)
      i32.eqz
      br_if 0 (;@1;)
      i32.const 1
      return
    end
    local.get 0
    local.get 1
    i32.const 10
    i32.eq
    i32.store8
    local.get 3
    local.get 1
    local.get 2
    i32.load offset=16
    call_indirect (type 2)
  )
  (func $_ZN4core3fmt8builders10DebugTuple5field17hc671aa904c4ae4e7E (;154;) (type 3) (param i32 i32 i32) (result i32)
    (local i32 i32 i32 i32 i32 i64)
    global.get $__stack_pointer
    i32.const 64
    i32.sub
    local.tee 3
    global.set $__stack_pointer
    local.get 0
    i32.load
    local.set 4
    i32.const 1
    local.set 5
    block ;; label = @1
      local.get 0
      i32.load8_u offset=8
      br_if 0 (;@1;)
      block ;; label = @2
        local.get 0
        i32.load offset=4
        local.tee 6
        i32.load offset=28
        local.tee 7
        i32.const 4
        i32.and
        br_if 0 (;@2;)
        i32.const 1
        local.set 5
        local.get 6
        i32.load offset=20
        i32.const 1054411
        i32.const 1054421
        local.get 4
        select
        i32.const 2
        i32.const 1
        local.get 4
        select
        local.get 6
        i32.load offset=24
        i32.load offset=12
        call_indirect (type 3)
        br_if 1 (;@1;)
        local.get 1
        local.get 6
        local.get 2
        i32.load offset=12
        call_indirect (type 2)
        local.set 5
        br 1 (;@1;)
      end
      block ;; label = @2
        local.get 4
        br_if 0 (;@2;)
        i32.const 1
        local.set 5
        local.get 6
        i32.load offset=20
        i32.const 1054422
        i32.const 2
        local.get 6
        i32.load offset=24
        i32.load offset=12
        call_indirect (type 3)
        br_if 1 (;@1;)
        local.get 6
        i32.load offset=28
        local.set 7
      end
      i32.const 1
      local.set 5
      local.get 3
      i32.const 1
      i32.store8 offset=27
      local.get 3
      local.get 6
      i64.load offset=20 align=4
      i64.store offset=12 align=4
      local.get 3
      i32.const 1054380
      i32.store offset=52
      local.get 3
      local.get 3
      i32.const 27
      i32.add
      i32.store offset=20
      local.get 3
      local.get 6
      i64.load offset=8 align=4
      i64.store offset=36 align=4
      local.get 6
      i64.load align=4
      local.set 8
      local.get 3
      local.get 7
      i32.store offset=56
      local.get 3
      local.get 6
      i32.load offset=16
      i32.store offset=44
      local.get 3
      local.get 6
      i32.load8_u offset=32
      i32.store8 offset=60
      local.get 3
      local.get 8
      i64.store offset=28 align=4
      local.get 3
      local.get 3
      i32.const 12
      i32.add
      i32.store offset=48
      local.get 1
      local.get 3
      i32.const 28
      i32.add
      local.get 2
      i32.load offset=12
      call_indirect (type 2)
      br_if 0 (;@1;)
      local.get 3
      i32.load offset=48
      i32.const 1054416
      i32.const 2
      local.get 3
      i32.load offset=52
      i32.load offset=12
      call_indirect (type 3)
      local.set 5
    end
    local.get 0
    local.get 5
    i32.store8 offset=8
    local.get 0
    local.get 4
    i32.const 1
    i32.add
    i32.store
    local.get 3
    i32.const 64
    i32.add
    global.set $__stack_pointer
    local.get 0
  )
  (func $_ZN4core3fmt9Formatter12pad_integral17h06c5e6c32e3daed0E (;155;) (type 14) (param i32 i32 i32 i32 i32 i32) (result i32)
    (local i32 i32 i32 i32 i32 i32 i32)
    block ;; label = @1
      block ;; label = @2
        local.get 1
        br_if 0 (;@2;)
        local.get 5
        i32.const 1
        i32.add
        local.set 6
        local.get 0
        i32.load offset=28
        local.set 7
        i32.const 45
        local.set 8
        br 1 (;@1;)
      end
      i32.const 43
      i32.const 1114112
      local.get 0
      i32.load offset=28
      local.tee 7
      i32.const 1
      i32.and
      local.tee 1
      select
      local.set 8
      local.get 1
      local.get 5
      i32.add
      local.set 6
    end
    block ;; label = @1
      block ;; label = @2
        local.get 7
        i32.const 4
        i32.and
        br_if 0 (;@2;)
        i32.const 0
        local.set 2
        br 1 (;@1;)
      end
      block ;; label = @2
        block ;; label = @3
          local.get 3
          i32.const 16
          i32.lt_u
          br_if 0 (;@3;)
          local.get 2
          local.get 3
          call $_ZN4core3str5count14do_count_chars17hc54d16a2a4abdb8aE
          local.set 1
          br 1 (;@2;)
        end
        block ;; label = @3
          local.get 3
          br_if 0 (;@3;)
          i32.const 0
          local.set 1
          br 1 (;@2;)
        end
        local.get 3
        i32.const 3
        i32.and
        local.set 9
        block ;; label = @3
          block ;; label = @4
            local.get 3
            i32.const 4
            i32.ge_u
            br_if 0 (;@4;)
            i32.const 0
            local.set 1
            i32.const 0
            local.set 10
            br 1 (;@3;)
          end
          local.get 3
          i32.const 12
          i32.and
          local.set 11
          i32.const 0
          local.set 1
          i32.const 0
          local.set 10
          loop ;; label = @4
            local.get 1
            local.get 2
            local.get 10
            i32.add
            local.tee 12
            i32.load8_s
            i32.const -65
            i32.gt_s
            i32.add
            local.get 12
            i32.const 1
            i32.add
            i32.load8_s
            i32.const -65
            i32.gt_s
            i32.add
            local.get 12
            i32.const 2
            i32.add
            i32.load8_s
            i32.const -65
            i32.gt_s
            i32.add
            local.get 12
            i32.const 3
            i32.add
            i32.load8_s
            i32.const -65
            i32.gt_s
            i32.add
            local.set 1
            local.get 11
            local.get 10
            i32.const 4
            i32.add
            local.tee 10
            i32.ne
            br_if 0 (;@4;)
          end
        end
        local.get 9
        i32.eqz
        br_if 0 (;@2;)
        local.get 2
        local.get 10
        i32.add
        local.set 12
        loop ;; label = @3
          local.get 1
          local.get 12
          i32.load8_s
          i32.const -65
          i32.gt_s
          i32.add
          local.set 1
          local.get 12
          i32.const 1
          i32.add
          local.set 12
          local.get 9
          i32.const -1
          i32.add
          local.tee 9
          br_if 0 (;@3;)
        end
      end
      local.get 1
      local.get 6
      i32.add
      local.set 6
    end
    block ;; label = @1
      block ;; label = @2
        local.get 0
        i32.load
        br_if 0 (;@2;)
        i32.const 1
        local.set 1
        local.get 0
        i32.load offset=20
        local.tee 12
        local.get 0
        i32.load offset=24
        local.tee 10
        local.get 8
        local.get 2
        local.get 3
        call $_ZN4core3fmt9Formatter12pad_integral12write_prefix17hc928a7ac3202f634E
        br_if 1 (;@1;)
        local.get 12
        local.get 4
        local.get 5
        local.get 10
        i32.load offset=12
        call_indirect (type 3)
        return
      end
      block ;; label = @2
        local.get 0
        i32.load offset=4
        local.tee 9
        local.get 6
        i32.gt_u
        br_if 0 (;@2;)
        i32.const 1
        local.set 1
        local.get 0
        i32.load offset=20
        local.tee 12
        local.get 0
        i32.load offset=24
        local.tee 10
        local.get 8
        local.get 2
        local.get 3
        call $_ZN4core3fmt9Formatter12pad_integral12write_prefix17hc928a7ac3202f634E
        br_if 1 (;@1;)
        local.get 12
        local.get 4
        local.get 5
        local.get 10
        i32.load offset=12
        call_indirect (type 3)
        return
      end
      block ;; label = @2
        local.get 7
        i32.const 8
        i32.and
        i32.eqz
        br_if 0 (;@2;)
        local.get 0
        i32.load offset=16
        local.set 11
        local.get 0
        i32.const 48
        i32.store offset=16
        local.get 0
        i32.load8_u offset=32
        local.set 7
        i32.const 1
        local.set 1
        local.get 0
        i32.const 1
        i32.store8 offset=32
        local.get 0
        i32.load offset=20
        local.tee 12
        local.get 0
        i32.load offset=24
        local.tee 10
        local.get 8
        local.get 2
        local.get 3
        call $_ZN4core3fmt9Formatter12pad_integral12write_prefix17hc928a7ac3202f634E
        br_if 1 (;@1;)
        local.get 9
        local.get 6
        i32.sub
        i32.const 1
        i32.add
        local.set 1
        block ;; label = @3
          loop ;; label = @4
            local.get 1
            i32.const -1
            i32.add
            local.tee 1
            i32.eqz
            br_if 1 (;@3;)
            local.get 12
            i32.const 48
            local.get 10
            i32.load offset=16
            call_indirect (type 2)
            i32.eqz
            br_if 0 (;@4;)
          end
          i32.const 1
          return
        end
        i32.const 1
        local.set 1
        local.get 12
        local.get 4
        local.get 5
        local.get 10
        i32.load offset=12
        call_indirect (type 3)
        br_if 1 (;@1;)
        local.get 0
        local.get 7
        i32.store8 offset=32
        local.get 0
        local.get 11
        i32.store offset=16
        i32.const 0
        local.set 1
        br 1 (;@1;)
      end
      local.get 9
      local.get 6
      i32.sub
      local.set 6
      block ;; label = @2
        block ;; label = @3
          block ;; label = @4
            local.get 0
            i32.load8_u offset=32
            local.tee 1
            br_table 2 (;@2;) 0 (;@4;) 1 (;@3;) 0 (;@4;) 2 (;@2;)
          end
          local.get 6
          local.set 1
          i32.const 0
          local.set 6
          br 1 (;@2;)
        end
        local.get 6
        i32.const 1
        i32.shr_u
        local.set 1
        local.get 6
        i32.const 1
        i32.add
        i32.const 1
        i32.shr_u
        local.set 6
      end
      local.get 1
      i32.const 1
      i32.add
      local.set 1
      local.get 0
      i32.load offset=16
      local.set 9
      local.get 0
      i32.load offset=24
      local.set 12
      local.get 0
      i32.load offset=20
      local.set 10
      block ;; label = @2
        loop ;; label = @3
          local.get 1
          i32.const -1
          i32.add
          local.tee 1
          i32.eqz
          br_if 1 (;@2;)
          local.get 10
          local.get 9
          local.get 12
          i32.load offset=16
          call_indirect (type 2)
          i32.eqz
          br_if 0 (;@3;)
        end
        i32.const 1
        return
      end
      i32.const 1
      local.set 1
      local.get 10
      local.get 12
      local.get 8
      local.get 2
      local.get 3
      call $_ZN4core3fmt9Formatter12pad_integral12write_prefix17hc928a7ac3202f634E
      br_if 0 (;@1;)
      local.get 10
      local.get 4
      local.get 5
      local.get 12
      i32.load offset=12
      call_indirect (type 3)
      br_if 0 (;@1;)
      i32.const 0
      local.set 1
      loop ;; label = @2
        block ;; label = @3
          local.get 6
          local.get 1
          i32.ne
          br_if 0 (;@3;)
          local.get 6
          local.get 6
          i32.lt_u
          return
        end
        local.get 1
        i32.const 1
        i32.add
        local.set 1
        local.get 10
        local.get 9
        local.get 12
        i32.load offset=16
        call_indirect (type 2)
        i32.eqz
        br_if 0 (;@2;)
      end
      local.get 1
      i32.const -1
      i32.add
      local.get 6
      i32.lt_u
      return
    end
    local.get 1
  )
  (func $_ZN4core3fmt5Write9write_fmt17h61441180cd0c895bE (;156;) (type 2) (param i32 i32) (result i32)
    local.get 0
    i32.const 1054380
    local.get 1
    call $_ZN4core3fmt5write17hdf77305f121672daE
  )
  (func $_ZN4core3str5count14do_count_chars17hc54d16a2a4abdb8aE (;157;) (type 2) (param i32 i32) (result i32)
    (local i32 i32 i32 i32 i32 i32 i32 i32)
    block ;; label = @1
      block ;; label = @2
        local.get 1
        local.get 0
        i32.const 3
        i32.add
        i32.const -4
        i32.and
        local.tee 2
        local.get 0
        i32.sub
        local.tee 3
        i32.lt_u
        br_if 0 (;@2;)
        local.get 1
        local.get 3
        i32.sub
        local.tee 4
        i32.const 4
        i32.lt_u
        br_if 0 (;@2;)
        local.get 4
        i32.const 3
        i32.and
        local.set 5
        i32.const 0
        local.set 6
        i32.const 0
        local.set 1
        block ;; label = @3
          local.get 2
          local.get 0
          i32.eq
          local.tee 7
          br_if 0 (;@3;)
          i32.const 0
          local.set 1
          block ;; label = @4
            block ;; label = @5
              local.get 0
              local.get 2
              i32.sub
              local.tee 8
              i32.const -4
              i32.le_u
              br_if 0 (;@5;)
              i32.const 0
              local.set 9
              br 1 (;@4;)
            end
            i32.const 0
            local.set 9
            loop ;; label = @5
              local.get 1
              local.get 0
              local.get 9
              i32.add
              local.tee 2
              i32.load8_s
              i32.const -65
              i32.gt_s
              i32.add
              local.get 2
              i32.const 1
              i32.add
              i32.load8_s
              i32.const -65
              i32.gt_s
              i32.add
              local.get 2
              i32.const 2
              i32.add
              i32.load8_s
              i32.const -65
              i32.gt_s
              i32.add
              local.get 2
              i32.const 3
              i32.add
              i32.load8_s
              i32.const -65
              i32.gt_s
              i32.add
              local.set 1
              local.get 9
              i32.const 4
              i32.add
              local.tee 9
              br_if 0 (;@5;)
            end
          end
          local.get 7
          br_if 0 (;@3;)
          local.get 0
          local.get 9
          i32.add
          local.set 2
          loop ;; label = @4
            local.get 1
            local.get 2
            i32.load8_s
            i32.const -65
            i32.gt_s
            i32.add
            local.set 1
            local.get 2
            i32.const 1
            i32.add
            local.set 2
            local.get 8
            i32.const 1
            i32.add
            local.tee 8
            br_if 0 (;@4;)
          end
        end
        local.get 0
        local.get 3
        i32.add
        local.set 9
        block ;; label = @3
          local.get 5
          i32.eqz
          br_if 0 (;@3;)
          local.get 9
          local.get 4
          i32.const -4
          i32.and
          i32.add
          local.tee 2
          i32.load8_s
          i32.const -65
          i32.gt_s
          local.set 6
          local.get 5
          i32.const 1
          i32.eq
          br_if 0 (;@3;)
          local.get 6
          local.get 2
          i32.load8_s offset=1
          i32.const -65
          i32.gt_s
          i32.add
          local.set 6
          local.get 5
          i32.const 2
          i32.eq
          br_if 0 (;@3;)
          local.get 6
          local.get 2
          i32.load8_s offset=2
          i32.const -65
          i32.gt_s
          i32.add
          local.set 6
        end
        local.get 4
        i32.const 2
        i32.shr_u
        local.set 3
        local.get 6
        local.get 1
        i32.add
        local.set 8
        loop ;; label = @3
          local.get 9
          local.set 4
          local.get 3
          i32.eqz
          br_if 2 (;@1;)
          local.get 3
          i32.const 192
          local.get 3
          i32.const 192
          i32.lt_u
          select
          local.tee 6
          i32.const 3
          i32.and
          local.set 7
          local.get 6
          i32.const 2
          i32.shl
          local.set 5
          i32.const 0
          local.set 2
          block ;; label = @4
            local.get 3
            i32.const 4
            i32.lt_u
            br_if 0 (;@4;)
            local.get 4
            local.get 5
            i32.const 1008
            i32.and
            i32.add
            local.set 0
            i32.const 0
            local.set 2
            local.get 4
            local.set 1
            loop ;; label = @5
              local.get 1
              i32.load offset=12
              local.tee 9
              i32.const -1
              i32.xor
              i32.const 7
              i32.shr_u
              local.get 9
              i32.const 6
              i32.shr_u
              i32.or
              i32.const 16843009
              i32.and
              local.get 1
              i32.load offset=8
              local.tee 9
              i32.const -1
              i32.xor
              i32.const 7
              i32.shr_u
              local.get 9
              i32.const 6
              i32.shr_u
              i32.or
              i32.const 16843009
              i32.and
              local.get 1
              i32.load offset=4
              local.tee 9
              i32.const -1
              i32.xor
              i32.const 7
              i32.shr_u
              local.get 9
              i32.const 6
              i32.shr_u
              i32.or
              i32.const 16843009
              i32.and
              local.get 1
              i32.load
              local.tee 9
              i32.const -1
              i32.xor
              i32.const 7
              i32.shr_u
              local.get 9
              i32.const 6
              i32.shr_u
              i32.or
              i32.const 16843009
              i32.and
              local.get 2
              i32.add
              i32.add
              i32.add
              i32.add
              local.set 2
              local.get 1
              i32.const 16
              i32.add
              local.tee 1
              local.get 0
              i32.ne
              br_if 0 (;@5;)
            end
          end
          local.get 3
          local.get 6
          i32.sub
          local.set 3
          local.get 4
          local.get 5
          i32.add
          local.set 9
          local.get 2
          i32.const 8
          i32.shr_u
          i32.const 16711935
          i32.and
          local.get 2
          i32.const 16711935
          i32.and
          i32.add
          i32.const 65537
          i32.mul
          i32.const 16
          i32.shr_u
          local.get 8
          i32.add
          local.set 8
          local.get 7
          i32.eqz
          br_if 0 (;@3;)
        end
        local.get 4
        local.get 6
        i32.const 252
        i32.and
        i32.const 2
        i32.shl
        i32.add
        local.tee 2
        i32.load
        local.tee 1
        i32.const -1
        i32.xor
        i32.const 7
        i32.shr_u
        local.get 1
        i32.const 6
        i32.shr_u
        i32.or
        i32.const 16843009
        i32.and
        local.set 1
        block ;; label = @3
          local.get 7
          i32.const 1
          i32.eq
          br_if 0 (;@3;)
          local.get 2
          i32.load offset=4
          local.tee 9
          i32.const -1
          i32.xor
          i32.const 7
          i32.shr_u
          local.get 9
          i32.const 6
          i32.shr_u
          i32.or
          i32.const 16843009
          i32.and
          local.get 1
          i32.add
          local.set 1
          local.get 7
          i32.const 2
          i32.eq
          br_if 0 (;@3;)
          local.get 2
          i32.load offset=8
          local.tee 2
          i32.const -1
          i32.xor
          i32.const 7
          i32.shr_u
          local.get 2
          i32.const 6
          i32.shr_u
          i32.or
          i32.const 16843009
          i32.and
          local.get 1
          i32.add
          local.set 1
        end
        local.get 1
        i32.const 8
        i32.shr_u
        i32.const 459007
        i32.and
        local.get 1
        i32.const 16711935
        i32.and
        i32.add
        i32.const 65537
        i32.mul
        i32.const 16
        i32.shr_u
        local.get 8
        i32.add
        return
      end
      block ;; label = @2
        local.get 1
        br_if 0 (;@2;)
        i32.const 0
        return
      end
      local.get 1
      i32.const 3
      i32.and
      local.set 9
      block ;; label = @2
        block ;; label = @3
          local.get 1
          i32.const 4
          i32.ge_u
          br_if 0 (;@3;)
          i32.const 0
          local.set 8
          i32.const 0
          local.set 2
          br 1 (;@2;)
        end
        local.get 1
        i32.const -4
        i32.and
        local.set 3
        i32.const 0
        local.set 8
        i32.const 0
        local.set 2
        loop ;; label = @3
          local.get 8
          local.get 0
          local.get 2
          i32.add
          local.tee 1
          i32.load8_s
          i32.const -65
          i32.gt_s
          i32.add
          local.get 1
          i32.const 1
          i32.add
          i32.load8_s
          i32.const -65
          i32.gt_s
          i32.add
          local.get 1
          i32.const 2
          i32.add
          i32.load8_s
          i32.const -65
          i32.gt_s
          i32.add
          local.get 1
          i32.const 3
          i32.add
          i32.load8_s
          i32.const -65
          i32.gt_s
          i32.add
          local.set 8
          local.get 3
          local.get 2
          i32.const 4
          i32.add
          local.tee 2
          i32.ne
          br_if 0 (;@3;)
        end
      end
      local.get 9
      i32.eqz
      br_if 0 (;@1;)
      local.get 0
      local.get 2
      i32.add
      local.set 1
      loop ;; label = @2
        local.get 8
        local.get 1
        i32.load8_s
        i32.const -65
        i32.gt_s
        i32.add
        local.set 8
        local.get 1
        i32.const 1
        i32.add
        local.set 1
        local.get 9
        i32.const -1
        i32.add
        local.tee 9
        br_if 0 (;@2;)
      end
    end
    local.get 8
  )
  (func $_ZN4core3fmt9Formatter12pad_integral12write_prefix17hc928a7ac3202f634E (;158;) (type 12) (param i32 i32 i32 i32 i32) (result i32)
    (local i32)
    block ;; label = @1
      block ;; label = @2
        block ;; label = @3
          local.get 2
          i32.const 1114112
          i32.eq
          br_if 0 (;@3;)
          i32.const 1
          local.set 5
          local.get 0
          local.get 2
          local.get 1
          i32.load offset=16
          call_indirect (type 2)
          br_if 1 (;@2;)
        end
        local.get 3
        br_if 1 (;@1;)
        i32.const 0
        local.set 5
      end
      local.get 5
      return
    end
    local.get 0
    local.get 3
    local.get 4
    local.get 1
    i32.load offset=12
    call_indirect (type 3)
  )
  (func $_ZN4core3fmt9Formatter9write_str17h68a0391ec6917d15E (;159;) (type 3) (param i32 i32 i32) (result i32)
    local.get 0
    i32.load offset=20
    local.get 1
    local.get 2
    local.get 0
    i32.load offset=24
    i32.load offset=12
    call_indirect (type 3)
  )
  (func $_ZN4core3fmt9Formatter26debug_struct_field2_finish17h4c701208d9d9ef1cE (;160;) (type 15) (param i32 i32 i32 i32 i32 i32 i32 i32 i32 i32 i32) (result i32)
    (local i32)
    global.get $__stack_pointer
    i32.const 16
    i32.sub
    local.tee 11
    global.set $__stack_pointer
    local.get 0
    i32.load offset=20
    local.get 1
    local.get 2
    local.get 0
    i32.load offset=24
    i32.load offset=12
    call_indirect (type 3)
    local.set 2
    local.get 11
    i32.const 0
    i32.store8 offset=13
    local.get 11
    local.get 2
    i32.store8 offset=12
    local.get 11
    local.get 0
    i32.store offset=8
    local.get 11
    i32.const 8
    i32.add
    local.get 3
    local.get 4
    local.get 5
    local.get 6
    call $_ZN4core3fmt8builders11DebugStruct5field17h6c7ac6812dca23deE
    local.get 7
    local.get 8
    local.get 9
    local.get 10
    call $_ZN4core3fmt8builders11DebugStruct5field17h6c7ac6812dca23deE
    local.set 1
    local.get 11
    i32.load8_u offset=12
    local.set 2
    block ;; label = @1
      block ;; label = @2
        local.get 11
        i32.load8_u offset=13
        br_if 0 (;@2;)
        local.get 2
        i32.const 255
        i32.and
        i32.const 0
        i32.ne
        local.set 0
        br 1 (;@1;)
      end
      i32.const 1
      local.set 0
      local.get 2
      i32.const 255
      i32.and
      br_if 0 (;@1;)
      block ;; label = @2
        local.get 1
        i32.load
        local.tee 0
        i32.load8_u offset=28
        i32.const 4
        i32.and
        br_if 0 (;@2;)
        local.get 0
        i32.load offset=20
        i32.const 1054419
        i32.const 2
        local.get 0
        i32.load offset=24
        i32.load offset=12
        call_indirect (type 3)
        local.set 0
        br 1 (;@1;)
      end
      local.get 0
      i32.load offset=20
      i32.const 1054418
      i32.const 1
      local.get 0
      i32.load offset=24
      i32.load offset=12
      call_indirect (type 3)
      local.set 0
    end
    local.get 11
    i32.const 16
    i32.add
    global.set $__stack_pointer
    local.get 0
  )
  (func $_ZN4core3fmt9Formatter25debug_tuple_field1_finish17hb19dff17533bcb65E (;161;) (type 12) (param i32 i32 i32 i32 i32) (result i32)
    (local i32)
    global.get $__stack_pointer
    i32.const 16
    i32.sub
    local.tee 5
    global.set $__stack_pointer
    local.get 5
    local.get 0
    i32.load offset=20
    local.get 1
    local.get 2
    local.get 0
    i32.load offset=24
    i32.load offset=12
    call_indirect (type 3)
    i32.store8 offset=12
    local.get 5
    local.get 0
    i32.store offset=8
    local.get 5
    local.get 2
    i32.eqz
    i32.store8 offset=13
    local.get 5
    i32.const 0
    i32.store offset=4
    local.get 5
    i32.const 4
    i32.add
    local.get 3
    local.get 4
    call $_ZN4core3fmt8builders10DebugTuple5field17hc671aa904c4ae4e7E
    local.set 0
    local.get 5
    i32.load8_u offset=12
    local.set 2
    block ;; label = @1
      block ;; label = @2
        local.get 0
        i32.load
        local.tee 1
        br_if 0 (;@2;)
        local.get 2
        i32.const 255
        i32.and
        i32.const 0
        i32.ne
        local.set 0
        br 1 (;@1;)
      end
      i32.const 1
      local.set 0
      local.get 2
      i32.const 255
      i32.and
      br_if 0 (;@1;)
      local.get 5
      i32.load offset=8
      local.set 2
      block ;; label = @2
        local.get 1
        i32.const 1
        i32.ne
        br_if 0 (;@2;)
        local.get 5
        i32.load8_u offset=13
        i32.const 255
        i32.and
        i32.eqz
        br_if 0 (;@2;)
        local.get 2
        i32.load8_u offset=28
        i32.const 4
        i32.and
        br_if 0 (;@2;)
        i32.const 1
        local.set 0
        local.get 2
        i32.load offset=20
        i32.const 1054424
        i32.const 1
        local.get 2
        i32.load offset=24
        i32.load offset=12
        call_indirect (type 3)
        br_if 1 (;@1;)
      end
      local.get 2
      i32.load offset=20
      i32.const 1054096
      i32.const 1
      local.get 2
      i32.load offset=24
      i32.load offset=12
      call_indirect (type 3)
      local.set 0
    end
    local.get 5
    i32.const 16
    i32.add
    global.set $__stack_pointer
    local.get 0
  )
  (func $_ZN43_$LT$bool$u20$as$u20$core..fmt..Display$GT$3fmt17h3e64010fd10608a2E (;162;) (type 2) (param i32 i32) (result i32)
    block ;; label = @1
      local.get 0
      i32.load8_u
      br_if 0 (;@1;)
      local.get 1
      i32.const 1054670
      i32.const 5
      call $_ZN4core3fmt9Formatter3pad17h66d3b3784a01202dE
      return
    end
    local.get 1
    i32.const 1054675
    i32.const 4
    call $_ZN4core3fmt9Formatter3pad17h66d3b3784a01202dE
  )
  (func $_ZN42_$LT$str$u20$as$u20$core..fmt..Display$GT$3fmt17h769b373b40599ef6E (;163;) (type 3) (param i32 i32 i32) (result i32)
    local.get 2
    local.get 0
    local.get 1
    call $_ZN4core3fmt9Formatter3pad17h66d3b3784a01202dE
  )
  (func $_ZN4core5slice6memchr14memchr_aligned17h901cea4919202cedE (;164;) (type 7) (param i32 i32 i32 i32)
    (local i32 i32 i32 i32 i32)
    block ;; label = @1
      block ;; label = @2
        block ;; label = @3
          block ;; label = @4
            local.get 2
            i32.const 3
            i32.add
            i32.const -4
            i32.and
            local.tee 4
            local.get 2
            i32.eq
            br_if 0 (;@4;)
            local.get 4
            local.get 2
            i32.sub
            local.tee 4
            local.get 3
            local.get 4
            local.get 3
            i32.lt_u
            select
            local.tee 4
            i32.eqz
            br_if 0 (;@4;)
            i32.const 0
            local.set 5
            local.get 1
            i32.const 255
            i32.and
            local.set 6
            i32.const 1
            local.set 7
            loop ;; label = @5
              local.get 2
              local.get 5
              i32.add
              i32.load8_u
              local.get 6
              i32.eq
              br_if 4 (;@1;)
              local.get 4
              local.get 5
              i32.const 1
              i32.add
              local.tee 5
              i32.ne
              br_if 0 (;@5;)
            end
            local.get 4
            local.get 3
            i32.const -8
            i32.add
            local.tee 8
            i32.gt_u
            br_if 2 (;@2;)
            br 1 (;@3;)
          end
          local.get 3
          i32.const -8
          i32.add
          local.set 8
          i32.const 0
          local.set 4
        end
        local.get 1
        i32.const 255
        i32.and
        i32.const 16843009
        i32.mul
        local.set 5
        loop ;; label = @3
          local.get 2
          local.get 4
          i32.add
          local.tee 6
          i32.const 4
          i32.add
          i32.load
          local.get 5
          i32.xor
          local.tee 7
          i32.const -16843009
          i32.add
          local.get 7
          i32.const -1
          i32.xor
          i32.and
          local.get 6
          i32.load
          local.get 5
          i32.xor
          local.tee 6
          i32.const -16843009
          i32.add
          local.get 6
          i32.const -1
          i32.xor
          i32.and
          i32.or
          i32.const -2139062144
          i32.and
          br_if 1 (;@2;)
          local.get 4
          i32.const 8
          i32.add
          local.tee 4
          local.get 8
          i32.le_u
          br_if 0 (;@3;)
        end
      end
      block ;; label = @2
        local.get 4
        local.get 3
        i32.eq
        br_if 0 (;@2;)
        local.get 1
        i32.const 255
        i32.and
        local.set 5
        i32.const 1
        local.set 7
        loop ;; label = @3
          block ;; label = @4
            local.get 2
            local.get 4
            i32.add
            i32.load8_u
            local.get 5
            i32.ne
            br_if 0 (;@4;)
            local.get 4
            local.set 5
            br 3 (;@1;)
          end
          local.get 3
          local.get 4
          i32.const 1
          i32.add
          local.tee 4
          i32.ne
          br_if 0 (;@3;)
        end
      end
      i32.const 0
      local.set 7
    end
    local.get 0
    local.get 5
    i32.store offset=4
    local.get 0
    local.get 7
    i32.store
  )
  (func $_ZN4core5slice6memchr7memrchr17heaf6f12d63cf8d2cE (;165;) (type 7) (param i32 i32 i32 i32)
    (local i32 i32 i32 i32 i32 i32)
    local.get 3
    i32.const 0
    local.get 3
    local.get 2
    i32.const 3
    i32.add
    i32.const -4
    i32.and
    local.get 2
    i32.sub
    local.tee 4
    i32.sub
    i32.const 7
    i32.and
    local.get 3
    local.get 4
    i32.lt_u
    select
    local.tee 5
    i32.sub
    local.set 6
    block ;; label = @1
      block ;; label = @2
        block ;; label = @3
          block ;; label = @4
            local.get 3
            local.get 5
            i32.lt_u
            br_if 0 (;@4;)
            block ;; label = @5
              local.get 5
              i32.eqz
              br_if 0 (;@5;)
              local.get 2
              local.get 3
              i32.add
              local.tee 5
              local.get 2
              local.get 6
              i32.add
              local.tee 7
              i32.sub
              local.set 8
              block ;; label = @6
                block ;; label = @7
                  local.get 5
                  i32.const -1
                  i32.add
                  local.tee 9
                  i32.load8_u
                  local.get 1
                  i32.const 255
                  i32.and
                  i32.ne
                  br_if 0 (;@7;)
                  local.get 8
                  i32.const -1
                  i32.add
                  local.set 4
                  br 1 (;@6;)
                end
                local.get 7
                local.get 9
                i32.eq
                br_if 1 (;@5;)
                block ;; label = @7
                  local.get 5
                  i32.const -2
                  i32.add
                  local.tee 9
                  i32.load8_u
                  local.get 1
                  i32.const 255
                  i32.and
                  i32.ne
                  br_if 0 (;@7;)
                  local.get 8
                  i32.const -2
                  i32.add
                  local.set 4
                  br 1 (;@6;)
                end
                local.get 7
                local.get 9
                i32.eq
                br_if 1 (;@5;)
                block ;; label = @7
                  local.get 5
                  i32.const -3
                  i32.add
                  local.tee 9
                  i32.load8_u
                  local.get 1
                  i32.const 255
                  i32.and
                  i32.ne
                  br_if 0 (;@7;)
                  local.get 8
                  i32.const -3
                  i32.add
                  local.set 4
                  br 1 (;@6;)
                end
                local.get 7
                local.get 9
                i32.eq
                br_if 1 (;@5;)
                block ;; label = @7
                  local.get 5
                  i32.const -4
                  i32.add
                  local.tee 9
                  i32.load8_u
                  local.get 1
                  i32.const 255
                  i32.and
                  i32.ne
                  br_if 0 (;@7;)
                  local.get 8
                  i32.const -4
                  i32.add
                  local.set 4
                  br 1 (;@6;)
                end
                local.get 7
                local.get 9
                i32.eq
                br_if 1 (;@5;)
                block ;; label = @7
                  local.get 5
                  i32.const -5
                  i32.add
                  local.tee 9
                  i32.load8_u
                  local.get 1
                  i32.const 255
                  i32.and
                  i32.ne
                  br_if 0 (;@7;)
                  local.get 8
                  i32.const -5
                  i32.add
                  local.set 4
                  br 1 (;@6;)
                end
                local.get 7
                local.get 9
                i32.eq
                br_if 1 (;@5;)
                block ;; label = @7
                  local.get 5
                  i32.const -6
                  i32.add
                  local.tee 9
                  i32.load8_u
                  local.get 1
                  i32.const 255
                  i32.and
                  i32.ne
                  br_if 0 (;@7;)
                  local.get 8
                  i32.const -6
                  i32.add
                  local.set 4
                  br 1 (;@6;)
                end
                local.get 7
                local.get 9
                i32.eq
                br_if 1 (;@5;)
                block ;; label = @7
                  local.get 5
                  i32.const -7
                  i32.add
                  local.tee 5
                  i32.load8_u
                  local.get 1
                  i32.const 255
                  i32.and
                  i32.ne
                  br_if 0 (;@7;)
                  local.get 8
                  i32.const -7
                  i32.add
                  local.set 4
                  br 1 (;@6;)
                end
                local.get 7
                local.get 5
                i32.eq
                br_if 1 (;@5;)
                local.get 8
                i32.const -8
                i32.add
                local.set 4
              end
              local.get 4
              local.get 6
              i32.add
              local.set 4
              br 3 (;@2;)
            end
            local.get 4
            local.get 3
            local.get 3
            local.get 4
            i32.gt_u
            select
            local.set 9
            local.get 1
            i32.const 255
            i32.and
            i32.const 16843009
            i32.mul
            local.set 5
            block ;; label = @5
              loop ;; label = @6
                local.get 6
                local.tee 4
                local.get 9
                i32.le_u
                br_if 1 (;@5;)
                local.get 4
                i32.const -8
                i32.add
                local.set 6
                local.get 2
                local.get 4
                i32.add
                local.tee 8
                i32.const -4
                i32.add
                i32.load
                local.get 5
                i32.xor
                local.tee 7
                i32.const -16843009
                i32.add
                local.get 7
                i32.const -1
                i32.xor
                i32.and
                local.get 8
                i32.const -8
                i32.add
                i32.load
                local.get 5
                i32.xor
                local.tee 8
                i32.const -16843009
                i32.add
                local.get 8
                i32.const -1
                i32.xor
                i32.and
                i32.or
                i32.const -2139062144
                i32.and
                i32.eqz
                br_if 0 (;@6;)
              end
            end
            local.get 4
            local.get 3
            i32.gt_u
            br_if 1 (;@3;)
            local.get 2
            i32.const -1
            i32.add
            local.set 5
            local.get 1
            i32.const 255
            i32.and
            local.set 8
            loop ;; label = @5
              block ;; label = @6
                local.get 4
                br_if 0 (;@6;)
                i32.const 0
                local.set 6
                br 5 (;@1;)
              end
              local.get 5
              local.get 4
              i32.add
              local.set 6
              local.get 4
              i32.const -1
              i32.add
              local.set 4
              local.get 6
              i32.load8_u
              local.get 8
              i32.eq
              br_if 3 (;@2;)
              br 0 (;@5;)
            end
          end
          local.get 6
          local.get 3
          i32.const 1054712
          call $_ZN4core5slice5index26slice_start_index_len_fail17hf532ad17fbd34cfbE
          unreachable
        end
        local.get 4
        local.get 3
        i32.const 1054728
        call $_ZN4core5slice5index24slice_end_index_len_fail17hefffba3d17c3a383E
        unreachable
      end
      i32.const 1
      local.set 6
    end
    local.get 0
    local.get 4
    i32.store offset=4
    local.get 0
    local.get 6
    i32.store
  )
  (func $_ZN4core5slice5index29slice_start_index_len_fail_rt17h3772c61c8faabc38E (;166;) (type 4) (param i32 i32 i32)
    (local i32 i64)
    global.get $__stack_pointer
    i32.const 48
    i32.sub
    local.tee 3
    global.set $__stack_pointer
    local.get 3
    local.get 1
    i32.store offset=4
    local.get 3
    local.get 0
    i32.store
    local.get 3
    i32.const 2
    i32.store offset=12
    local.get 3
    i32.const 1054796
    i32.store offset=8
    local.get 3
    i64.const 2
    i64.store offset=20 align=4
    local.get 3
    i32.const 8
    i64.extend_i32_u
    i64.const 32
    i64.shl
    local.tee 4
    local.get 3
    i32.const 4
    i32.add
    i64.extend_i32_u
    i64.or
    i64.store offset=40
    local.get 3
    local.get 4
    local.get 3
    i64.extend_i32_u
    i64.or
    i64.store offset=32
    local.get 3
    local.get 3
    i32.const 32
    i32.add
    i32.store offset=16
    local.get 3
    i32.const 8
    i32.add
    local.get 2
    call $_ZN4core9panicking9panic_fmt17hce5c13620e7e8ff3E
    unreachable
  )
  (func $_ZN4core5slice5index27slice_end_index_len_fail_rt17hf2ef66312e7815f2E (;167;) (type 4) (param i32 i32 i32)
    (local i32 i64)
    global.get $__stack_pointer
    i32.const 48
    i32.sub
    local.tee 3
    global.set $__stack_pointer
    local.get 3
    local.get 1
    i32.store offset=4
    local.get 3
    local.get 0
    i32.store
    local.get 3
    i32.const 2
    i32.store offset=12
    local.get 3
    i32.const 1054828
    i32.store offset=8
    local.get 3
    i64.const 2
    i64.store offset=20 align=4
    local.get 3
    i32.const 8
    i64.extend_i32_u
    i64.const 32
    i64.shl
    local.tee 4
    local.get 3
    i32.const 4
    i32.add
    i64.extend_i32_u
    i64.or
    i64.store offset=40
    local.get 3
    local.get 4
    local.get 3
    i64.extend_i32_u
    i64.or
    i64.store offset=32
    local.get 3
    local.get 3
    i32.const 32
    i32.add
    i32.store offset=16
    local.get 3
    i32.const 8
    i32.add
    local.get 2
    call $_ZN4core9panicking9panic_fmt17hce5c13620e7e8ff3E
    unreachable
  )
  (func $_ZN4core3fmt3num52_$LT$impl$u20$core..fmt..UpperHex$u20$for$u20$i8$GT$3fmt17h09185694da77f675E (;168;) (type 2) (param i32 i32) (result i32)
    (local i32 i32 i32)
    global.get $__stack_pointer
    i32.const 128
    i32.sub
    local.tee 2
    global.set $__stack_pointer
    local.get 0
    i32.load8_u
    local.set 3
    i32.const 0
    local.set 0
    loop ;; label = @1
      local.get 2
      local.get 0
      i32.add
      i32.const 127
      i32.add
      local.get 3
      i32.const 15
      i32.and
      local.tee 4
      i32.const 48
      i32.or
      local.get 4
      i32.const 55
      i32.add
      local.get 4
      i32.const 10
      i32.lt_u
      select
      i32.store8
      local.get 0
      i32.const -1
      i32.add
      local.set 0
      local.get 3
      i32.const 255
      i32.and
      local.tee 4
      i32.const 4
      i32.shr_u
      local.set 3
      local.get 4
      i32.const 16
      i32.ge_u
      br_if 0 (;@1;)
    end
    block ;; label = @1
      local.get 0
      i32.const 128
      i32.add
      local.tee 3
      i32.const 129
      i32.lt_u
      br_if 0 (;@1;)
      local.get 3
      i32.const 128
      i32.const 1054452
      call $_ZN4core5slice5index26slice_start_index_len_fail17hf532ad17fbd34cfbE
      unreachable
    end
    local.get 1
    i32.const 1
    i32.const 1054468
    i32.const 2
    local.get 2
    local.get 0
    i32.add
    i32.const 128
    i32.add
    i32.const 0
    local.get 0
    i32.sub
    call $_ZN4core3fmt9Formatter12pad_integral17h06c5e6c32e3daed0E
    local.set 0
    local.get 2
    i32.const 128
    i32.add
    global.set $__stack_pointer
    local.get 0
  )
  (func $_ZN4core3fmt3num52_$LT$impl$u20$core..fmt..LowerHex$u20$for$u20$i8$GT$3fmt17hcfe814249022218aE (;169;) (type 2) (param i32 i32) (result i32)
    (local i32 i32 i32)
    global.get $__stack_pointer
    i32.const 128
    i32.sub
    local.tee 2
    global.set $__stack_pointer
    local.get 0
    i32.load8_u
    local.set 3
    i32.const 0
    local.set 0
    loop ;; label = @1
      local.get 2
      local.get 0
      i32.add
      i32.const 127
      i32.add
      local.get 3
      i32.const 15
      i32.and
      local.tee 4
      i32.const 48
      i32.or
      local.get 4
      i32.const 87
      i32.add
      local.get 4
      i32.const 10
      i32.lt_u
      select
      i32.store8
      local.get 0
      i32.const -1
      i32.add
      local.set 0
      local.get 3
      i32.const 255
      i32.and
      local.tee 4
      i32.const 4
      i32.shr_u
      local.set 3
      local.get 4
      i32.const 16
      i32.ge_u
      br_if 0 (;@1;)
    end
    block ;; label = @1
      local.get 0
      i32.const 128
      i32.add
      local.tee 3
      i32.const 129
      i32.lt_u
      br_if 0 (;@1;)
      local.get 3
      i32.const 128
      i32.const 1054452
      call $_ZN4core5slice5index26slice_start_index_len_fail17hf532ad17fbd34cfbE
      unreachable
    end
    local.get 1
    i32.const 1
    i32.const 1054468
    i32.const 2
    local.get 2
    local.get 0
    i32.add
    i32.const 128
    i32.add
    i32.const 0
    local.get 0
    i32.sub
    call $_ZN4core3fmt9Formatter12pad_integral17h06c5e6c32e3daed0E
    local.set 0
    local.get 2
    i32.const 128
    i32.add
    global.set $__stack_pointer
    local.get 0
  )
  (func $_ZN4core3fmt3num3imp7fmt_u6417h5ff854e4b74b924eE (;170;) (type 16) (param i64 i32 i32) (result i32)
    (local i32 i32 i64 i32 i32 i32)
    global.get $__stack_pointer
    i32.const 48
    i32.sub
    local.tee 3
    global.set $__stack_pointer
    i32.const 39
    local.set 4
    block ;; label = @1
      block ;; label = @2
        local.get 0
        i64.const 10000
        i64.ge_u
        br_if 0 (;@2;)
        local.get 0
        local.set 5
        br 1 (;@1;)
      end
      i32.const 39
      local.set 4
      loop ;; label = @2
        local.get 3
        i32.const 9
        i32.add
        local.get 4
        i32.add
        local.tee 6
        i32.const -4
        i32.add
        local.get 0
        local.get 0
        i64.const 10000
        i64.div_u
        local.tee 5
        i64.const 10000
        i64.mul
        i64.sub
        i32.wrap_i64
        local.tee 7
        i32.const 65535
        i32.and
        i32.const 100
        i32.div_u
        local.tee 8
        i32.const 1
        i32.shl
        i32.const 1054470
        i32.add
        i32.load16_u align=1
        i32.store16 align=1
        local.get 6
        i32.const -2
        i32.add
        local.get 7
        local.get 8
        i32.const 100
        i32.mul
        i32.sub
        i32.const 65535
        i32.and
        i32.const 1
        i32.shl
        i32.const 1054470
        i32.add
        i32.load16_u align=1
        i32.store16 align=1
        local.get 4
        i32.const -4
        i32.add
        local.set 4
        local.get 0
        i64.const 99999999
        i64.gt_u
        local.set 6
        local.get 5
        local.set 0
        local.get 6
        br_if 0 (;@2;)
      end
    end
    block ;; label = @1
      local.get 5
      i32.wrap_i64
      local.tee 6
      i32.const 99
      i32.le_u
      br_if 0 (;@1;)
      local.get 3
      i32.const 9
      i32.add
      local.get 4
      i32.const -2
      i32.add
      local.tee 4
      i32.add
      local.get 5
      i32.wrap_i64
      local.tee 6
      local.get 6
      i32.const 65535
      i32.and
      i32.const 100
      i32.div_u
      local.tee 6
      i32.const 100
      i32.mul
      i32.sub
      i32.const 65535
      i32.and
      i32.const 1
      i32.shl
      i32.const 1054470
      i32.add
      i32.load16_u align=1
      i32.store16 align=1
    end
    block ;; label = @1
      block ;; label = @2
        local.get 6
        i32.const 10
        i32.lt_u
        br_if 0 (;@2;)
        local.get 3
        i32.const 9
        i32.add
        local.get 4
        i32.const -2
        i32.add
        local.tee 4
        i32.add
        local.get 6
        i32.const 1
        i32.shl
        i32.const 1054470
        i32.add
        i32.load16_u align=1
        i32.store16 align=1
        br 1 (;@1;)
      end
      local.get 3
      i32.const 9
      i32.add
      local.get 4
      i32.const -1
      i32.add
      local.tee 4
      i32.add
      local.get 6
      i32.const 48
      i32.or
      i32.store8
    end
    local.get 2
    local.get 1
    i32.const 1
    i32.const 0
    local.get 3
    i32.const 9
    i32.add
    local.get 4
    i32.add
    i32.const 39
    local.get 4
    i32.sub
    call $_ZN4core3fmt9Formatter12pad_integral17h06c5e6c32e3daed0E
    local.set 4
    local.get 3
    i32.const 48
    i32.add
    global.set $__stack_pointer
    local.get 4
  )
  (func $_ZN4core3fmt3num53_$LT$impl$u20$core..fmt..UpperHex$u20$for$u20$i32$GT$3fmt17h9cef76ce7c21a880E (;171;) (type 2) (param i32 i32) (result i32)
    (local i32 i32 i32)
    global.get $__stack_pointer
    i32.const 128
    i32.sub
    local.tee 2
    global.set $__stack_pointer
    local.get 0
    i32.load
    local.set 0
    i32.const 0
    local.set 3
    loop ;; label = @1
      local.get 2
      local.get 3
      i32.add
      i32.const 127
      i32.add
      local.get 0
      i32.const 15
      i32.and
      local.tee 4
      i32.const 48
      i32.or
      local.get 4
      i32.const 55
      i32.add
      local.get 4
      i32.const 10
      i32.lt_u
      select
      i32.store8
      local.get 3
      i32.const -1
      i32.add
      local.set 3
      local.get 0
      i32.const 16
      i32.lt_u
      local.set 4
      local.get 0
      i32.const 4
      i32.shr_u
      local.set 0
      local.get 4
      i32.eqz
      br_if 0 (;@1;)
    end
    block ;; label = @1
      local.get 3
      i32.const 128
      i32.add
      local.tee 0
      i32.const 129
      i32.lt_u
      br_if 0 (;@1;)
      local.get 0
      i32.const 128
      i32.const 1054452
      call $_ZN4core5slice5index26slice_start_index_len_fail17hf532ad17fbd34cfbE
      unreachable
    end
    local.get 1
    i32.const 1
    i32.const 1054468
    i32.const 2
    local.get 2
    local.get 3
    i32.add
    i32.const 128
    i32.add
    i32.const 0
    local.get 3
    i32.sub
    call $_ZN4core3fmt9Formatter12pad_integral17h06c5e6c32e3daed0E
    local.set 0
    local.get 2
    i32.const 128
    i32.add
    global.set $__stack_pointer
    local.get 0
  )
  (func $_ZN4core3fmt3num3imp52_$LT$impl$u20$core..fmt..Display$u20$for$u20$i32$GT$3fmt17ha95e7447e67b0c23E (;172;) (type 2) (param i32 i32) (result i32)
    (local i32)
    local.get 0
    i32.load
    local.tee 0
    local.get 0
    i32.const 31
    i32.shr_s
    local.tee 2
    i32.xor
    local.get 2
    i32.sub
    i64.extend_i32_u
    local.get 0
    i32.const -1
    i32.xor
    i32.const 31
    i32.shr_u
    local.get 1
    call $_ZN4core3fmt3num3imp7fmt_u6417h5ff854e4b74b924eE
  )
  (func $_ZN4core3fmt3num3imp52_$LT$impl$u20$core..fmt..Display$u20$for$u20$i64$GT$3fmt17h6acb5dc6e160362dE (;173;) (type 2) (param i32 i32) (result i32)
    (local i64 i64)
    local.get 0
    i64.load
    local.tee 2
    local.get 2
    i64.const 63
    i64.shr_s
    local.tee 3
    i64.xor
    local.get 3
    i64.sub
    local.get 2
    i64.const -1
    i64.gt_s
    local.get 1
    call $_ZN4core3fmt3num3imp7fmt_u6417h5ff854e4b74b924eE
  )
  (func $polars_demo.command_export (;174;) (type 6) (param i64)
    local.get 0
    call $polars_demo
    call $__wasm_call_dtors
  )
  (data $.rodata (;0;) (i32.const 1048576) "Hello, Polars: !\0a\00\00\00\00\00\10\00\0f\00\00\00\0f\00\10\00\02\00\00\00\00\00\00\00\04\00\00\00\04\00\00\00\0d\00\00\00reentrant init\00\004\00\10\00\0e\00\00\00/rustc/e9e6e2e444c30c23a9c878a88fbc3978c2acad95/library/core/src/cell/once.rs\00\00\00L\00\10\00M\00\00\00$\01\00\00B\00\00\00\00\00\00\00\00\00\00\00\04\00\00\00\04\00\00\00\0e\00\00\00internal error: entered unreachable code/rustc/e9e6e2e444c30c23a9c878a88fbc3978c2acad95/library/alloc/src/vec/mod.rs\e8\00\10\00L\00\00\00\95\08\00\00$\00\00\00\00\00\00\00\04\00\00\00\04\00\00\00\0f\00\00\00\00\00\00\00\04\00\00\00\04\00\00\00\10\00\00\00Utf8Errorvalid_up_toerror_lenNoneSome\00\00\00\11\00\00\00\0c\00\00\00\04\00\00\00\12\00\00\00\13\00\00\00\14\00\00\00\15\00\00\00\0c\00\00\00\04\00\00\00\16\00\00\00\17\00\00\00\18\00\00\00\11\00\00\00\0c\00\00\00\04\00\00\00\19\00\00\00\1a\00\00\00\1b\00\00\00\11\00\00\00\0c\00\00\00\04\00\00\00\1c\00\00\00\1d\00\00\00\1e\00\00\00library/std/src/thread/mod.rsfailed to generate unique thread ID: bitspace exhausted\09\02\10\007\00\00\00\ec\01\10\00\1d\00\00\00\be\04\00\00\0d\00\00\00main\00RUST_BACKTRACEcalled `Result::unwrap()` on an `Err` valuefailed to write the buffered data\00\96\02\10\00!\00\00\00\17\00\00\00\01\00\00\00\00\00\00\00library/std/src/io/buffered/linewritershim.rsmid > len\00\00\f9\02\10\00\09\00\00\00\cc\02\10\00-\00\00\00\0a\01\00\00)\00\00\00entity not foundpermission deniedconnection refusedconnection resethost unreachablenetwork unreachableconnection abortednot connectedaddress in useaddress not availablenetwork downbroken pipeentity already existsoperation would blocknot a directoryis a directorydirectory not emptyread-only filesystem or storage mediumfilesystem loop or indirection limit (e.g. symlink loop)stale network file handleinvalid input parameterinvalid datatimed outwrite zerono storage spaceseek on unseekable filefilesystem quota exceededfile too largeresource busyexecutable file busydeadlockcross-device link or renametoo many linksinvalid filenameargument list too longoperation interruptedunsupportedunexpected end of fileout of memoryother erroruncategorized error (os error )\00\00\00\01\00\00\00\00\00\00\00\09\06\10\00\0b\00\00\00\14\06\10\00\01\00\00\00library/std/src/io/stdio.rs\000\06\10\00\1b\00\00\00-\03\00\00\14\00\00\00failed printing to : \00\00\00\5c\06\10\00\13\00\00\00o\06\10\00\02\00\00\000\06\10\00\1b\00\00\00^\04\00\00\09\00\00\00stdoutlibrary/std/src/io/mod.rsfailed to write whole buffer\00\b3\06\10\00\1c\00\00\00\17\00\00\00\00\00\00\00\02\00\00\00\d0\06\10\00\9a\06\10\00\19\00\00\00\a9\06\00\00$\00\00\00a formatting trait implementation returned an error when the underlying stream did not\00\00\f8\06\10\00V\00\00\00\9a\06\10\00\19\00\00\004\07\00\00\15\00\00\00panicked at :\0alibrary/std/src/panic.rs\00\00v\07\10\00\18\00\00\00\c5\01\00\00\12\00\00\00fullcannot recursively acquire mutex\a4\07\10\00 \00\00\00library/std/src/sys/sync/mutex/no_threads.rs\cc\07\10\00,\00\00\00\14\00\00\00\09\00\00\00library/std/src/sync/once.rs\08\08\10\00\1c\00\00\00\d9\00\00\00\14\00\00\00\08\08\10\00\1c\00\00\00\d9\00\00\001\00\00\00lock count overflow in reentrant mutexlibrary/std/src/sync/reentrant_lock.rsj\08\10\00&\00\00\00\bf\00\00\00-\00\00\00file name contained an unexpected NUL byte\00\00\a0\08\10\00*\00\00\00\14\00\00\00\02\00\00\00\cc\08\10\00stack backtrace:\0anote: Some details are omitted, run with `RUST_BACKTRACE=full` for a verbose backtrace.\0amemory allocation of  bytes failed\0aI\09\10\00\15\00\00\00^\09\10\00\0e\00\00\00 bytes failed\00\00\00I\09\10\00\15\00\00\00|\09\10\00\0d\00\00\00library/std/src/alloc.rs\9c\09\10\00\18\00\00\00d\01\00\00\09\00\00\00<unnamed>thread '' panicked at \0a\cd\09\10\00\08\00\00\00\d5\09\10\00\0e\00\00\00t\07\10\00\02\00\00\00\e3\09\10\00\01\00\00\00note: run with `RUST_BACKTRACE=1` environment variable to display a backtrace\0a\00\00\04\0a\10\00N\00\00\00\15\00\00\00\0c\00\00\00\04\00\00\00\1f\00\00\00\00\00\00\00\08\00\00\00\04\00\00\00 \00\00\00\00\00\00\00\08\00\00\00\04\00\00\00!\00\00\00\22\00\00\00#\00\00\00$\00\00\00%\00\00\00\10\00\00\00\04\00\00\00&\00\00\00'\00\00\00(\00\00\00)\00\00\00Box<dyn Any>aborting due to panic at \00\00\00\c0\0a\10\00\19\00\00\00t\07\10\00\02\00\00\00\e3\09\10\00\01\00\00\00\0athread panicked while processing panic. aborting.\0a\00h\07\10\00\0c\00\00\00t\07\10\00\02\00\00\00\f4\0a\10\003\00\00\00thread caused non-unwinding panic. aborting.\0a\00\00\00@\0b\10\00-\00\00\00fatal runtime error: failed to initiate panic, error \00\00\00x\0b\10\005\00\00\00\e3\09\10\00\01\00\00\00\00\00\00\00\08\00\00\00\04\00\00\00*\00\00\00library/std/src/sys/pal/wasi/os.rs\00\00\d0\0b\10\00\22\00\00\00C\00\00\006\00\00\00strerror_r failure\00\00\04\0c\10\00\12\00\00\00\d0\0b\10\00\22\00\00\00A\00\00\00\0d\00\00\00one-time initialization may not be performed recursively0\0c\10\008\00\00\00fatal runtime error: rwlock locked for writing\0a\00p\0c\10\00/\00\00\00\10\00\00\00\11\00\00\00\12\00\00\00\10\00\00\00\10\00\00\00\13\00\00\00\12\00\00\00\0d\00\00\00\0e\00\00\00\15\00\00\00\0c\00\00\00\0b\00\00\00\15\00\00\00\15\00\00\00\0f\00\00\00\0e\00\00\00\13\00\00\00&\00\00\008\00\00\00\19\00\00\00\17\00\00\00\0c\00\00\00\09\00\00\00\0a\00\00\00\10\00\00\00\17\00\00\00\19\00\00\00\0e\00\00\00\0d\00\00\00\14\00\00\00\08\00\00\00\1b\00\00\00\0e\00\00\00\10\00\00\00\16\00\00\00\15\00\00\00\0b\00\00\00\16\00\00\00\0d\00\00\00\0b\00\00\00\13\00\00\00\1c\03\10\00,\03\10\00=\03\10\00O\03\10\00_\03\10\00o\03\10\00\82\03\10\00\94\03\10\00\a1\03\10\00\af\03\10\00\c4\03\10\00\d0\03\10\00\db\03\10\00\f0\03\10\00\05\04\10\00\14\04\10\00\22\04\10\005\04\10\00[\04\10\00\93\04\10\00\ac\04\10\00\c3\04\10\00\cf\04\10\00\d8\04\10\00\e2\04\10\00\f2\04\10\00\09\05\10\00\22\05\10\000\05\10\00=\05\10\00Q\05\10\00Y\05\10\00t\05\10\00\82\05\10\00\92\05\10\00\a8\05\10\00\bd\05\10\00\c8\05\10\00\de\05\10\00\eb\05\10\00\f6\05\10\00/\00Success\00Illegal byte sequence\00Domain error\00Result not representable\00Not a tty\00Permission denied\00Operation not permitted\00No such file or directory\00No such process\00File exists\00Value too large for data type\00No space left on device\00Out of memory\00Resource busy\00Interrupted system call\00Resource temporarily unavailable\00Invalid seek\00Cross-device link\00Read-only file system\00Directory not empty\00Connection reset by peer\00Operation timed out\00Connection refused\00Host is unreachable\00Address in use\00Broken pipe\00I/O error\00No such device or address\00No such device\00Not a directory\00Is a directory\00Text file busy\00Exec format error\00Invalid argument\00Argument list too long\00Symbolic link loop\00Filename too long\00Too many open files in system\00No file descriptors available\00Bad file descriptor\00No child process\00Bad address\00File too large\00Too many links\00No locks available\00Resource deadlock would occur\00State not recoverable\00Previous owner died\00Operation canceled\00Function not implemented\00No message of desired type\00Identifier removed\00Link has been severed\00Protocol error\00Bad message\00Not a socket\00Destination address required\00Message too large\00Protocol wrong type for socket\00Protocol not available\00Protocol not supported\00Not supported\00Address family not supported by protocol\00Address not available\00Network is down\00Network unreachable\00Connection reset by network\00Connection aborted\00No buffer space available\00Socket is connected\00Socket not connected\00Operation already in progress\00Operation in progress\00Stale file handle\00Quota exceeded\00Multihop attempted\00Capabilities insufficient\00\00\00\00\00\00\00\00\00\00\00\00\00\00\00\00\00u\02N\00\d6\01\e2\04\b9\04\18\01\8e\05\ed\02\16\04\f2\00\97\03\01\038\05\af\01\82\01O\03/\04\1e\00\d4\05\a2\00\12\03\1e\03\c2\01\de\03\08\00\ac\05\00\01d\02\f1\01e\054\02\8c\02\cf\02-\03L\04\e3\05\9f\02\f8\04\1c\05\08\05\b1\02K\05\15\02x\00R\02<\03\f1\03\e4\00\c3\03}\04\cc\00\aa\03y\05$\02n\01m\03\22\04\ab\04D\00\fb\01\ae\00\83\03`\00\e5\01\07\04\94\04^\04+\00X\019\01\92\00\c2\05\9b\01C\02F\01\f6\05LayoutErrorcapacity overflow\00\00\b5\14\10\00\11\00\00\00library/alloc/src/raw_vec.rs\d0\14\10\00\1c\00\00\00\19\00\00\00\05\00\00\00library/alloc/src/ffi/c_str.rs\00\00\fc\14\10\00\1e\00\00\00\1e\01\00\007\00\00\00\00\00\00\00\00\00\00\00\01\00\00\00+\00\00\00called `Result::unwrap()` on an `Err` valuelibrary/alloc/src/sync.rsg\15\10\00\19\00\00\00s\01\00\002\00\00\00)BorrowMutErroralready borrowed: \00\00\00\9f\15\10\00\12\00\00\00\01\00\00\00\00\00\00\00:called `Option::unwrap()` on a `None` value\01\00\00\00\00\00\00\00\c4\15\10\00\01\00\00\00\c4\15\10\00\01\00\00\00==!=matchesassertion `left  right` failed\0a  left: \0a right: \00\13\16\10\00\10\00\00\00#\16\10\00\17\00\00\00:\16\10\00\09\00\00\00 right` failed: \0a  left: \00\00\00\13\16\10\00\10\00\00\00\5c\16\10\00\10\00\00\00l\16\10\00\09\00\00\00:\16\10\00\09\00\00\00: \00\00\01\00\00\00\00\00\00\00\98\16\10\00\02\00\00\00\00\00\00\00\0c\00\00\00\04\00\00\000\00\00\001\00\00\002\00\00\00     { ,  {\0a,\0a} }((\0a,library/core/src/fmt/num.rs\d9\16\10\00\1b\00\00\00i\00\00\00\17\00\00\000x00010203040506070809101112131415161718192021222324252627282930313233343536373839404142434445464748495051525354555657585960616263646566676869707172737475767778798081828384858687888990919293949596979899falsetruelibrary/core/src/slice/memchr.rs\00\d7\17\10\00 \00\00\00\83\00\00\00\1e\00\00\00\d7\17\10\00 \00\00\00\9f\00\00\00\09\00\00\00range start index  out of range for slice of length \18\18\10\00\12\00\00\00*\18\10\00\22\00\00\00range end index \5c\18\10\00\10\00\00\00*\18\10\00\22\00\00\00\01\01\01\01\01\01\01\01\01\01\01\01\01\01\01\01\01\01\01\01\01\01\01\01\01\01\01\01\01\01\01\01\01\01\01\01\01\01\01\01\01\01\01\01\01\01\01\01\01\01\01\01\01\01\01\01\01\01\01\01\01\01\01\01\01\01\01\01\01\01\01\01\01\01\01\01\01\01\01\01\01\01\01\01\01\01\01\01\01\01\01\01\01\01\01\01\01\01\01\01\01\01\01\01\01\01\01\01\01\01\01\01\01\01\01\01\01\01\01\01\01\01\01\01\01\01\01\01\00\00\00\00\00\00\00\00\00\00\00\00\00\00\00\00\00\00\00\00\00\00\00\00\00\00\00\00\00\00\00\00\00\00\00\00\00\00\00\00\00\00\00\00\00\00\00\00\00\00\00\00\00\00\00\00\00\00\00\00\00\00\00\00\00\00\02\02\02\02\02\02\02\02\02\02\02\02\02\02\02\02\02\02\02\02\02\02\02\02\02\02\02\02\02\02\03\03\03\03\03\03\03\03\03\03\03\03\03\03\03\03\04\04\04\04\04\00\00\00\00\00\00\00\00\00\00\00")
  (data $.data (;1;) (i32.const 1055100) "\01\00\00\00\ff\ff\ff\ff\f0\0d\10\00")
  (@producers
    (language "Rust" "")
    (processed-by "rustc" "1.81.0-nightly (e9e6e2e44 2024-06-28)")
    (processed-by "clang" "18.1.2 (https://github.com/llvm/llvm-project 26a1d6601d727a96f4301d0d8647b5a42760ae0c)")
  )
  (@custom "target_features" (after data) "\03+\0bbulk-memory+\0fmutable-globals+\08sign-ext")
)
